battlemenu-suppress want=0 patched=4/4 (ab=0 ae=0)
battlemenu-suppress want=0 patched=4/4 (ab=0 ae=0)
battlemenu-suppress want=1 patched=4/4 (ab=1 ae=0)
autobattle ENABLED hwnd=006405C8 old=FFFF0455 pid=7408
autobattle tick cnt=1 smto=1 res=0 battling=1 ctype=0 ptype=0
autobattle CHAR t=187955312 turn=0 cliT=0 myNo=0 afl=38000 cb=0 pb=0 subP=3 procN=10 actInf=0 menuF=0 tgtSel=0 resW=0 self=hp253/st0 pet=hp342/st0 validEnemy=3 fallback=17 delay=0 cmd=H|11 heal[en=1 tf=3 c=95 p=95 a=95 mag=3 selfP=96/mx263 petP=99/mx345] | enemies=10:st0/hp0/mx0/df0/fn0/lv0/v0 11:st0/hp0/mx0/df0/fn0/lv0/v0 12:st0/hp0/mx0/df0/fn0/lv0/v0 13:st0/hp0/mx0/df0/fn0/lv0/v0 14:st0/hp0/mx0/df0/fn0/lv0/v0 15:st0/hp51/mx51/df0/fn4909D0/lv4/v1 16:st0/hp42/mx42/df0/fn4909D0/lv3/v1 17:st0/hp44/mx44/df0/fn4909D0/lv3/v1 18:st0/hp0/mx0/df0/fn0/lv0/v0 19:st0/hp0/mx0/df0/fn0/lv0/v0 
autobattle PET turn=0 myNo=0 row=0 si=0 seed=-2 target=17 validEnemy=3 minLv=3 pcEnable=0 cmd=W|0|11
autobattle CHAR t=187956046 turn=1 cliT=1 myNo=0 afl=0 cb=0 pb=0 subP=6 procN=10 actInf=0 menuF=0 tgtSel=0 resW=0 self=hp253/st0 pet=hp342/st0 validEnemy=1 fallback=15 delay=0 cmd=H|F heal[en=1 tf=3 c=95 p=95 a=95 mag=3 selfP=96/mx263 petP=99/mx345] | enemies=10:st0/hp0/mx0/df0/fn0/lv0/v0 11:st0/hp0/mx0/df0/fn0/lv0/v0 12:st0/hp0/mx0/df0/fn0/lv0/v0 13:st0/hp0/mx0/df0/fn0/lv0/v0 14:st0/hp0/mx0/df0/fn0/lv0/v0 15:st0/hp51/mx51/df0/fn4909D0/lv4/v1 16:st0/hp0/mx42/df0/fn4909D0/lv3/v0 17:st0/hp0/mx44/df0/fn0/lv3/v0 18:st0/hp0/mx0/df0/fn0/lv0/v0 19:st0/hp0/mx0/df0/fn0/lv0/v0 
autobattle tick cnt=17 smto=1 res=0 battling=1 ctype=0 ptype=0
autobattle tick cnt=28 smto=1 res=0 battling=1 ctype=0 ptype=0
autobattle CHAR t=187957484 turn=0 cliT=0 myNo=0 afl=18000 cb=0 pb=0 subP=3 procN=10 actInf=0 menuF=0 tgtSel=0 resW=0 self=hp252/st0 pet=hp342/st0 validEnemy=2 fallback=15 delay=0 cmd=H|F heal[en=1 tf=3 c=95 p=95 a=95 mag=3 selfP=95/mx263 petP=99/mx345] | enemies=10:st0/hp0/mx0/df0/fn0/lv0/v0 11:st0/hp0/mx0/df0/fn0/lv0/v0 12:st0/hp0/mx0/df0/fn0/lv0/v0 13:st0/hp0/mx0/df0/fn0/lv0/v0 14:st0/hp0/mx0/df0/fn0/lv0/v0 15:st0/hp34/mx34/df0/fn4909D0/lv3/v1 16:st0/hp31/mx31/df0/fn4909D0/lv3/v1 17:st0/hp0/mx0/df0/fn0/lv0/v0 18:st0/hp0/mx0/df0/fn0/lv0/v0 19:st0/hp0/mx0/df0/fn0/lv0/v0 
autobattle PET turn=0 myNo=0 row=0 si=0 seed=-2 target=15 validEnemy=2 minLv=3 pcEnable=0 cmd=W|0|F
autobattle CHAR t=187958406 turn=1 cliT=1 myNo=0 afl=10000 cb=0 pb=0 subP=5 procN=10 actInf=0 menuF=0 tgtSel=0 resW=0 self=hp252/st0 pet=hp342/st0 validEnemy=1 fallback=16 delay=0 cmd=H|10 heal[en=1 tf=3 c=95 p=95 a=95 mag=3 selfP=95/mx263 petP=99/mx345] | enemies=10:st0/hp0/mx0/df0/fn0/lv0/v0 11:st0/hp0/mx0/df0/fn0/lv0/v0 12:st0/hp0/mx0/df0/fn0/lv0/v0 13:st0/hp0/mx0/df0/fn0/lv0/v0 14:st0/hp0/mx0/df0/fn0/lv0/v0 15:st0/hp0/mx34/df0/fn0/lv3/v0 16:st0/hp31/mx31/df0/fn4909D0/lv3/v1 17:st0/hp0/mx0/df0/fn0/lv0/v0 18:st0/hp0/mx0/df0/fn0/lv0/v0 19:st0/hp0/mx0/df0/fn0/lv0/v0 
autobattle PET turn=1 myNo=0 row=0 si=0 seed=-2 target=16 validEnemy=1 minLv=3 pcEnable=0 cmd=W|0|10
autobattle tick cnt=45 smto=1 res=0 battling=1 ctype=0 ptype=0
autobattle tick cnt=55 smto=1 res=0 battling=1 ctype=0 ptype=0
autobattle CHAR t=187959937 turn=0 cliT=0 myNo=0 afl=8000 cb=0 pb=0 subP=3 procN=10 actInf=0 menuF=0 tgtSel=0 resW=0 self=hp252/st0 pet=hp342/st0 validEnemy=1 fallback=15 delay=0 cmd=H|F heal[en=1 tf=3 c=95 p=95 a=95 mag=3 selfP=95/mx263 petP=99/mx345] | enemies=10:st0/hp0/mx0/df0/fn0/lv0/v0 11:st0/hp0/mx0/df0/fn0/lv0/v0 12:st0/hp0/mx0/df0/fn0/lv0/v0 13:st0/hp0/mx0/df0/fn0/lv0/v0 14:st0/hp0/mx0/df0/fn0/lv0/v0 15:st0/hp27/mx27/df0/fn4909D0/lv2/v1 16:st0/hp0/mx0/df0/fn0/lv0/v0 17:st0/hp0/mx0/df0/fn0/lv0/v0 18:st0/hp0/mx0/df0/fn0/lv0/v0 19:st0/hp0/mx0/df0/fn0/lv0/v0 
autobattle PET turn=0 myNo=0 row=0 si=0 seed=-2 target=15 validEnemy=1 minLv=2 pcEnable=0 cmd=W|0|F
autobattle tick cnt=69 smto=1 res=0 battling=1 ctype=0 ptype=0
autobattle CHAR t=187961234 turn=0 cliT=0 myNo=0 afl=18000 cb=0 pb=0 subP=3 procN=10 actInf=0 menuF=0 tgtSel=0 resW=0 self=hp252/st0 pet=hp342/st0 validEnemy=2 fallback=15 delay=0 cmd=H|F heal[en=1 tf=3 c=95 p=95 a=95 mag=3 selfP=95/mx263 petP=99/mx345] | enemies=10:st0/hp0/mx0/df0/fn0/lv0/v0 11:st0/hp0/mx0/df0/fn0/lv0/v0 12:st0/hp0/mx0/df0/fn0/lv0/v0 13:st0/hp0/mx0/df0/fn0/lv0/v0 14:st0/hp0/mx0/df0/fn0/lv0/v0 15:st0/hp32/mx32/df0/fn4909D0/lv3/v1 16:st0/hp38/mx38/df0/fn4909D0/lv3/v1 17:st0/hp0/mx0/df0/fn0/lv0/v0 18:st0/hp0/mx0/df0/fn0/lv0/v0 19:st0/hp0/mx0/df0/fn0/lv0/v0 
autobattle PET turn=0 myNo=0 row=0 si=0 seed=-2 target=15 validEnemy=2 minLv=3 pcEnable=0 cmd=W|0|F
autobattle tick cnt=86 smto=1 res=0 battling=1 ctype=0 ptype=0
battlemenu-suppress want=0 patched=4/4 (ab=0 ae=0)
battlemenu-suppress want=1 patched=4/4 (ab=1 ae=0)
autobattle tick cnt=91 smto=1 res=0 battling=1 ctype=0 ptype=0
autobattle tick cnt=107 smto=1 res=0 battling=1 ctype=0 ptype=0
battlemenu-suppress want=0 patched=4/4 (ab=0 ae=0)
battlemenu-suppress want=1 patched=4/4 (ab=1 ae=0)
autobattle CHAR t=188146500 turn=0 cliT=0 myNo=0 afl=F8000 cb=0 pb=0 subP=5 procN=10 actInf=0 menuF=1 tgtSel=1 resW=0 self=hp249/st0 pet=hp340/st0 validEnemy=5 fallback=19 delay=0 cmd=J|0|14 heal[en=1 tf=3 c=95 p=95 a=95 mag=3 selfP=94/mx263 petP=98/mx345] | enemies=10:st0/hp0/mx0/df0/fn0/lv0/v0 11:st0/hp0/mx0/df0/fn0/lv0/v0 12:st0/hp0/mx0/df0/fn0/lv0/v0 13:st0/hp0/mx0/df0/fn0/lv0/v0 14:st0/hp0/mx0/df0/fn0/lv0/v0 15:st0/hp25/mx25/df0/fn4909D0/lv2/v1 16:st0/hp25/mx25/df0/fn4909D0/lv2/v1 17:st0/hp29/mx29/df0/fn4909D0/lv3/v1 18:st0/hp24/mx24/df0/fn4909D0/lv2/v1 19:st0/hp25/mx25/df0/fn4909D0/lv2/v1 
autobattle tick cnt=115 smto=1 res=0 battling=1 ctype=0 ptype=0
autobattle PET turn=0 myNo=0 row=0 si=0 seed=-2 target=19 validEnemy=5 minLv=2 pcEnable=0 cmd=W|0|13
autobattle tick cnt=131 smto=1 res=0 battling=1 ctype=0 ptype=0
autobattle CHAR t=188148468 turn=1 cliT=1 myNo=0 afl=68000 cb=0 pb=0 subP=5 procN=10 actInf=0 menuF=1 tgtSel=1 resW=0 self=hp262/st0 pet=hp345/st0 validEnemy=3 fallback=17 delay=0 cmd=H|11 heal[en=1 tf=3 c=95 p=95 a=95 mag=3 selfP=99/mx263 petP=100/mx345] | enemies=10:st0/hp0/mx0/df0/fn0/lv0/v0 11:st0/hp0/mx0/df0/fn0/lv0/v0 12:st0/hp0/mx0/df0/fn0/lv0/v0 13:st0/hp0/mx0/df0/fn0/lv0/v0 14:st0/hp0/mx0/df0/fn0/lv0/v0 15:st0/hp25/mx25/df0/fn4909D0/lv2/v1 16:st0/hp0/mx25/df0/fn0/lv2/v0 17:st0/hp29/mx29/df0/fn4909D0/lv3/v1 18:st0/hp24/mx24/df0/fn4909D0/lv2/v1 19:st0/hp0/mx25/df0/fn0/lv2/v0 
autobattle PET turn=1 myNo=0 row=0 si=0 seed=-2 target=17 validEnemy=3 minLv=2 pcEnable=0 cmd=W|0|11
autobattle tick cnt=148 smto=1 res=0 battling=1 ctype=0 ptype=0
autobattle CHAR t=188149515 turn=2 cliT=2 myNo=0 afl=48000 cb=0 pb=0 subP=5 procN=10 actInf=0 menuF=1 tgtSel=1 resW=0 self=hp262/st0 pet=hp344/st0 validEnemy=2 fallback=15 delay=0 cmd=H|F heal[en=1 tf=3 c=95 p=95 a=95 mag=3 selfP=99/mx263 petP=99/mx345] | enemies=10:st0/hp0/mx0/df0/fn0/lv0/v0 11:st0/hp0/mx0/df0/fn0/lv0/v0 12:st0/hp0/mx0/df0/fn0/lv0/v0 13:st0/hp0/mx0/df0/fn0/lv0/v0 14:st0/hp0/mx0/df0/fn0/lv0/v0 15:st0/hp25/mx25/df0/fn4909D0/lv2/v1 16:st0/hp0/mx25/df0/fn0/lv2/v0 17:st0/hp0/mx29/df0/fn0/lv3/v0 18:st0/hp24/mx24/df0/fn4909D0/lv2/v1 19:st0/hp0/mx25/df0/fn0/lv2/v0 
autobattle PET turn=2 myNo=0 row=0 si=0 seed=-2 target=15 validEnemy=2 minLv=2 pcEnable=0 cmd=W|0|F
autobattle tick cnt=165 smto=1 res=0 battling=1 ctype=0 ptype=0
autobattle CHAR t=188150375 turn=3 cliT=3 myNo=0 afl=40000 cb=0 pb=0 subP=5 procN=10 actInf=0 menuF=1 tgtSel=1 resW=0 self=hp262/st0 pet=hp343/st0 validEnemy=1 fallback=18 delay=0 cmd=H|12 heal[en=1 tf=3 c=95 p=95 a=95 mag=3 selfP=99/mx263 petP=99/mx345] | enemies=10:st0/hp0/mx0/df0/fn0/lv0/v0 11:st0/hp0/mx0/df0/fn0/lv0/v0 12:st0/hp0/mx0/df0/fn0/lv0/v0 13:st0/hp0/mx0/df0/fn0/lv0/v0 14:st0/hp0/mx0/df0/fn0/lv0/v0 15:st0/hp0/mx25/df0/fn0/lv2/v0 16:st0/hp0/mx25/df0/fn0/lv2/v0 17:st0/hp0/mx29/df0/fn0/lv3/v0 18:st0/hp24/mx24/df0/fn4909D0/lv2/v1 19:st0/hp0/mx25/df0/fn0/lv2/v0 
autobattle PET turn=3 myNo=0 row=0 si=0 seed=-2 target=18 validEnemy=1 minLv=2 pcEnable=0 cmd=W|0|12
autobattle tick cnt=182 smto=1 res=0 battling=1 ctype=0 ptype=0
autobattle tick cnt=190 smto=1 res=0 battling=1 ctype=0 ptype=0
autobattle CHAR t=188151734 turn=0 cliT=0 myNo=0 afl=8000 cb=0 pb=0 subP=3 procN=10 actInf=0 menuF=0 tgtSel=1 resW=0 self=hp262/st0 pet=hp343/st0 validEnemy=1 fallback=15 delay=0 cmd=H|F heal[en=1 tf=3 c=95 p=95 a=95 mag=3 selfP=99/mx263 petP=99/mx345] | enemies=10:st0/hp0/mx0/df0/fn0/lv0/v0 11:st0/hp0/mx0/df0/fn0/lv0/v0 12:st0/hp0/mx0/df0/fn0/lv0/v0 13:st0/hp0/mx0/df0/fn0/lv0/v0 14:st0/hp0/mx0/df0/fn0/lv0/v0 15:st0/hp55/mx55/df0/fn4909D0/lv4/v1 16:st0/hp0/mx0/df0/fn0/lv0/v0 17:st0/hp0/mx0/df0/fn0/lv0/v0 18:st0/hp0/mx0/df0/fn0/lv0/v0 19:st0/hp0/mx0/df0/fn0/lv0/v0 
autobattle PET turn=0 myNo=0 row=0 si=0 seed=-2 target=15 validEnemy=1 minLv=4 pcEnable=0 cmd=W|0|F
autobattle tick cnt=204 smto=1 res=0 battling=1 ctype=0 ptype=0
autobattle CHAR t=188154515 turn=0 cliT=0 myNo=0 afl=F8000 cb=0 pb=0 subP=3 procN=10 actInf=0 menuF=0 tgtSel=1 resW=0 self=hp262/st0 pet=hp343/st0 validEnemy=5 fallback=19 delay=0 cmd=H|13 heal[en=1 tf=3 c=95 p=95 a=95 mag=3 selfP=99/mx263 petP=99/mx345] | enemies=10:st0/hp0/mx0/df0/fn0/lv0/v0 11:st0/hp0/mx0/df0/fn0/lv0/v0 12:st0/hp0/mx0/df0/fn0/lv0/v0 13:st0/hp0/mx0/df0/fn0/lv0/v0 14:st0/hp0/mx0/df0/fn0/lv0/v0 15:st0/hp28/mx28/df0/fn4909D0/lv3/v1 16:st0/hp24/mx24/df0/fn4909D0/lv2/v1 17:st0/hp31/mx31/df0/fn4909D0/lv3/v1 18:st0/hp31/mx31/df0/fn4909D0/lv3/v1 19:st0/hp26/mx26/df0/fn4909D0/lv2/v1 
autobattle PET turn=0 myNo=0 row=0 si=0 seed=-2 target=19 validEnemy=5 minLv=2 pcEnable=0 cmd=W|0|13
autobattle tick cnt=221 smto=1 res=0 battling=1 ctype=0 ptype=0
autobattle CHAR t=188155984 turn=1 cliT=1 myNo=0 afl=78000 cb=0 pb=0 subP=5 procN=10 actInf=0 menuF=0 tgtSel=1 resW=0 self=hp262/st0 pet=hp342/st0 validEnemy=4 fallback=17 delay=0 cmd=H|11 heal[en=1 tf=3 c=95 p=95 a=95 mag=3 selfP=99/mx263 petP=99/mx345] | enemies=10:st0/hp0/mx0/df0/fn0/lv0/v0 11:st0/hp0/mx0/df0/fn0/lv0/v0 12:st0/hp0/mx0/df0/fn0/lv0/v0 13:st0/hp0/mx0/df0/fn0/lv0/v0 14:st0/hp0/mx0/df0/fn0/lv0/v0 15:st0/hp28/mx28/df0/fn4909D0/lv3/v1 16:st0/hp24/mx24/df0/fn4909D0/lv2/v1 17:st0/hp31/mx31/df0/fn4909D0/lv3/v1 18:st0/hp31/mx31/df0/fn4909D0/lv3/v1 19:st0/hp0/mx26/df0/fn0/lv2/v0 
autobattle PET turn=1 myNo=0 row=0 si=0 seed=-2 target=17 validEnemy=4 minLv=2 pcEnable=0 cmd=W|0|11
autobattle tick cnt=238 smto=1 res=0 battling=1 ctype=0 ptype=0
autobattle CHAR t=188157343 turn=2 cliT=2 myNo=0 afl=48000 cb=0 pb=0 subP=5 procN=10 actInf=0 menuF=0 tgtSel=1 resW=0 self=hp262/st0 pet=hp341/st0 validEnemy=2 fallback=15 delay=0 cmd=H|F heal[en=1 tf=3 c=95 p=95 a=95 mag=3 selfP=99/mx263 petP=98/mx345] | enemies=10:st0/hp0/mx0/df0/fn0/lv0/v0 11:st0/hp0/mx0/df0/fn0/lv0/v0 12:st0/hp0/mx0/df0/fn0/lv0/v0 13:st0/hp0/mx0/df0/fn0/lv0/v0 14:st0/hp0/mx0/df0/fn0/lv0/v0 15:st0/hp28/mx28/df0/fn4909D0/lv3/v1 16:st0/hp0/mx24/df0/fn0/lv2/v0 17:st0/hp0/mx31/df0/fn0/lv3/v0 18:st0/hp31/mx31/df0/fn4909D0/lv3/v1 19:st0/hp0/mx26/df0/fn0/lv2/v0 
autobattle PET turn=2 myNo=0 row=0 si=0 seed=-2 target=15 validEnemy=2 minLv=3 pcEnable=0 cmd=W|0|F
autobattle tick cnt=255 smto=1 res=0 battling=1 ctype=0 ptype=0
autobattle CHAR t=188158343 turn=3 cliT=3 myNo=0 afl=40000 cb=0 pb=0 subP=5 procN=10 actInf=0 menuF=0 tgtSel=1 resW=0 self=hp261/st0 pet=hp341/st0 validEnemy=1 fallback=18 delay=0 cmd=H|12 heal[en=1 tf=3 c=95 p=95 a=95 mag=3 selfP=99/mx263 petP=98/mx345] | enemies=10:st0/hp0/mx0/df0/fn0/lv0/v0 11:st0/hp0/mx0/df0/fn0/lv0/v0 12:st0/hp0/mx0/df0/fn0/lv0/v0 13:st0/hp0/mx0/df0/fn0/lv0/v0 14:st0/hp0/mx0/df0/fn0/lv0/v0 15:st0/hp0/mx28/df0/fn0/lv3/v0 16:st0/hp0/mx24/df0/fn0/lv2/v0 17:st0/hp0/mx31/df0/fn0/lv3/v0 18:st0/hp31/mx31/df0/fn4909D0/lv3/v1 19:st0/hp0/mx26/df0/fn0/lv2/v0 
autobattle PET turn=3 myNo=0 row=0 si=0 seed=-2 target=18 validEnemy=1 minLv=3 pcEnable=0 cmd=W|0|12
autobattle tick cnt=271 smto=1 res=0 battling=1 ctype=0 ptype=0
autobattle tick cnt=280 smto=1 res=0 battling=1 ctype=0 ptype=0
autobattle CHAR t=188160187 turn=0 cliT=0 myNo=0 afl=38000 cb=0 pb=0 subP=3 procN=10 actInf=0 menuF=0 tgtSel=1 resW=0 self=hp261/st0 pet=hp341/st0 validEnemy=3 fallback=17 delay=0 cmd=H|11 heal[en=1 tf=3 c=95 p=95 a=95 mag=3 selfP=99/mx263 petP=98/mx345] | enemies=10:st0/hp0/mx0/df0/fn0/lv0/v0 11:st0/hp0/mx0/df0/fn0/lv0/v0 12:st0/hp0/mx0/df0/fn0/lv0/v0 13:st0/hp0/mx0/df0/fn0/lv0/v0 14:st0/hp0/mx0/df0/fn0/lv0/v0 15:st0/hp31/mx31/df0/fn4909D0/lv2/v1 16:st0/hp30/mx30/df0/fn4909D0/lv2/v1 17:st0/hp30/mx30/df0/fn4909D0/lv2/v1 18:st0/hp0/mx0/df0/fn0/lv0/v0 19:st0/hp0/mx0/df0/fn0/lv0/v0 
autobattle PET turn=0 myNo=0 row=0 si=0 seed=-2 target=17 validEnemy=3 minLv=2 pcEnable=0 cmd=W|0|11
autobattle tick cnt=297 smto=1 res=0 battling=1 ctype=0 ptype=0
autobattle CHAR t=188161296 turn=1 cliT=1 myNo=0 afl=18000 cb=0 pb=0 subP=5 procN=10 actInf=0 menuF=0 tgtSel=1 resW=0 self=hp261/st0 pet=hp339/st0 validEnemy=2 fallback=15 delay=0 cmd=H|F heal[en=1 tf=3 c=95 p=95 a=95 mag=3 selfP=99/mx263 petP=98/mx345] | enemies=10:st0/hp0/mx0/df0/fn0/lv0/v0 11:st0/hp0/mx0/df0/fn0/lv0/v0 12:st0/hp0/mx0/df0/fn0/lv0/v0 13:st0/hp0/mx0/df0/fn0/lv0/v0 14:st0/hp0/mx0/df0/fn0/lv0/v0 15:st0/hp31/mx31/df0/fn4909D0/lv2/v1 16:st0/hp30/mx30/df0/fn4909D0/lv2/v1 17:st0/hp0/mx30/df0/fn0/lv2/v0 18:st0/hp0/mx0/df0/fn0/lv0/v0 19:st0/hp0/mx0/df0/fn0/lv0/v0 
autobattle PET turn=1 myNo=0 row=0 si=0 seed=-2 target=15 validEnemy=2 minLv=2 pcEnable=0 cmd=W|0|F
autobattle tick cnt=313 smto=1 res=0 battling=1 ctype=0 ptype=0
autobattle CHAR t=188162234 turn=2 cliT=2 myNo=0 afl=10000 cb=0 pb=0 subP=5 procN=10 actInf=0 menuF=0 tgtSel=1 resW=0 self=hp261/st0 pet=hp339/st0 validEnemy=1 fallback=16 delay=0 cmd=H|10 heal[en=1 tf=3 c=95 p=95 a=95 mag=3 selfP=99/mx263 petP=98/mx345] | enemies=10:st0/hp0/mx0/df0/fn0/lv0/v0 11:st0/hp0/mx0/df0/fn0/lv0/v0 12:st0/hp0/mx0/df0/fn0/lv0/v0 13:st0/hp0/mx0/df0/fn0/lv0/v0 14:st0/hp0/mx0/df0/fn0/lv0/v0 15:st0/hp0/mx31/df0/fn0/lv2/v0 16:st0/hp30/mx30/df0/fn4909D0/lv2/v1 17:st0/hp0/mx30/df0/fn0/lv2/v0 18:st0/hp0/mx0/df0/fn0/lv0/v0 19:st0/hp0/mx0/df0/fn0/lv0/v0 
autobattle PET turn=2 myNo=0 row=0 si=0 seed=-2 target=16 validEnemy=1 minLv=2 pcEnable=0 cmd=W|0|10
autobattle tick cnt=328 smto=1 res=0 battling=1 ctype=0 ptype=0
autobattle CHAR t=188163703 turn=0 cliT=0 myNo=0 afl=F8000 cb=0 pb=0 subP=3 procN=10 actInf=0 menuF=0 tgtSel=1 resW=0 self=hp261/st0 pet=hp339/st0 validEnemy=5 fallback=19 delay=0 cmd=H|13 heal[en=1 tf=3 c=95 p=95 a=95 mag=3 selfP=99/mx263 petP=98/mx345] | enemies=10:st0/hp0/mx0/df0/fn0/lv0/v0 11:st0/hp0/mx0/df0/fn0/lv0/v0 12:st0/hp0/mx0/df0/fn0/lv0/v0 13:st0/hp0/mx0/df0/fn0/lv0/v0 14:st0/hp0/mx0/df0/fn0/lv0/v0 15:st0/hp21/mx21/df0/fn4909D0/lv2/v1 16:st0/hp29/mx29/df0/fn4909D0/lv3/v1 17:st0/hp30/mx30/df0/fn4909D0/lv3/v1 18:st0/hp23/mx23/df0/fn4909D0/lv2/v1 19:st0/hp28/mx28/df0/fn4909D0/lv3/v1 
autobattle PET turn=0 myNo=0 row=0 si=0 seed=-2 target=19 validEnemy=5 minLv=2 pcEnable=0 cmd=W|0|13
autobattle tick cnt=345 smto=1 res=0 battling=1 ctype=0 ptype=0
autobattle CHAR t=188165250 turn=1 cliT=1 myNo=0 afl=58000 cb=0 pb=0 subP=5 procN=10 actInf=0 menuF=0 tgtSel=1 resW=0 self=hp261/st0 pet=hp338/st0 validEnemy=3 fallback=15 delay=0 cmd=H|F heal[en=1 tf=3 c=95 p=95 a=95 mag=3 selfP=99/mx263 petP=97/mx345] | enemies=10:st0/hp0/mx0/df0/fn0/lv0/v0 11:st0/hp0/mx0/df0/fn0/lv0/v0 12:st0/hp0/mx0/df0/fn0/lv0/v0 13:st0/hp0/mx0/df0/fn0/lv0/v0 14:st0/hp0/mx0/df0/fn0/lv0/v0 15:st0/hp21/mx21/df0/fn4909D0/lv2/v1 16:st0/hp29/mx29/df0/fn4909D0/lv3/v1 17:st0/hp0/mx30/df0/fn0/lv3/v0 18:st0/hp23/mx23/df0/fn4909D0/lv2/v1 19:st0/hp0/mx28/df0/fn0/lv3/v0 
autobattle PET turn=1 myNo=0 row=0 si=0 seed=-2 target=15 validEnemy=3 minLv=2 pcEnable=0 cmd=W|0|F
autobattle tick cnt=362 smto=1 res=0 battling=1 ctype=0 ptype=0
autobattle CHAR t=188166468 turn=2 cliT=2 myNo=0 afl=50000 cb=0 pb=0 subP=5 procN=10 actInf=0 menuF=0 tgtSel=1 resW=0 self=hp260/st0 pet=hp338/st0 validEnemy=2 fallback=16 delay=0 cmd=H|10 heal[en=1 tf=3 c=95 p=95 a=95 mag=3 selfP=98/mx263 petP=97/mx345] | enemies=10:st0/hp0/mx0/df0/fn0/lv0/v0 11:st0/hp0/mx0/df0/fn0/lv0/v0 12:st0/hp0/mx0/df0/fn0/lv0/v0 13:st0/hp0/mx0/df0/fn0/lv0/v0 14:st0/hp0/mx0/df0/fn0/lv0/v0 15:st0/hp0/mx21/df0/fn0/lv2/v0 16:st0/hp29/mx29/df0/fn4909D0/lv3/v1 17:st0/hp0/mx30/df0/fn0/lv3/v0 18:st0/hp23/mx23/df0/fn4909D0/lv2/v1 19:st0/hp0/mx28/df0/fn0/lv3/v0 
autobattle PET turn=2 myNo=0 row=0 si=0 seed=-2 target=16 validEnemy=2 minLv=2 pcEnable=0 cmd=W|0|10
autobattle tick cnt=379 smto=1 res=0 battling=1 ctype=0 ptype=0
autobattle CHAR t=188167390 turn=3 cliT=3 myNo=0 afl=40000 cb=0 pb=0 subP=5 procN=10 actInf=0 menuF=0 tgtSel=1 resW=0 self=hp260/st0 pet=hp338/st0 validEnemy=1 fallback=18 delay=0 cmd=H|12 heal[en=1 tf=3 c=95 p=95 a=95 mag=3 selfP=98/mx263 petP=97/mx345] | enemies=10:st0/hp0/mx0/df0/fn0/lv0/v0 11:st0/hp0/mx0/df0/fn0/lv0/v0 12:st0/hp0/mx0/df0/fn0/lv0/v0 13:st0/hp0/mx0/df0/fn0/lv0/v0 14:st0/hp0/mx0/df0/fn0/lv0/v0 15:st0/hp0/mx21/df0/fn0/lv2/v0 16:st0/hp0/mx29/df0/fn0/lv3/v0 17:st0/hp0/mx30/df0/fn0/lv3/v0 18:st0/hp23/mx23/df0/fn4909D0/lv2/v1 19:st0/hp0/mx28/df0/fn0/lv3/v0 
autobattle PET turn=3 myNo=0 row=0 si=0 seed=-2 target=18 validEnemy=1 minLv=2 pcEnable=0 cmd=W|0|12
autobattle tick cnt=395 smto=1 res=0 battling=1 ctype=0 ptype=0
autobattle CHAR t=188168703 turn=0 cliT=0 myNo=0 afl=F8000 cb=0 pb=0 subP=3 procN=10 actInf=0 menuF=0 tgtSel=1 resW=0 self=hp260/st0 pet=hp338/st0 validEnemy=5 fallback=19 delay=0 cmd=H|13 heal[en=1 tf=3 c=95 p=95 a=95 mag=3 selfP=98/mx263 petP=97/mx345] | enemies=10:st0/hp0/mx0/df0/fn0/lv0/v0 11:st0/hp0/mx0/df0/fn0/lv0/v0 12:st0/hp0/mx0/df0/fn0/lv0/v0 13:st0/hp0/mx0/df0/fn0/lv0/v0 14:st0/hp0/mx0/df0/fn0/lv0/v0 15:st0/hp44/mx44/df0/fn4909D0/lv3/v1 16:st0/hp38/mx38/df0/fn4909D0/lv2/v1 17:st0/hp51/mx51/df0/fn4909D0/lv4/v1 18:st0/hp53/mx53/df0/fn4909D0/lv4/v1 19:st0/hp55/mx55/df0/fn4909D0/lv4/v1 
autobattle PET turn=0 myNo=0 row=0 si=0 seed=-2 target=19 validEnemy=5 minLv=2 pcEnable=0 cmd=W|0|13
autobattle tick cnt=406 smto=1 res=0 battling=1 ctype=0 ptype=0
autobattle tick cnt=423 smto=1 res=0 battling=1 ctype=0 ptype=0
autobattle CHAR t=188170125 turn=1 cliT=1 myNo=0 afl=78000 cb=0 pb=0 subP=5 procN=10 actInf=0 menuF=0 tgtSel=1 resW=0 self=hp258/st0 pet=hp338/st0 validEnemy=4 fallback=17 delay=0 cmd=H|11 heal[en=1 tf=3 c=95 p=95 a=95 mag=3 selfP=98/mx263 petP=97/mx345] | enemies=10:st0/hp0/mx0/df0/fn0/lv0/v0 11:st0/hp0/mx0/df0/fn0/lv0/v0 12:st0/hp0/mx0/df0/fn0/lv0/v0 13:st0/hp0/mx0/df0/fn0/lv0/v0 14:st0/hp0/mx0/df0/fn0/lv0/v0 15:st0/hp44/mx44/df0/fn4909D0/lv3/v1 16:st0/hp38/mx38/df0/fn4909D0/lv2/v1 17:st0/hp51/mx51/df0/fn4909D0/lv4/v1 18:st0/hp53/mx53/df0/fn4909D0/lv4/v1 19:st0/hp0/mx55/df0/fn0/lv4/v0 
autobattle PET turn=1 myNo=0 row=0 si=0 seed=-2 target=17 validEnemy=4 minLv=2 pcEnable=0 cmd=W|0|11
autobattle tick cnt=440 smto=1 res=0 battling=1 ctype=0 ptype=0
autobattle CHAR t=188171406 turn=2 cliT=2 myNo=0 afl=50000 cb=0 pb=0 subP=5 procN=10 actInf=0 menuF=0 tgtSel=1 resW=0 self=hp258/st0 pet=hp338/st0 validEnemy=2 fallback=16 delay=0 cmd=H|10 heal[en=1 tf=3 c=95 p=95 a=95 mag=3 selfP=98/mx263 petP=97/mx345] | enemies=10:st0/hp0/mx0/df0/fn0/lv0/v0 11:st0/hp0/mx0/df0/fn0/lv0/v0 12:st0/hp0/mx0/df0/fn0/lv0/v0 13:st0/hp0/mx0/df0/fn0/lv0/v0 14:st0/hp0/mx0/df0/fn0/lv0/v0 15:st0/hp0/mx44/df0/fn0/lv3/v0 16:st0/hp38/mx38/df0/fn4909D0/lv2/v1 17:st0/hp0/mx51/df0/fn0/lv4/v0 18:st0/hp53/mx53/df0/fn4909D0/lv4/v1 19:st0/hp0/mx55/df0/fn0/lv4/v0 
autobattle PET turn=2 myNo=0 row=0 si=0 seed=-2 target=16 validEnemy=2 minLv=2 pcEnable=0 cmd=W|0|10
autobattle tick cnt=457 smto=1 res=0 battling=1 ctype=0 ptype=0
autobattle tick cnt=466 smto=1 res=0 battling=1 ctype=0 ptype=0
autobattle CHAR t=188173625 turn=0 cliT=0 myNo=0 afl=8000 cb=0 pb=0 subP=3 procN=10 actInf=0 menuF=0 tgtSel=1 resW=0 self=hp258/st0 pet=hp338/st0 validEnemy=1 fallback=15 delay=0 cmd=H|F heal[en=1 tf=3 c=95 p=95 a=95 mag=3 selfP=98/mx263 petP=97/mx345] | enemies=10:st0/hp0/mx0/df0/fn0/lv0/v0 11:st0/hp0/mx0/df0/fn0/lv0/v0 12:st0/hp0/mx0/df0/fn0/lv0/v0 13:st0/hp0/mx0/df0/fn0/lv0/v0 14:st0/hp0/mx0/df0/fn0/lv0/v0 15:st0/hp36/mx36/df0/fn4909D0/lv3/v1 16:st0/hp0/mx0/df0/fn0/lv0/v0 17:st0/hp0/mx0/df0/fn0/lv0/v0 18:st0/hp0/mx0/df0/fn0/lv0/v0 19:st0/hp0/mx0/df0/fn0/lv0/v0 
autobattle PET turn=0 myNo=0 row=0 si=0 seed=-2 target=15 validEnemy=1 minLv=3 pcEnable=0 cmd=W|0|F
autobattle tick cnt=481 smto=1 res=0 battling=1 ctype=0 ptype=0
autobattle CHAR t=188174984 turn=0 cliT=0 myNo=0 afl=78000 cb=0 pb=0 subP=3 procN=10 actInf=0 menuF=0 tgtSel=1 resW=0 self=hp258/st0 pet=hp338/st0 validEnemy=4 fallback=17 delay=0 cmd=H|11 heal[en=1 tf=3 c=95 p=95 a=95 mag=3 selfP=98/mx263 petP=97/mx345] | enemies=10:st0/hp0/mx0/df0/fn0/lv0/v0 11:st0/hp0/mx0/df0/fn0/lv0/v0 12:st0/hp0/mx0/df0/fn0/lv0/v0 13:st0/hp0/mx0/df0/fn0/lv0/v0 14:st0/hp0/mx0/df0/fn0/lv0/v0 15:st0/hp29/mx29/df0/fn4909D0/lv2/v1 16:st0/hp36/mx36/df0/fn4909D0/lv3/v1 17:st0/hp30/mx30/df0/fn4909D0/lv2/v1 18:st0/hp35/mx35/df0/fn4909D0/lv3/v1 19:st0/hp0/mx0/df0/fn0/lv0/v0 
autobattle PET turn=0 myNo=0 row=0 si=0 seed=-2 target=17 validEnemy=4 minLv=2 pcEnable=0 cmd=W|0|11
autobattle tick cnt=498 smto=1 res=0 battling=1 ctype=0 ptype=0
autobattle CHAR t=188176140 turn=1 cliT=1 myNo=0 afl=58000 cb=0 pb=0 subP=5 procN=10 actInf=0 menuF=0 tgtSel=1 resW=0 self=hp258/st0 pet=hp336/st0 validEnemy=3 fallback=15 delay=0 cmd=H|F heal[en=1 tf=3 c=95 p=95 a=95 mag=3 selfP=98/mx263 petP=97/mx345] | enemies=10:st0/hp0/mx0/df0/fn0/lv0/v0 11:st0/hp0/mx0/df0/fn0/lv0/v0 12:st0/hp0/mx0/df0/fn0/lv0/v0 13:st0/hp0/mx0/df0/fn0/lv0/v0 14:st0/hp0/mx0/df0/fn0/lv0/v0 15:st0/hp29/mx29/df0/fn4909D0/lv2/v1 16:st0/hp36/mx36/df0/fn4909D0/lv3/v1 17:st0/hp0/mx30/df0/fn0/lv2/v0 18:st0/hp35/mx35/df0/fn4909D0/lv3/v1 19:st0/hp0/mx0/df0/fn0/lv0/v0 
autobattle PET turn=1 myNo=0 row=0 si=0 seed=-2 target=15 validEnemy=3 minLv=2 pcEnable=0 cmd=W|0|F
autobattle tick cnt=515 smto=1 res=0 battling=1 ctype=0 ptype=0
autobattle CHAR t=188177312 turn=2 cliT=2 myNo=0 afl=10000 cb=0 pb=0 subP=5 procN=10 actInf=0 menuF=0 tgtSel=1 resW=0 self=hp258/st0 pet=hp336/st0 validEnemy=1 fallback=16 delay=0 cmd=H|10 heal[en=1 tf=3 c=95 p=95 a=95 mag=3 selfP=98/mx263 petP=97/mx345] | enemies=10:st0/hp0/mx0/df0/fn0/lv0/v0 11:st0/hp0/mx0/df0/fn0/lv0/v0 12:st0/hp0/mx0/df0/fn0/lv0/v0 13:st0/hp0/mx0/df0/fn0/lv0/v0 14:st0/hp0/mx0/df0/fn0/lv0/v0 15:st0/hp0/mx29/df0/fn0/lv2/v0 16:st0/hp36/mx36/df0/fn4909D0/lv3/v1 17:st0/hp0/mx30/df0/fn0/lv2/v0 18:st0/hp0/mx35/df0/fn0/lv3/v0 19:st0/hp0/mx0/df0/fn0/lv0/v0 
autobattle PET turn=2 myNo=0 row=0 si=0 seed=-2 target=16 validEnemy=1 minLv=3 pcEnable=0 cmd=W|0|10
autobattle tick cnt=532 smto=1 res=0 battling=1 ctype=0 ptype=0
autobattle CHAR t=188178421 turn=0 cliT=0 myNo=0 afl=F8000 cb=0 pb=0 subP=3 procN=10 actInf=0 menuF=0 tgtSel=1 resW=0 self=hp258/st0 pet=hp336/st0 validEnemy=5 fallback=19 delay=0 cmd=H|13 heal[en=1 tf=3 c=95 p=95 a=95 mag=3 selfP=98/mx263 petP=97/mx345] | enemies=10:st0/hp0/mx0/df0/fn0/lv0/v0 11:st0/hp0/mx0/df0/fn0/lv0/v0 12:st0/hp0/mx0/df0/fn0/lv0/v0 13:st0/hp0/mx0/df0/fn0/lv0/v0 14:st0/hp0/mx0/df0/fn0/lv0/v0 15:st0/hp45/mx45/df0/fn4909D0/lv3/v1 16:st0/hp51/mx51/df0/fn4909D0/lv4/v1 17:st0/hp51/mx51/df0/fn4909D0/lv4/v1 18:st0/hp50/mx50/df0/fn4909D0/lv4/v1 19:st0/hp52/mx52/df0/fn4909D0/lv4/v1 
autobattle PET turn=0 myNo=0 row=0 si=0 seed=-2 target=19 validEnemy=5 minLv=3 pcEnable=0 cmd=W|0|13
autobattle tick cnt=549 smto=1 res=0 battling=1 ctype=0 ptype=0
autobattle CHAR t=188179906 turn=1 cliT=1 myNo=0 afl=58000 cb=0 pb=0 subP=5 procN=10 actInf=0 menuF=0 tgtSel=1 resW=0 self=hp258/st0 pet=hp336/st0 validEnemy=3 fallback=15 delay=0 cmd=H|F heal[en=1 tf=3 c=95 p=95 a=95 mag=3 selfP=98/mx263 petP=97/mx345] | enemies=10:st0/hp0/mx0/df0/fn0/lv0/v0 11:st0/hp0/mx0/df0/fn0/lv0/v0 12:st0/hp0/mx0/df0/fn0/lv0/v0 13:st0/hp0/mx0/df0/fn0/lv0/v0 14:st0/hp0/mx0/df0/fn0/lv0/v0 15:st0/hp45/mx45/df0/fn4909D0/lv3/v1 16:st0/hp51/mx51/df0/fn4909D0/lv4/v1 17:st0/hp0/mx51/df0/fn0/lv4/v0 18:st0/hp50/mx50/df0/fn4909D0/lv4/v1 19:st0/hp0/mx52/df0/fn0/lv4/v0 
autobattle PET turn=1 myNo=0 row=0 si=0 seed=-2 target=15 validEnemy=3 minLv=3 pcEnable=0 cmd=W|0|F
autobattle tick cnt=565 smto=1 res=0 battling=1 ctype=0 ptype=0
autobattle CHAR t=188181390 turn=2 cliT=2 myNo=0 afl=18000 cb=0 pb=0 subP=5 procN=10 actInf=0 menuF=0 tgtSel=1 resW=0 self=hp258/st0 pet=hp336/st0 validEnemy=1 fallback=16 delay=0 cmd=H|10 heal[en=1 tf=3 c=95 p=95 a=95 mag=3 selfP=98/mx263 petP=97/mx345] | enemies=10:st0/hp0/mx0/df0/fn0/lv0/v0 11:st0/hp0/mx0/df0/fn0/lv0/v0 12:st0/hp0/mx0/df0/fn0/lv0/v0 13:st0/hp0/mx0/df0/fn0/lv0/v0 14:st0/hp0/mx0/df0/fn0/lv0/v0 15:st0/hp0/mx45/df0/fn4909D0/lv3/v0 16:st0/hp51/mx51/df0/fn4909D0/lv4/v1 17:st0/hp0/mx51/df0/fn0/lv4/v0 18:st0/hp0/mx50/df0/fn0/lv4/v0 19:st0/hp0/mx52/df0/fn0/lv4/v0 
autobattle PET turn=2 myNo=0 row=0 si=0 seed=-2 target=16 validEnemy=1 minLv=4 pcEnable=0 cmd=W|0|10
autobattle tick cnt=582 smto=1 res=0 battling=1 ctype=0 ptype=0
autobattle tick cnt=594 smto=1 res=0 battling=1 ctype=0 ptype=0
autobattle CHAR t=188182859 turn=0 cliT=0 myNo=0 afl=78000 cb=0 pb=0 subP=3 procN=10 actInf=0 menuF=0 tgtSel=1 resW=0 self=hp258/st0 pet=hp336/st0 validEnemy=4 fallback=17 delay=0 cmd=H|11 heal[en=1 tf=3 c=95 p=95 a=95 mag=3 selfP=98/mx263 petP=97/mx345] | enemies=10:st0/hp0/mx0/df0/fn0/lv0/v0 11:st0/hp0/mx0/df0/fn0/lv0/v0 12:st0/hp0/mx0/df0/fn0/lv0/v0 13:st0/hp0/mx0/df0/fn0/lv0/v0 14:st0/hp0/mx0/df0/fn0/lv0/v0 15:st0/hp33/mx33/df0/fn4909D0/lv3/v1 16:st0/hp30/mx30/df0/fn4909D0/lv3/v1 17:st0/hp28/mx28/df0/fn4909D0/lv3/v1 18:st0/hp24/mx24/df0/fn4909D0/lv2/v1 19:st0/hp0/mx0/df0/fn0/lv0/v0 
autobattle PET turn=0 myNo=0 row=0 si=0 seed=-2 target=17 validEnemy=4 minLv=2 pcEnable=0 cmd=W|0|11
autobattle tick cnt=611 smto=1 res=0 battling=1 ctype=0 ptype=0
autobattle CHAR t=188184156 turn=1 cliT=1 myNo=0 afl=58000 cb=0 pb=0 subP=5 procN=10 actInf=0 menuF=0 tgtSel=1 resW=0 self=hp258/st0 pet=hp335/st0 validEnemy=3 fallback=15 delay=0 cmd=H|F heal[en=1 tf=3 c=95 p=95 a=95 mag=3 selfP=98/mx263 petP=97/mx345] | enemies=10:st0/hp0/mx0/df0/fn0/lv0/v0 11:st0/hp0/mx0/df0/fn0/lv0/v0 12:st0/hp0/mx0/df0/fn0/lv0/v0 13:st0/hp0/mx0/df0/fn0/lv0/v0 14:st0/hp0/mx0/df0/fn0/lv0/v0 15:st0/hp33/mx33/df0/fn4909D0/lv3/v1 16:st0/hp30/mx30/df0/fn4909D0/lv3/v1 17:st0/hp0/mx28/df0/fn0/lv3/v0 18:st0/hp24/mx24/df0/fn4909D0/lv2/v1 19:st0/hp0/mx0/df0/fn0/lv0/v0 
autobattle PET turn=1 myNo=0 row=0 si=0 seed=-2 target=15 validEnemy=3 minLv=2 pcEnable=0 cmd=W|0|F
autobattle tick cnt=628 smto=1 res=0 battling=1 ctype=0 ptype=0
autobattle CHAR t=188185203 turn=2 cliT=2 myNo=0 afl=50000 cb=0 pb=0 subP=5 procN=10 actInf=0 menuF=0 tgtSel=1 resW=0 self=hp258/st0 pet=hp334/st0 validEnemy=2 fallback=16 delay=0 cmd=H|10 heal[en=1 tf=3 c=95 p=95 a=95 mag=3 selfP=98/mx263 petP=96/mx345] | enemies=10:st0/hp0/mx0/df0/fn0/lv0/v0 11:st0/hp0/mx0/df0/fn0/lv0/v0 12:st0/hp0/mx0/df0/fn0/lv0/v0 13:st0/hp0/mx0/df0/fn0/lv0/v0 14:st0/hp0/mx0/df0/fn0/lv0/v0 15:st0/hp0/mx33/df0/fn0/lv3/v0 16:st0/hp30/mx30/df0/fn4909D0/lv3/v1 17:st0/hp0/mx28/df0/fn0/lv3/v0 18:st0/hp24/mx24/df0/fn4909D0/lv2/v1 19:st0/hp0/mx0/df0/fn0/lv0/v0 
autobattle PET turn=2 myNo=0 row=0 si=0 seed=-2 target=16 validEnemy=2 minLv=2 pcEnable=0 cmd=W|0|10
autobattle tick cnt=644 smto=1 res=0 battling=1 ctype=0 ptype=0
autobattle tick cnt=651 smto=1 res=0 battling=1 ctype=0 ptype=0
autobattle CHAR t=188187984 turn=0 cliT=0 myNo=0 afl=F8000 cb=0 pb=0 subP=3 procN=10 actInf=0 menuF=0 tgtSel=1 resW=0 self=hp258/st0 pet=hp334/st0 validEnemy=5 fallback=19 delay=0 cmd=H|13 heal[en=1 tf=3 c=95 p=95 a=95 mag=3 selfP=98/mx263 petP=96/mx345] | enemies=10:st0/hp0/mx0/df0/fn0/lv0/v0 11:st0/hp0/mx0/df0/fn0/lv0/v0 12:st0/hp0/mx0/df0/fn0/lv0/v0 13:st0/hp0/mx0/df0/fn0/lv0/v0 14:st0/hp0/mx0/df0/fn0/lv0/v0 15:st0/hp23/mx23/df0/fn4909D0/lv2/v1 16:st0/hp34/mx34/df0/fn4909D0/lv3/v1 17:st0/hp32/mx32/df0/fn4909D0/lv3/v1 18:st0/hp28/mx28/df0/fn4909D0/lv3/v1 19:st0/hp26/mx26/df0/fn4909D0/lv2/v1 
autobattle PET turn=0 myNo=0 row=0 si=0 seed=-2 target=19 validEnemy=5 minLv=2 pcEnable=0 cmd=W|0|13
autobattle tick cnt=668 smto=1 res=0 battling=1 ctype=0 ptype=0
autobattle CHAR t=188189843 turn=1 cliT=1 myNo=0 afl=18000 cb=0 pb=0 subP=5 procN=10 actInf=0 menuF=0 tgtSel=1 resW=0 self=hp258/st0 pet=hp332/st0 validEnemy=2 fallback=15 delay=0 cmd=H|F heal[en=1 tf=3 c=95 p=95 a=95 mag=3 selfP=98/mx263 petP=96/mx345] | enemies=10:st0/hp0/mx0/df0/fn0/lv0/v0 11:st0/hp0/mx0/df0/fn0/lv0/v0 12:st0/hp0/mx0/df0/fn0/lv0/v0 13:st0/hp0/mx0/df0/fn0/lv0/v0 14:st0/hp0/mx0/df0/fn0/lv0/v0 15:st0/hp23/mx23/df0/fn4909D0/lv2/v1 16:st0/hp34/mx34/df0/fn4909D0/lv3/v1 17:st0/hp0/mx32/df0/fn0/lv3/v0 18:st0/hp0/mx28/df0/fn0/lv3/v0 19:st0/hp0/mx26/df0/fn0/lv2/v0 
autobattle PET turn=1 myNo=0 row=0 si=0 seed=-2 target=15 validEnemy=2 minLv=2 pcEnable=0 cmd=W|0|F
autobattle tick cnt=684 smto=1 res=0 battling=1 ctype=0 ptype=0
autobattle tick cnt=699 smto=1 res=0 battling=1 ctype=0 ptype=0
autobattle CHAR t=188191562 turn=0 cliT=0 myNo=0 afl=18000 cb=0 pb=0 subP=3 procN=10 actInf=0 menuF=0 tgtSel=1 resW=0 self=hp258/st0 pet=hp332/st0 validEnemy=2 fallback=15 delay=0 cmd=H|F heal[en=1 tf=3 c=95 p=95 a=95 mag=3 selfP=98/mx263 petP=96/mx345] | enemies=10:st0/hp0/mx0/df0/fn0/lv0/v0 11:st0/hp0/mx0/df0/fn0/lv0/v0 12:st0/hp0/mx0/df0/fn0/lv0/v0 13:st0/hp0/mx0/df0/fn0/lv0/v0 14:st0/hp0/mx0/df0/fn0/lv0/v0 15:st0/hp36/mx36/df0/fn4909D0/lv3/v1 16:st0/hp38/mx38/df0/fn4909D0/lv3/v1 17:st0/hp0/mx0/df0/fn0/lv0/v0 18:st0/hp0/mx0/df0/fn0/lv0/v0 19:st0/hp0/mx0/df0/fn0/lv0/v0 
autobattle PET turn=0 myNo=0 row=0 si=0 seed=-2 target=15 validEnemy=2 minLv=3 pcEnable=0 cmd=W|0|F
autobattle tick cnt=716 smto=1 res=0 battling=1 ctype=0 ptype=0
autobattle CHAR t=188192984 turn=0 cliT=0 myNo=0 afl=78000 cb=0 pb=0 subP=3 procN=10 actInf=0 menuF=0 tgtSel=1 resW=0 self=hp258/st0 pet=hp332/st0 validEnemy=4 fallback=17 delay=0 cmd=H|11 heal[en=1 tf=3 c=95 p=95 a=95 mag=3 selfP=98/mx263 petP=96/mx345] | enemies=10:st0/hp0/mx0/df0/fn0/lv0/v0 11:st0/hp0/mx0/df0/fn0/lv0/v0 12:st0/hp0/mx0/df0/fn0/lv0/v0 13:st0/hp0/mx0/df0/fn0/lv0/v0 14:st0/hp0/mx0/df0/fn0/lv0/v0 15:st0/hp43/mx43/df0/fn4909D0/lv3/v1 16:st0/hp37/mx37/df0/fn4909D0/lv2/v1 17:st0/hp36/mx36/df0/fn4909D0/lv2/v1 18:st0/hp39/mx39/df0/fn4909D0/lv2/v1 19:st0/hp0/mx0/df0/fn0/lv0/v0 
autobattle PET turn=0 myNo=0 row=0 si=0 seed=-2 target=17 validEnemy=4 minLv=2 pcEnable=0 cmd=W|0|11
autobattle tick cnt=730 smto=1 res=0 battling=1 ctype=0 ptype=0
autobattle CHAR t=188194093 turn=1 cliT=1 myNo=0 afl=58000 cb=0 pb=0 subP=5 procN=10 actInf=0 menuF=0 tgtSel=1 resW=0 self=hp258/st0 pet=hp331/st0 validEnemy=3 fallback=15 delay=0 cmd=J|0|14 heal[en=1 tf=3 c=95 p=95 a=95 mag=3 selfP=98/mx263 petP=95/mx345] | enemies=10:st0/hp0/mx0/df0/fn0/lv0/v0 11:st0/hp0/mx0/df0/fn0/lv0/v0 12:st0/hp0/mx0/df0/fn0/lv0/v0 13:st0/hp0/mx0/df0/fn0/lv0/v0 14:st0/hp0/mx0/df0/fn0/lv0/v0 15:st0/hp43/mx43/df0/fn4909D0/lv3/v1 16:st0/hp37/mx37/df0/fn4909D0/lv2/v1 17:st0/hp0/mx36/df0/fn0/lv2/v0 18:st0/hp39/mx39/df0/fn4909D0/lv2/v1 19:st0/hp0/mx0/df0/fn0/lv0/v0 
autobattle PET turn=1 myNo=0 row=0 si=0 seed=-2 target=15 validEnemy=3 minLv=2 pcEnable=0 cmd=W|0|F
autobattle tick cnt=747 smto=1 res=0 battling=1 ctype=0 ptype=0
autobattle CHAR t=188195078 turn=2 cliT=2 myNo=0 afl=50000 cb=0 pb=0 subP=5 procN=10 actInf=0 menuF=0 tgtSel=1 resW=0 self=hp263/st0 pet=hp344/st0 validEnemy=2 fallback=16 delay=0 cmd=H|10 heal[en=1 tf=3 c=95 p=95 a=95 mag=3 selfP=100/mx263 petP=99/mx345] | enemies=10:st0/hp0/mx0/df0/fn0/lv0/v0 11:st0/hp0/mx0/df0/fn0/lv0/v0 12:st0/hp0/mx0/df0/fn0/lv0/v0 13:st0/hp0/mx0/df0/fn0/lv0/v0 14:st0/hp0/mx0/df0/fn0/lv0/v0 15:st0/hp0/mx43/df0/fn0/lv3/v0 16:st0/hp37/mx37/df0/fn4909D0/lv2/v1 17:st0/hp0/mx36/df0/fn0/lv2/v0 18:st0/hp39/mx39/df0/fn4909D0/lv2/v1 19:st0/hp0/mx0/df0/fn0/lv0/v0 
autobattle PET turn=2 myNo=0 row=0 si=0 seed=-2 target=16 validEnemy=2 minLv=2 pcEnable=0 cmd=W|0|10
autobattle tick cnt=764 smto=1 res=0 battling=1 ctype=0 ptype=0
autobattle CHAR t=188196562 turn=0 cliT=0 myNo=0 afl=38000 cb=0 pb=0 subP=3 procN=10 actInf=0 menuF=0 tgtSel=1 resW=0 self=hp263/st0 pet=hp344/st0 validEnemy=3 fallback=17 delay=0 cmd=H|11 heal[en=1 tf=3 c=95 p=95 a=95 mag=3 selfP=100/mx263 petP=99/mx345] | enemies=10:st0/hp0/mx0/df0/fn0/lv0/v0 11:st0/hp0/mx0/df0/fn0/lv0/v0 12:st0/hp0/mx0/df0/fn0/lv0/v0 13:st0/hp0/mx0/df0/fn0/lv0/v0 14:st0/hp0/mx0/df0/fn0/lv0/v0 15:st0/hp30/mx30/df0/fn4909D0/lv2/v1 16:st0/hp31/mx31/df0/fn4909D0/lv2/v1 17:st0/hp29/mx29/df0/fn4909D0/lv2/v1 18:st0/hp0/mx0/df0/fn0/lv0/v0 19:st0/hp0/mx0/df0/fn0/lv0/v0 
autobattle PET turn=0 myNo=0 row=0 si=0 seed=-2 target=17 validEnemy=3 minLv=2 pcEnable=0 cmd=W|0|11
autobattle tick cnt=774 smto=1 res=0 battling=1 ctype=0 ptype=0
autobattle CHAR t=188197671 turn=1 cliT=1 myNo=0 afl=18000 cb=0 pb=0 subP=5 procN=10 actInf=0 menuF=0 tgtSel=1 resW=0 self=hp263/st0 pet=hp343/st0 validEnemy=2 fallback=15 delay=0 cmd=H|F heal[en=1 tf=3 c=95 p=95 a=95 mag=3 selfP=100/mx263 petP=99/mx345] | enemies=10:st0/hp0/mx0/df0/fn0/lv0/v0 11:st0/hp0/mx0/df0/fn0/lv0/v0 12:st0/hp0/mx0/df0/fn0/lv0/v0 13:st0/hp0/mx0/df0/fn0/lv0/v0 14:st0/hp0/mx0/df0/fn0/lv0/v0 15:st0/hp30/mx30/df0/fn4909D0/lv2/v1 16:st0/hp31/mx31/df0/fn4909D0/lv2/v1 17:st0/hp0/mx29/df0/fn0/lv2/v0 18:st0/hp0/mx0/df0/fn0/lv0/v0 19:st0/hp0/mx0/df0/fn0/lv0/v0 
autobattle PET turn=1 myNo=0 row=0 si=0 seed=-2 target=15 validEnemy=2 minLv=2 pcEnable=0 cmd=W|0|F
autobattle tick cnt=791 smto=1 res=0 battling=1 ctype=0 ptype=0
autobattle tick cnt=807 smto=1 res=0 battling=1 ctype=0 ptype=0
autobattle CHAR t=188199328 turn=0 cliT=0 myNo=0 afl=78000 cb=0 pb=0 subP=3 procN=10 actInf=0 menuF=0 tgtSel=1 resW=0 self=hp263/st0 pet=hp343/st0 validEnemy=4 fallback=17 delay=0 cmd=H|11 heal[en=1 tf=3 c=95 p=95 a=95 mag=3 selfP=100/mx263 petP=99/mx345] | enemies=10:st0/hp0/mx0/df0/fn0/lv0/v0 11:st0/hp0/mx0/df0/fn0/lv0/v0 12:st0/hp0/mx0/df0/fn0/lv0/v0 13:st0/hp0/mx0/df0/fn0/lv0/v0 14:st0/hp0/mx0/df0/fn0/lv0/v0 15:st0/hp36/mx36/df0/fn4909D0/lv3/v1 16:st0/hp34/mx34/df0/fn4909D0/lv3/v1 17:st0/hp30/mx30/df0/fn4909D0/lv2/v1 18:st0/hp30/mx30/df0/fn4909D0/lv2/v1 19:st0/hp0/mx0/df0/fn0/lv0/v0 
autobattle PET turn=0 myNo=0 row=0 si=0 seed=-2 target=17 validEnemy=4 minLv=2 pcEnable=0 cmd=W|0|11
autobattle tick cnt=824 smto=1 res=0 battling=1 ctype=0 ptype=0
autobattle CHAR t=188200750 turn=1 cliT=1 myNo=0 afl=58000 cb=0 pb=0 subP=5 procN=10 actInf=0 menuF=0 tgtSel=1 resW=0 self=hp262/st0 pet=hp343/st0 validEnemy=3 fallback=15 delay=0 cmd=H|F heal[en=1 tf=3 c=95 p=95 a=95 mag=3 selfP=99/mx263 petP=99/mx345] | enemies=10:st0/hp0/mx0/df0/fn0/lv0/v0 11:st0/hp0/mx0/df0/fn0/lv0/v0 12:st0/hp0/mx0/df0/fn0/lv0/v0 13:st0/hp0/mx0/df0/fn0/lv0/v0 14:st0/hp0/mx0/df0/fn0/lv0/v0 15:st0/hp36/mx36/df0/fn4909D0/lv3/v1 16:st0/hp34/mx34/df0/fn4909D0/lv3/v1 17:st0/hp0/mx30/df0/fn0/lv2/v0 18:st0/hp30/mx30/df0/fn4909D0/lv2/v1 19:st0/hp0/mx0/df0/fn0/lv0/v0 
autobattle PET turn=1 myNo=0 row=0 si=0 seed=-2 target=15 validEnemy=3 minLv=2 pcEnable=0 cmd=W|0|F
autobattle tick cnt=841 smto=1 res=0 battling=1 ctype=0 ptype=0
autobattle CHAR t=188201671 turn=2 cliT=2 myNo=0 afl=50000 cb=0 pb=0 subP=5 procN=10 actInf=0 menuF=0 tgtSel=1 resW=0 self=hp262/st0 pet=hp341/st0 validEnemy=2 fallback=16 delay=0 cmd=H|10 heal[en=1 tf=3 c=95 p=95 a=95 mag=3 selfP=99/mx263 petP=98/mx345] | enemies=10:st0/hp0/mx0/df0/fn0/lv0/v0 11:st0/hp0/mx0/df0/fn0/lv0/v0 12:st0/hp0/mx0/df0/fn0/lv0/v0 13:st0/hp0/mx0/df0/fn0/lv0/v0 14:st0/hp0/mx0/df0/fn0/lv0/v0 15:st0/hp0/mx36/df0/fn0/lv3/v0 16:st0/hp34/mx34/df0/fn4909D0/lv3/v1 17:st0/hp0/mx30/df0/fn0/lv2/v0 18:st0/hp30/mx30/df0/fn4909D0/lv2/v1 19:st0/hp0/mx0/df0/fn0/lv0/v0 
autobattle PET turn=2 myNo=0 row=0 si=0 seed=-2 target=16 validEnemy=2 minLv=2 pcEnable=0 cmd=W|0|10
autobattle tick cnt=858 smto=1 res=0 battling=1 ctype=0 ptype=0
autobattle tick cnt=864 smto=1 res=0 battling=1 ctype=0 ptype=0
autobattle CHAR t=188204062 turn=0 cliT=0 myNo=0 afl=38000 cb=0 pb=0 subP=3 procN=10 actInf=0 menuF=0 tgtSel=1 resW=0 self=hp262/st0 pet=hp341/st0 validEnemy=3 fallback=17 delay=0 cmd=H|11 heal[en=1 tf=3 c=95 p=95 a=95 mag=3 selfP=99/mx263 petP=98/mx345] | enemies=10:st0/hp0/mx0/df0/fn0/lv0/v0 11:st0/hp0/mx0/df0/fn0/lv0/v0 12:st0/hp0/mx0/df0/fn0/lv0/v0 13:st0/hp0/mx0/df0/fn0/lv0/v0 14:st0/hp0/mx0/df0/fn0/lv0/v0 15:st0/hp25/mx25/df0/fn4909D0/lv2/v1 16:st0/hp28/mx28/df0/fn4909D0/lv3/v1 17:st0/hp26/mx26/df0/fn4909D0/lv2/v1 18:st0/hp0/mx0/df0/fn0/lv0/v0 19:st0/hp0/mx0/df0/fn0/lv0/v0 
autobattle PET turn=0 myNo=0 row=0 si=0 seed=-2 target=17 validEnemy=3 minLv=2 pcEnable=0 cmd=W|0|11
autobattle tick cnt=881 smto=1 res=0 battling=1 ctype=0 ptype=0
autobattle CHAR t=188205109 turn=1 cliT=1 myNo=0 afl=18000 cb=0 pb=0 subP=5 procN=10 actInf=0 menuF=0 tgtSel=1 resW=0 self=hp261/st0 pet=hp341/st0 validEnemy=2 fallback=15 delay=0 cmd=H|F heal[en=1 tf=3 c=95 p=95 a=95 mag=3 selfP=99/mx263 petP=98/mx345] | enemies=10:st0/hp0/mx0/df0/fn0/lv0/v0 11:st0/hp0/mx0/df0/fn0/lv0/v0 12:st0/hp0/mx0/df0/fn0/lv0/v0 13:st0/hp0/mx0/df0/fn0/lv0/v0 14:st0/hp0/mx0/df0/fn0/lv0/v0 15:st0/hp25/mx25/df0/fn4909D0/lv2/v1 16:st0/hp28/mx28/df0/fn4909D0/lv3/v1 17:st0/hp0/mx26/df0/fn0/lv2/v0 18:st0/hp0/mx0/df0/fn0/lv0/v0 19:st0/hp0/mx0/df0/fn0/lv0/v0 
autobattle PET turn=1 myNo=0 row=0 si=0 seed=-2 target=15 validEnemy=2 minLv=2 pcEnable=0 cmd=W|0|F
autobattle tick cnt=898 smto=1 res=0 battling=1 ctype=0 ptype=0
autobattle CHAR t=188206906 turn=0 cliT=0 myNo=0 afl=78000 cb=0 pb=0 subP=3 procN=10 actInf=0 menuF=0 tgtSel=1 resW=0 self=hp261/st0 pet=hp341/st0 validEnemy=4 fallback=17 delay=0 cmd=H|11 heal[en=1 tf=3 c=95 p=95 a=95 mag=3 selfP=99/mx263 petP=98/mx345] | enemies=10:st0/hp0/mx0/df0/fn0/lv0/v0 11:st0/hp0/mx0/df0/fn0/lv0/v0 12:st0/hp0/mx0/df0/fn0/lv0/v0 13:st0/hp0/mx0/df0/fn0/lv0/v0 14:st0/hp0/mx0/df0/fn0/lv0/v0 15:st0/hp30/mx30/df0/fn4909D0/lv3/v1 16:st0/hp26/mx26/df0/fn4909D0/lv2/v1 17:st0/hp31/mx31/df0/fn4909D0/lv3/v1 18:st0/hp29/mx29/df0/fn4909D0/lv3/v1 19:st0/hp0/mx0/df0/fn0/lv0/v0 
autobattle PET turn=0 myNo=0 row=0 si=0 seed=-2 target=17 validEnemy=4 minLv=2 pcEnable=0 cmd=W|0|11
autobattle tick cnt=905 smto=1 res=0 battling=1 ctype=0 ptype=0
autobattle tick cnt=922 smto=1 res=0 battling=1 ctype=0 ptype=0
autobattle CHAR t=188208312 turn=1 cliT=1 myNo=0 afl=48000 cb=0 pb=0 subP=5 procN=10 actInf=0 menuF=0 tgtSel=1 resW=0 self=hp261/st0 pet=hp341/st0 validEnemy=2 fallback=15 delay=0 cmd=H|F heal[en=1 tf=3 c=95 p=95 a=95 mag=3 selfP=99/mx263 petP=98/mx345] | enemies=10:st0/hp0/mx0/df0/fn0/lv0/v0 11:st0/hp0/mx0/df0/fn0/lv0/v0 12:st0/hp0/mx0/df0/fn0/lv0/v0 13:st0/hp0/mx0/df0/fn0/lv0/v0 14:st0/hp0/mx0/df0/fn0/lv0/v0 15:st0/hp30/mx30/df0/fn4909D0/lv3/v1 16:st0/hp0/mx26/df0/fn0/lv2/v0 17:st0/hp0/mx31/df0/fn0/lv3/v0 18:st0/hp29/mx29/df0/fn4909D0/lv3/v1 19:st0/hp0/mx0/df0/fn0/lv0/v0 
autobattle PET turn=1 myNo=0 row=0 si=0 seed=-2 target=15 validEnemy=2 minLv=3 pcEnable=0 cmd=W|0|F
autobattle CHAR t=188209234 turn=2 cliT=2 myNo=0 afl=40000 cb=0 pb=0 subP=5 procN=10 actInf=0 menuF=0 tgtSel=1 resW=0 self=hp261/st0 pet=hp341/st0 validEnemy=1 fallback=18 delay=0 cmd=H|12 heal[en=1 tf=3 c=95 p=95 a=95 mag=3 selfP=99/mx263 petP=98/mx345] | enemies=10:st0/hp0/mx0/df0/fn0/lv0/v0 11:st0/hp0/mx0/df0/fn0/lv0/v0 12:st0/hp0/mx0/df0/fn0/lv0/v0 13:st0/hp0/mx0/df0/fn0/lv0/v0 14:st0/hp0/mx0/df0/fn0/lv0/v0 15:st0/hp0/mx30/df0/fn0/lv3/v0 16:st0/hp0/mx26/df0/fn0/lv2/v0 17:st0/hp0/mx31/df0/fn0/lv3/v0 18:st0/hp29/mx29/df0/fn4909D0/lv3/v1 19:st0/hp0/mx0/df0/fn0/lv0/v0 
autobattle tick cnt=939 smto=1 res=0 battling=1 ctype=0 ptype=0
autobattle PET turn=2 myNo=0 row=0 si=0 seed=-2 target=18 validEnemy=1 minLv=3 pcEnable=0 cmd=W|0|12
autobattle tick cnt=952 smto=1 res=0 battling=1 ctype=0 ptype=0
autobattle CHAR t=188210656 turn=0 cliT=0 myNo=0 afl=18000 cb=0 pb=0 subP=3 procN=10 actInf=0 menuF=0 tgtSel=1 resW=0 self=hp261/st0 pet=hp341/st0 validEnemy=2 fallback=15 delay=0 cmd=H|F heal[en=1 tf=3 c=95 p=95 a=95 mag=3 selfP=99/mx263 petP=98/mx345] | enemies=10:st0/hp0/mx0/df0/fn0/lv0/v0 11:st0/hp0/mx0/df0/fn0/lv0/v0 12:st0/hp0/mx0/df0/fn0/lv0/v0 13:st0/hp0/mx0/df0/fn0/lv0/v0 14:st0/hp0/mx0/df0/fn0/lv0/v0 15:st0/hp30/mx30/df0/fn4909D0/lv2/v1 16:st0/hp35/mx35/df0/fn4909D0/lv3/v1 17:st0/hp0/mx0/df0/fn0/lv0/v0 18:st0/hp0/mx0/df0/fn0/lv0/v0 19:st0/hp0/mx0/df0/fn0/lv0/v0 
autobattle PET turn=0 myNo=0 row=0 si=0 seed=-2 target=15 validEnemy=2 minLv=2 pcEnable=0 cmd=W|0|F
autobattle tick cnt=969 smto=1 res=0 battling=1 ctype=0 ptype=0
autobattle CHAR t=188211703 turn=1 cliT=1 myNo=0 afl=10000 cb=0 pb=0 subP=5 procN=10 actInf=0 menuF=0 tgtSel=1 resW=0 self=hp261/st0 pet=hp341/st0 validEnemy=1 fallback=16 delay=0 cmd=H|10 heal[en=1 tf=3 c=95 p=95 a=95 mag=3 selfP=99/mx263 petP=98/mx345] | enemies=10:st0/hp0/mx0/df0/fn0/lv0/v0 11:st0/hp0/mx0/df0/fn0/lv0/v0 12:st0/hp0/mx0/df0/fn0/lv0/v0 13:st0/hp0/mx0/df0/fn0/lv0/v0 14:st0/hp0/mx0/df0/fn0/lv0/v0 15:st0/hp0/mx30/df0/fn0/lv2/v0 16:st0/hp35/mx35/df0/fn4909D0/lv3/v1 17:st0/hp0/mx0/df0/fn0/lv0/v0 18:st0/hp0/mx0/df0/fn0/lv0/v0 19:st0/hp0/mx0/df0/fn0/lv0/v0 
autobattle PET turn=1 myNo=0 row=0 si=0 seed=-2 target=16 validEnemy=1 minLv=3 pcEnable=0 cmd=W|0|10
autobattle tick cnt=982 smto=1 res=0 battling=1 ctype=0 ptype=0
autobattle CHAR t=188213234 turn=0 cliT=0 myNo=0 afl=78000 cb=0 pb=0 subP=3 procN=10 actInf=0 menuF=0 tgtSel=1 resW=0 self=hp261/st0 pet=hp341/st0 validEnemy=4 fallback=17 delay=0 cmd=H|11 heal[en=1 tf=3 c=95 p=95 a=95 mag=3 selfP=99/mx263 petP=98/mx345] | enemies=10:st0/hp0/mx0/df0/fn0/lv0/v0 11:st0/hp0/mx0/df0/fn0/lv0/v0 12:st0/hp0/mx0/df0/fn0/lv0/v0 13:st0/hp0/mx0/df0/fn0/lv0/v0 14:st0/hp0/mx0/df0/fn0/lv0/v0 15:st0/hp34/mx34/df0/fn4909D0/lv3/v1 16:st0/hp28/mx28/df0/fn4909D0/lv2/v1 17:st0/hp30/mx30/df0/fn4909D0/lv2/v1 18:st0/hp32/mx32/df0/fn4909D0/lv2/v1 19:st0/hp0/mx0/df0/fn0/lv0/v0 
autobattle PET turn=0 myNo=0 row=0 si=0 seed=-2 target=17 validEnemy=4 minLv=2 pcEnable=0 cmd=W|0|11
autobattle tick cnt=999 smto=1 res=0 battling=1 ctype=0 ptype=0
autobattle CHAR t=188214640 turn=1 cliT=1 myNo=0 afl=18000 cb=0 pb=0 subP=5 procN=10 actInf=0 menuF=0 tgtSel=1 resW=0 self=hp261/st0 pet=hp341/st0 validEnemy=2 fallback=15 delay=0 cmd=H|F heal[en=1 tf=3 c=95 p=95 a=95 mag=3 selfP=99/mx263 petP=98/mx345] | enemies=10:st0/hp0/mx0/df0/fn0/lv0/v0 11:st0/hp0/mx0/df0/fn0/lv0/v0 12:st0/hp0/mx0/df0/fn0/lv0/v0 13:st0/hp0/mx0/df0/fn0/lv0/v0 14:st0/hp0/mx0/df0/fn0/lv0/v0 15:st0/hp34/mx34/df0/fn4909D0/lv3/v1 16:st0/hp28/mx28/df0/fn4909D0/lv2/v1 17:st0/hp0/mx30/df0/fn0/lv2/v0 18:st0/hp0/mx32/df0/fn0/lv2/v0 19:st0/hp0/mx0/df0/fn0/lv0/v0 
autobattle PET turn=1 myNo=0 row=0 si=0 seed=-2 target=15 validEnemy=2 minLv=2 pcEnable=0 cmd=W|0|F
autobattle tick cnt=1016 smto=1 res=0 battling=1 ctype=0 ptype=0
autobattle tick cnt=1025 smto=1 res=0 battling=1 ctype=0 ptype=0
autobattle CHAR t=188216312 turn=0 cliT=0 myNo=0 afl=F8000 cb=0 pb=0 subP=3 procN=10 actInf=0 menuF=0 tgtSel=1 resW=0 self=hp261/st0 pet=hp341/st0 validEnemy=5 fallback=19 delay=0 cmd=H|13 heal[en=1 tf=3 c=95 p=95 a=95 mag=3 selfP=99/mx263 petP=98/mx345] | enemies=10:st0/hp0/mx0/df0/fn0/lv0/v0 11:st0/hp0/mx0/df0/fn0/lv0/v0 12:st0/hp0/mx0/df0/fn0/lv0/v0 13:st0/hp0/mx0/df0/fn0/lv0/v0 14:st0/hp0/mx0/df0/fn0/lv0/v0 15:st0/hp32/mx32/df0/fn4909D0/lv3/v1 16:st0/hp26/mx26/df0/fn4909D0/lv2/v1 17:st0/hp23/mx23/df0/fn4909D0/lv2/v1 18:st0/hp28/mx28/df0/fn4909D0/lv3/v1 19:st0/hp21/mx21/df0/fn4909D0/lv2/v1 
autobattle PET turn=0 myNo=0 row=0 si=0 seed=-2 target=19 validEnemy=5 minLv=2 pcEnable=0 cmd=W|0|13
autobattle tick cnt=1042 smto=1 res=0 battling=1 ctype=0 ptype=0
autobattle CHAR t=188217843 turn=1 cliT=1 myNo=0 afl=78000 cb=0 pb=0 subP=5 procN=10 actInf=0 menuF=0 tgtSel=1 resW=0 self=hp260/st0 pet=hp341/st0 validEnemy=4 fallback=17 delay=0 cmd=H|11 heal[en=1 tf=3 c=95 p=95 a=95 mag=3 selfP=98/mx263 petP=98/mx345] | enemies=10:st0/hp0/mx0/df0/fn0/lv0/v0 11:st0/hp0/mx0/df0/fn0/lv0/v0 12:st0/hp0/mx0/df0/fn0/lv0/v0 13:st0/hp0/mx0/df0/fn0/lv0/v0 14:st0/hp0/mx0/df0/fn0/lv0/v0 15:st0/hp32/mx32/df0/fn4909D0/lv3/v1 16:st0/hp26/mx26/df0/fn4909D0/lv2/v1 17:st0/hp23/mx23/df0/fn4909D0/lv2/v1 18:st0/hp28/mx28/df0/fn4909D0/lv3/v1 19:st0/hp0/mx21/df0/fn0/lv2/v0 
autobattle PET turn=1 myNo=0 row=0 si=0 seed=-2 target=17 validEnemy=4 minLv=2 pcEnable=0 cmd=W|0|11
autobattle tick cnt=1058 smto=1 res=0 battling=1 ctype=0 ptype=0
autobattle CHAR t=188219093 turn=2 cliT=2 myNo=0 afl=58000 cb=0 pb=0 subP=5 procN=10 actInf=0 menuF=0 tgtSel=1 resW=0 self=hp260/st0 pet=hp340/st0 validEnemy=3 fallback=15 delay=0 cmd=H|F heal[en=1 tf=3 c=95 p=95 a=95 mag=3 selfP=98/mx263 petP=98/mx345] | enemies=10:st0/hp0/mx0/df0/fn0/lv0/v0 11:st0/hp0/mx0/df0/fn0/lv0/v0 12:st0/hp0/mx0/df0/fn0/lv0/v0 13:st0/hp0/mx0/df0/fn0/lv0/v0 14:st0/hp0/mx0/df0/fn0/lv0/v0 15:st0/hp32/mx32/df0/fn4909D0/lv3/v1 16:st0/hp26/mx26/df0/fn4909D0/lv2/v1 17:st0/hp0/mx23/df0/fn0/lv2/v0 18:st0/hp28/mx28/df0/fn4909D0/lv3/v1 19:st0/hp0/mx21/df0/fn0/lv2/v0 
autobattle PET turn=2 myNo=0 row=0 si=0 seed=-2 target=15 validEnemy=3 minLv=2 pcEnable=0 cmd=W|0|F
autobattle tick cnt=1075 smto=1 res=0 battling=1 ctype=0 ptype=0
autobattle CHAR t=188220078 turn=3 cliT=3 myNo=0 afl=10000 cb=0 pb=0 subP=5 procN=10 actInf=0 menuF=0 tgtSel=1 resW=0 self=hp260/st0 pet=hp340/st0 validEnemy=1 fallback=16 delay=0 cmd=H|10 heal[en=1 tf=3 c=95 p=95 a=95 mag=3 selfP=98/mx263 petP=98/mx345] | enemies=10:st0/hp0/mx0/df0/fn0/lv0/v0 11:st0/hp0/mx0/df0/fn0/lv0/v0 12:st0/hp0/mx0/df0/fn0/lv0/v0 13:st0/hp0/mx0/df0/fn0/lv0/v0 14:st0/hp0/mx0/df0/fn0/lv0/v0 15:st0/hp0/mx32/df0/fn0/lv3/v0 16:st0/hp26/mx26/df0/fn4909D0/lv2/v1 17:st0/hp0/mx23/df0/fn0/lv2/v0 18:st0/hp28/mx28/df0/fn0/lv3/v0 19:st0/hp0/mx21/df0/fn0/lv2/v0 
autobattle PET turn=3 myNo=0 row=0 si=0 seed=-2 target=16 validEnemy=1 minLv=2 pcEnable=0 cmd=W|0|10
autobattle tick cnt=1092 smto=1 res=0 battling=1 ctype=0 ptype=0
autobattle tick cnt=1099 smto=1 res=0 battling=1 ctype=0 ptype=0
autobattle CHAR t=188222000 turn=0 cliT=0 myNo=0 afl=F8000 cb=0 pb=0 subP=3 procN=10 actInf=0 menuF=0 tgtSel=1 resW=0 self=hp260/st0 pet=hp340/st0 validEnemy=5 fallback=19 delay=0 cmd=H|13 heal[en=1 tf=3 c=95 p=95 a=95 mag=3 selfP=98/mx263 petP=98/mx345] | enemies=10:st0/hp0/mx0/df0/fn0/lv0/v0 11:st0/hp0/mx0/df0/fn0/lv0/v0 12:st0/hp0/mx0/df0/fn0/lv0/v0 13:st0/hp0/mx0/df0/fn0/lv0/v0 14:st0/hp0/mx0/df0/fn0/lv0/v0 15:st0/hp29/mx29/df0/fn4909D0/lv3/v1 16:st0/hp31/mx31/df0/fn4909D0/lv3/v1 17:st0/hp24/mx24/df0/fn4909D0/lv2/v1 18:st0/hp27/mx27/df0/fn4909D0/lv2/v1 19:st0/hp23/mx23/df0/fn4909D0/lv2/v1 
autobattle PET turn=0 myNo=0 row=0 si=0 seed=-2 target=19 validEnemy=5 minLv=2 pcEnable=0 cmd=W|0|13
autobattle tick cnt=1115 smto=1 res=0 battling=1 ctype=0 ptype=0
autobattle CHAR t=188223843 turn=1 cliT=1 myNo=0 afl=50000 cb=0 pb=0 subP=5 procN=10 actInf=0 menuF=0 tgtSel=1 resW=0 self=hp260/st0 pet=hp339/st0 validEnemy=2 fallback=16 delay=0 cmd=H|10 heal[en=1 tf=3 c=95 p=95 a=95 mag=3 selfP=98/mx263 petP=98/mx345] | enemies=10:st0/hp0/mx0/df0/fn0/lv0/v0 11:st0/hp0/mx0/df0/fn0/lv0/v0 12:st0/hp0/mx0/df0/fn0/lv0/v0 13:st0/hp0/mx0/df0/fn0/lv0/v0 14:st0/hp0/mx0/df0/fn0/lv0/v0 15:st0/hp0/mx29/df0/fn0/lv3/v0 16:st0/hp31/mx31/df0/fn4909D0/lv3/v1 17:st0/hp0/mx24/df0/fn0/lv2/v0 18:st0/hp27/mx27/df0/fn4909D0/lv2/v1 19:st0/hp0/mx23/df0/fn0/lv2/v0 
autobattle PET turn=1 myNo=0 row=0 si=0 seed=-2 target=16 validEnemy=2 minLv=2 pcEnable=0 cmd=W|0|10
autobattle tick cnt=1132 smto=1 res=0 battling=1 ctype=0 ptype=0
autobattle CHAR t=188224765 turn=2 cliT=2 myNo=0 afl=40000 cb=0 pb=0 subP=5 procN=10 actInf=0 menuF=0 tgtSel=1 resW=0 self=hp260/st0 pet=hp339/st0 validEnemy=1 fallback=18 delay=0 cmd=H|12 heal[en=1 tf=3 c=95 p=95 a=95 mag=3 selfP=98/mx263 petP=98/mx345] | enemies=10:st0/hp0/mx0/df0/fn0/lv0/v0 11:st0/hp0/mx0/df0/fn0/lv0/v0 12:st0/hp0/mx0/df0/fn0/lv0/v0 13:st0/hp0/mx0/df0/fn0/lv0/v0 14:st0/hp0/mx0/df0/fn0/lv0/v0 15:st0/hp0/mx29/df0/fn0/lv3/v0 16:st0/hp0/mx31/df0/fn0/lv3/v0 17:st0/hp0/mx24/df0/fn0/lv2/v0 18:st0/hp27/mx27/df0/fn4909D0/lv2/v1 19:st0/hp0/mx23/df0/fn0/lv2/v0 
autobattle PET turn=2 myNo=0 row=0 si=0 seed=-2 target=18 validEnemy=1 minLv=2 pcEnable=0 cmd=W|0|12
autobattle tick cnt=1149 smto=1 res=0 battling=1 ctype=0 ptype=0
autobattle tick cnt=1158 smto=1 res=0 battling=1 ctype=0 ptype=0
autobattle CHAR t=188226609 turn=0 cliT=0 myNo=0 afl=8000 cb=0 pb=0 subP=3 procN=10 actInf=0 menuF=0 tgtSel=1 resW=0 self=hp260/st0 pet=hp339/st0 validEnemy=1 fallback=15 delay=0 cmd=H|F heal[en=1 tf=3 c=95 p=95 a=95 mag=3 selfP=98/mx263 petP=98/mx345] | enemies=10:st0/hp0/mx0/df0/fn0/lv0/v0 11:st0/hp0/mx0/df0/fn0/lv0/v0 12:st0/hp0/mx0/df0/fn0/lv0/v0 13:st0/hp0/mx0/df0/fn0/lv0/v0 14:st0/hp0/mx0/df0/fn0/lv0/v0 15:st0/hp37/mx37/df0/fn4909D0/lv3/v1 16:st0/hp0/mx0/df0/fn0/lv0/v0 17:st0/hp0/mx0/df0/fn0/lv0/v0 18:st0/hp0/mx0/df0/fn0/lv0/v0 19:st0/hp0/mx0/df0/fn0/lv0/v0 
autobattle PET turn=0 myNo=0 row=0 si=0 seed=-2 target=15 validEnemy=1 minLv=3 pcEnable=0 cmd=W|0|F
autobattle tick cnt=1173 smto=1 res=0 battling=1 ctype=0 ptype=0
autobattle CHAR t=188229078 turn=0 cliT=0 myNo=0 afl=18000 cb=0 pb=0 subP=3 procN=10 actInf=0 menuF=0 tgtSel=1 resW=0 self=hp260/st0 pet=hp339/st0 validEnemy=2 fallback=15 delay=0 cmd=H|F heal[en=1 tf=3 c=95 p=95 a=95 mag=3 selfP=98/mx263 petP=98/mx345] | enemies=10:st0/hp0/mx0/df0/fn0/lv0/v0 11:st0/hp0/mx0/df0/fn0/lv0/v0 12:st0/hp0/mx0/df0/fn0/lv0/v0 13:st0/hp0/mx0/df0/fn0/lv0/v0 14:st0/hp0/mx0/df0/fn0/lv0/v0 15:st0/hp37/mx37/df0/fn4909D0/lv3/v1 16:st0/hp31/mx31/df0/fn4909D0/lv2/v1 17:st0/hp0/mx0/df0/fn0/lv0/v0 18:st0/hp0/mx0/df0/fn0/lv0/v0 19:st0/hp0/mx0/df0/fn0/lv0/v0 
autobattle PET turn=0 myNo=0 row=0 si=0 seed=-2 target=15 validEnemy=2 minLv=2 pcEnable=0 cmd=W|0|F
autobattle CHAR t=188230000 turn=1 cliT=1 myNo=0 afl=10000 cb=0 pb=0 subP=5 procN=10 actInf=0 menuF=0 tgtSel=1 resW=0 self=hp260/st0 pet=hp339/st0 validEnemy=1 fallback=16 delay=0 cmd=H|10 heal[en=1 tf=3 c=95 p=95 a=95 mag=3 selfP=98/mx263 petP=98/mx345] | enemies=10:st0/hp0/mx0/df0/fn0/lv0/v0 11:st0/hp0/mx0/df0/fn0/lv0/v0 12:st0/hp0/mx0/df0/fn0/lv0/v0 13:st0/hp0/mx0/df0/fn0/lv0/v0 14:st0/hp0/mx0/df0/fn0/lv0/v0 15:st0/hp0/mx37/df0/fn0/lv3/v0 16:st0/hp31/mx31/df0/fn4909D0/lv2/v1 17:st0/hp0/mx0/df0/fn0/lv0/v0 18:st0/hp0/mx0/df0/fn0/lv0/v0 19:st0/hp0/mx0/df0/fn0/lv0/v0 
autobattle tick cnt=1190 smto=1 res=0 battling=1 ctype=0 ptype=0
autobattle PET turn=1 myNo=0 row=0 si=0 seed=-2 target=16 validEnemy=1 minLv=2 pcEnable=0 cmd=W|0|10
autobattle CHAR t=188230921 turn=0 cliT=0 myNo=0 afl=18000 cb=0 pb=0 subP=3 procN=10 actInf=0 menuF=0 tgtSel=1 resW=0 self=hp260/st0 pet=hp339/st0 validEnemy=2 fallback=15 delay=0 cmd=H|F heal[en=1 tf=3 c=95 p=95 a=95 mag=3 selfP=98/mx263 petP=98/mx345] | enemies=10:st0/hp0/mx0/df0/fn0/lv0/v0 11:st0/hp0/mx0/df0/fn0/lv0/v0 12:st0/hp0/mx0/df0/fn0/lv0/v0 13:st0/hp0/mx0/df0/fn0/lv0/v0 14:st0/hp0/mx0/df0/fn0/lv0/v0 15:st0/hp38/mx38/df0/fn4909D0/lv3/v1 16:st0/hp29/mx29/df0/fn4909D0/lv2/v1 17:st0/hp0/mx0/df0/fn0/lv0/v0 18:st0/hp0/mx0/df0/fn0/lv0/v0 19:st0/hp0/mx0/df0/fn0/lv0/v0 
autobattle PET turn=0 myNo=0 row=0 si=0 seed=-2 target=15 validEnemy=2 minLv=2 pcEnable=0 cmd=W|0|F
autobattle tick cnt=1204 smto=1 res=0 battling=1 ctype=0 ptype=0
autobattle tick cnt=1220 smto=1 res=0 battling=1 ctype=0 ptype=0
autobattle CHAR t=188232890 turn=0 cliT=0 myNo=0 afl=8000 cb=0 pb=0 subP=3 procN=10 actInf=0 menuF=0 tgtSel=1 resW=0 self=hp260/st0 pet=hp339/st0 validEnemy=1 fallback=15 delay=0 cmd=H|F heal[en=1 tf=3 c=95 p=95 a=95 mag=3 selfP=98/mx263 petP=98/mx345] | enemies=10:st0/hp0/mx0/df0/fn0/lv0/v0 11:st0/hp0/mx0/df0/fn0/lv0/v0 12:st0/hp0/mx0/df0/fn0/lv0/v0 13:st0/hp0/mx0/df0/fn0/lv0/v0 14:st0/hp0/mx0/df0/fn0/lv0/v0 15:st0/hp34/mx34/df0/fn4909D0/lv3/v1 16:st0/hp0/mx0/df0/fn0/lv0/v0 17:st0/hp0/mx0/df0/fn0/lv0/v0 18:st0/hp0/mx0/df0/fn0/lv0/v0 19:st0/hp0/mx0/df0/fn0/lv0/v0 
autobattle PET turn=0 myNo=0 row=0 si=0 seed=-2 target=15 validEnemy=1 minLv=3 pcEnable=0 cmd=W|0|F
autobattle tick cnt=1232 smto=1 res=0 battling=1 ctype=0 ptype=0
autobattle CHAR t=188236078 turn=0 cliT=0 myNo=0 afl=F8000 cb=0 pb=0 subP=3 procN=10 actInf=0 menuF=0 tgtSel=1 resW=0 self=hp260/st0 pet=hp339/st0 validEnemy=5 fallback=19 delay=0 cmd=H|13 heal[en=1 tf=3 c=95 p=95 a=95 mag=3 selfP=98/mx263 petP=98/mx345] | enemies=10:st0/hp0/mx0/df0/fn0/lv0/v0 11:st0/hp0/mx0/df0/fn0/lv0/v0 12:st0/hp0/mx0/df0/fn0/lv0/v0 13:st0/hp0/mx0/df0/fn0/lv0/v0 14:st0/hp0/mx0/df0/fn0/lv0/v0 15:st0/hp31/mx31/df0/fn4909D0/lv3/v1 16:st0/hp23/mx23/df0/fn4909D0/lv2/v1 17:st0/hp30/mx30/df0/fn4909D0/lv3/v1 18:st0/hp28/mx28/df0/fn4909D0/lv3/v1 19:st0/hp30/mx30/df0/fn4909D0/lv3/v1 
autobattle PET turn=0 myNo=0 row=0 si=0 seed=-2 target=19 validEnemy=5 minLv=2 pcEnable=0 cmd=W|0|13
autobattle tick cnt=1249 smto=1 res=0 battling=1 ctype=0 ptype=0
autobattle CHAR t=188237187 turn=1 cliT=1 myNo=0 afl=78000 cb=0 pb=0 subP=5 procN=10 actInf=0 menuF=0 tgtSel=1 resW=0 self=hp260/st0 pet=hp336/st0 validEnemy=4 fallback=17 delay=0 cmd=H|11 heal[en=1 tf=3 c=95 p=95 a=95 mag=3 selfP=98/mx263 petP=97/mx345] | enemies=10:st0/hp0/mx0/df0/fn0/lv0/v0 11:st0/hp0/mx0/df0/fn0/lv0/v0 12:st0/hp0/mx0/df0/fn0/lv0/v0 13:st0/hp0/mx0/df0/fn0/lv0/v0 14:st0/hp0/mx0/df0/fn0/lv0/v0 15:st0/hp31/mx31/df0/fn4909D0/lv3/v1 16:st0/hp23/mx23/df0/fn4909D0/lv2/v1 17:st0/hp30/mx30/df0/fn4909D0/lv3/v1 18:st0/hp28/mx28/df0/fn4909D0/lv3/v1 19:st0/hp0/mx30/df0/fn0/lv3/v0 
autobattle PET turn=1 myNo=0 row=0 si=0 seed=-2 target=17 validEnemy=4 minLv=2 pcEnable=0 cmd=W|0|11
autobattle tick cnt=1266 smto=1 res=0 battling=1 ctype=0 ptype=0
autobattle CHAR t=188238843 turn=2 cliT=2 myNo=0 afl=10000 cb=0 pb=0 subP=5 procN=10 actInf=0 menuF=0 tgtSel=1 resW=0 self=hp259/st0 pet=hp336/st0 validEnemy=1 fallback=16 delay=0 cmd=H|10 heal[en=1 tf=3 c=95 p=95 a=95 mag=3 selfP=98/mx263 petP=97/mx345] | enemies=10:st0/hp0/mx0/df0/fn0/lv0/v0 11:st0/hp0/mx0/df0/fn0/lv0/v0 12:st0/hp0/mx0/df0/fn0/lv0/v0 13:st0/hp0/mx0/df0/fn0/lv0/v0 14:st0/hp0/mx0/df0/fn0/lv0/v0 15:st0/hp0/mx31/df0/fn0/lv3/v0 16:st0/hp23/mx23/df0/fn4909D0/lv2/v1 17:st0/hp0/mx30/df0/fn0/lv3/v0 18:st0/hp0/mx28/df0/fn0/lv3/v0 19:st0/hp0/mx30/df0/fn0/lv3/v0 
autobattle PET turn=2 myNo=0 row=0 si=0 seed=-2 target=16 validEnemy=1 minLv=2 pcEnable=0 cmd=W|0|10
autobattle tick cnt=1283 smto=1 res=0 battling=1 ctype=0 ptype=0
autobattle tick cnt=1292 smto=1 res=0 battling=1 ctype=0 ptype=0
autobattle CHAR t=188242656 turn=0 cliT=0 myNo=0 afl=8000 cb=0 pb=0 subP=3 procN=10 actInf=0 menuF=0 tgtSel=1 resW=0 self=hp259/st0 pet=hp336/st0 validEnemy=1 fallback=15 delay=0 cmd=H|F heal[en=1 tf=3 c=95 p=95 a=95 mag=3 selfP=98/mx263 petP=97/mx345] | enemies=10:st0/hp0/mx0/df0/fn0/lv0/v0 11:st0/hp0/mx0/df0/fn0/lv0/v0 12:st0/hp0/mx0/df0/fn0/lv0/v0 13:st0/hp0/mx0/df0/fn0/lv0/v0 14:st0/hp0/mx0/df0/fn0/lv0/v0 15:st0/hp33/mx33/df0/fn4909D0/lv3/v1 16:st0/hp0/mx0/df0/fn0/lv0/v0 17:st0/hp0/mx0/df0/fn0/lv0/v0 18:st0/hp0/mx0/df0/fn0/lv0/v0 19:st0/hp0/mx0/df0/fn0/lv0/v0 
autobattle PET turn=0 myNo=0 row=0 si=0 seed=-2 target=15 validEnemy=1 minLv=3 pcEnable=0 cmd=W|0|F
autobattle tick cnt=1307 smto=1 res=0 battling=1 ctype=0 ptype=0
autobattle CHAR t=188243765 turn=0 cliT=0 myNo=0 afl=18000 cb=0 pb=0 subP=3 procN=10 actInf=0 menuF=0 tgtSel=1 resW=0 self=hp259/st0 pet=hp336/st0 validEnemy=2 fallback=15 delay=0 cmd=H|F heal[en=1 tf=3 c=95 p=95 a=95 mag=3 selfP=98/mx263 petP=97/mx345] | enemies=10:st0/hp0/mx0/df0/fn0/lv0/v0 11:st0/hp0/mx0/df0/fn0/lv0/v0 12:st0/hp0/mx0/df0/fn0/lv0/v0 13:st0/hp0/mx0/df0/fn0/lv0/v0 14:st0/hp0/mx0/df0/fn0/lv0/v0 15:st0/hp29/mx29/df0/fn4909D0/lv2/v1 16:st0/hp32/mx32/df0/fn4909D0/lv2/v1 17:st0/hp0/mx0/df0/fn0/lv0/v0 18:st0/hp0/mx0/df0/fn0/lv0/v0 19:st0/hp0/mx0/df0/fn0/lv0/v0 
autobattle PET turn=0 myNo=0 row=0 si=0 seed=-2 target=15 validEnemy=2 minLv=2 pcEnable=0 cmd=W|0|F
autobattle tick cnt=1324 smto=1 res=0 battling=1 ctype=0 ptype=0
autobattle tick cnt=1327 smto=1 res=0 battling=1 ctype=0 ptype=0
autobattle CHAR t=188246421 turn=0 cliT=0 myNo=0 afl=18000 cb=0 pb=0 subP=3 procN=10 actInf=0 menuF=0 tgtSel=1 resW=0 self=hp259/st0 pet=hp336/st0 validEnemy=2 fallback=15 delay=0 cmd=H|F heal[en=1 tf=3 c=95 p=95 a=95 mag=3 selfP=98/mx263 petP=97/mx345] | enemies=10:st0/hp0/mx0/df0/fn0/lv0/v0 11:st0/hp0/mx0/df0/fn0/lv0/v0 12:st0/hp0/mx0/df0/fn0/lv0/v0 13:st0/hp0/mx0/df0/fn0/lv0/v0 14:st0/hp0/mx0/df0/fn0/lv0/v0 15:st0/hp28/mx28/df0/fn4909D0/lv3/v1 16:st0/hp27/mx27/df0/fn4909D0/lv3/v1 17:st0/hp0/mx0/df0/fn0/lv0/v0 18:st0/hp0/mx0/df0/fn0/lv0/v0 19:st0/hp0/mx0/df0/fn0/lv0/v0 
autobattle PET turn=0 myNo=0 row=0 si=0 seed=-2 target=15 validEnemy=2 minLv=3 pcEnable=0 cmd=W|0|F
autobattle CHAR t=188247281 turn=1 cliT=1 myNo=0 afl=10000 cb=0 pb=0 subP=5 procN=10 actInf=0 menuF=0 tgtSel=1 resW=0 self=hp259/st0 pet=hp336/st0 validEnemy=1 fallback=16 delay=0 cmd=H|10 heal[en=1 tf=3 c=95 p=95 a=95 mag=3 selfP=98/mx263 petP=97/mx345] | enemies=10:st0/hp0/mx0/df0/fn0/lv0/v0 11:st0/hp0/mx0/df0/fn0/lv0/v0 12:st0/hp0/mx0/df0/fn0/lv0/v0 13:st0/hp0/mx0/df0/fn0/lv0/v0 14:st0/hp0/mx0/df0/fn0/lv0/v0 15:st0/hp0/mx28/df0/fn0/lv3/v0 16:st0/hp27/mx27/df0/fn4909D0/lv3/v1 17:st0/hp0/mx0/df0/fn0/lv0/v0 18:st0/hp0/mx0/df0/fn0/lv0/v0 19:st0/hp0/mx0/df0/fn0/lv0/v0 
autobattle PET turn=1 myNo=0 row=0 si=0 seed=-2 target=16 validEnemy=1 minLv=3 pcEnable=0 cmd=W|0|10
autobattle tick cnt=1344 smto=1 res=0 battling=1 ctype=0 ptype=0
autobattle tick cnt=1354 smto=1 res=0 battling=1 ctype=0 ptype=0
autobattle CHAR t=188249187 turn=0 cliT=0 myNo=0 afl=38000 cb=0 pb=0 subP=3 procN=10 actInf=0 menuF=0 tgtSel=1 resW=0 self=hp259/st0 pet=hp336/st0 validEnemy=3 fallback=17 delay=0 cmd=H|11 heal[en=1 tf=3 c=95 p=95 a=95 mag=3 selfP=98/mx263 petP=97/mx345] | enemies=10:st0/hp0/mx0/df0/fn0/lv0/v0 11:st0/hp0/mx0/df0/fn0/lv0/v0 12:st0/hp0/mx0/df0/fn0/lv0/v0 13:st0/hp0/mx0/df0/fn0/lv0/v0 14:st0/hp0/mx0/df0/fn0/lv0/v0 15:st0/hp30/mx30/df0/fn4909D0/lv2/v1 16:st0/hp35/mx35/df0/fn4909D0/lv3/v1 17:st0/hp28/mx28/df0/fn4909D0/lv2/v1 18:st0/hp0/mx0/df0/fn0/lv0/v0 19:st0/hp0/mx0/df0/fn0/lv0/v0 
autobattle PET turn=0 myNo=0 row=0 si=0 seed=-2 target=17 validEnemy=3 minLv=2 pcEnable=0 cmd=W|0|11
autobattle tick cnt=1371 smto=1 res=0 battling=1 ctype=0 ptype=0
autobattle CHAR t=188250343 turn=1 cliT=1 myNo=0 afl=18000 cb=0 pb=0 subP=5 procN=10 actInf=0 menuF=0 tgtSel=1 resW=0 self=hp259/st0 pet=hp335/st0 validEnemy=2 fallback=15 delay=0 cmd=H|F heal[en=1 tf=3 c=95 p=95 a=95 mag=3 selfP=98/mx263 petP=97/mx345] | enemies=10:st0/hp0/mx0/df0/fn0/lv0/v0 11:st0/hp0/mx0/df0/fn0/lv0/v0 12:st0/hp0/mx0/df0/fn0/lv0/v0 13:st0/hp0/mx0/df0/fn0/lv0/v0 14:st0/hp0/mx0/df0/fn0/lv0/v0 15:st0/hp30/mx30/df0/fn4909D0/lv2/v1 16:st0/hp35/mx35/df0/fn4909D0/lv3/v1 17:st0/hp0/mx28/df0/fn0/lv2/v0 18:st0/hp0/mx0/df0/fn0/lv0/v0 19:st0/hp0/mx0/df0/fn0/lv0/v0 
autobattle PET turn=1 myNo=0 row=0 si=0 seed=-2 target=15 validEnemy=2 minLv=2 pcEnable=0 cmd=W|0|F
autobattle CHAR t=188251218 turn=2 cliT=2 myNo=0 afl=10000 cb=0 pb=0 subP=5 procN=10 actInf=0 menuF=0 tgtSel=1 resW=0 self=hp259/st0 pet=hp335/st0 validEnemy=1 fallback=16 delay=0 cmd=H|10 heal[en=1 tf=3 c=95 p=95 a=95 mag=3 selfP=98/mx263 petP=97/mx345] | enemies=10:st0/hp0/mx0/df0/fn0/lv0/v0 11:st0/hp0/mx0/df0/fn0/lv0/v0 12:st0/hp0/mx0/df0/fn0/lv0/v0 13:st0/hp0/mx0/df0/fn0/lv0/v0 14:st0/hp0/mx0/df0/fn0/lv0/v0 15:st0/hp0/mx30/df0/fn0/lv2/v0 16:st0/hp35/mx35/df0/fn4909D0/lv3/v1 17:st0/hp0/mx28/df0/fn0/lv2/v0 18:st0/hp0/mx0/df0/fn0/lv0/v0 19:st0/hp0/mx0/df0/fn0/lv0/v0 
autobattle tick cnt=1388 smto=1 res=0 battling=1 ctype=0 ptype=0
autobattle PET turn=2 myNo=0 row=0 si=0 seed=-2 target=16 validEnemy=1 minLv=3 pcEnable=0 cmd=W|0|10
autobattle CHAR t=188252203 turn=0 cliT=0 myNo=0 afl=78000 cb=0 pb=0 subP=3 procN=10 actInf=0 menuF=0 tgtSel=1 resW=0 self=hp259/st0 pet=hp335/st0 validEnemy=4 fallback=17 delay=0 cmd=H|11 heal[en=1 tf=3 c=95 p=95 a=95 mag=3 selfP=98/mx263 petP=97/mx345] | enemies=10:st0/hp0/mx0/df0/fn0/lv0/v0 11:st0/hp0/mx0/df0/fn0/lv0/v0 12:st0/hp0/mx0/df0/fn0/lv0/v0 13:st0/hp0/mx0/df0/fn0/lv0/v0 14:st0/hp0/mx0/df0/fn0/lv0/v0 15:st0/hp29/mx29/df0/fn4909D0/lv2/v1 16:st0/hp36/mx36/df0/fn4909D0/lv3/v1 17:st0/hp35/mx35/df0/fn4909D0/lv3/v1 18:st0/hp30/mx30/df0/fn4909D0/lv2/v1 19:st0/hp0/mx0/df0/fn0/lv0/v0 
autobattle PET turn=0 myNo=0 row=0 si=0 seed=-2 target=17 validEnemy=4 minLv=2 pcEnable=0 cmd=W|0|11
autobattle tick cnt=1401 smto=1 res=0 battling=1 ctype=0 ptype=0
autobattle tick cnt=1418 smto=1 res=0 battling=1 ctype=0 ptype=0
autobattle CHAR t=188253796 turn=1 cliT=1 myNo=0 afl=10000 cb=0 pb=0 subP=5 procN=10 actInf=0 menuF=0 tgtSel=1 resW=0 self=hp258/st0 pet=hp335/st0 validEnemy=1 fallback=16 delay=0 cmd=H|10 heal[en=1 tf=3 c=95 p=95 a=95 mag=3 selfP=98/mx263 petP=97/mx345] | enemies=10:st0/hp0/mx0/df0/fn0/lv0/v0 11:st0/hp0/mx0/df0/fn0/lv0/v0 12:st0/hp0/mx0/df0/fn0/lv0/v0 13:st0/hp0/mx0/df0/fn0/lv0/v0 14:st0/hp0/mx0/df0/fn0/lv0/v0 15:st0/hp0/mx29/df0/fn0/lv2/v0 16:st0/hp36/mx36/df0/fn4909D0/lv3/v1 17:st0/hp0/mx35/df0/fn0/lv3/v0 18:st0/hp0/mx30/df0/fn0/lv2/v0 19:st0/hp0/mx0/df0/fn0/lv0/v0 
autobattle PET turn=1 myNo=0 row=0 si=0 seed=-2 target=16 validEnemy=1 minLv=3 pcEnable=0 cmd=W|0|10
autobattle tick cnt=1434 smto=1 res=0 battling=1 ctype=0 ptype=0
autobattle tick cnt=1438 smto=1 res=0 battling=1 ctype=0 ptype=0
autobattle CHAR t=188255656 turn=0 cliT=0 myNo=0 afl=18000 cb=0 pb=0 subP=3 procN=10 actInf=0 menuF=0 tgtSel=1 resW=0 self=hp258/st0 pet=hp335/st0 validEnemy=2 fallback=15 delay=0 cmd=H|F heal[en=1 tf=3 c=95 p=95 a=95 mag=3 selfP=98/mx263 petP=97/mx345] | enemies=10:st0/hp0/mx0/df0/fn0/lv0/v0 11:st0/hp0/mx0/df0/fn0/lv0/v0 12:st0/hp0/mx0/df0/fn0/lv0/v0 13:st0/hp0/mx0/df0/fn0/lv0/v0 14:st0/hp0/mx0/df0/fn0/lv0/v0 15:st0/hp48/mx48/df0/fn4909D0/lv3/v1 16:st0/hp45/mx45/df0/fn4909D0/lv3/v1 17:st0/hp0/mx0/df0/fn0/lv0/v0 18:st0/hp0/mx0/df0/fn0/lv0/v0 19:st0/hp0/mx0/df0/fn0/lv0/v0 
autobattle PET turn=0 myNo=0 row=0 si=0 seed=-2 target=15 validEnemy=2 minLv=3 pcEnable=0 cmd=W|0|F
autobattle tick cnt=1455 smto=1 res=0 battling=1 ctype=0 ptype=0
autobattle CHAR t=188257562 turn=0 cliT=0 myNo=0 afl=38000 cb=0 pb=0 subP=3 procN=10 actInf=0 menuF=0 tgtSel=1 resW=0 self=hp258/st0 pet=hp335/st0 validEnemy=3 fallback=17 delay=0 cmd=H|11 heal[en=1 tf=3 c=95 p=95 a=95 mag=3 selfP=98/mx263 petP=97/mx345] | enemies=10:st0/hp0/mx0/df0/fn0/lv0/v0 11:st0/hp0/mx0/df0/fn0/lv0/v0 12:st0/hp0/mx0/df0/fn0/lv0/v0 13:st0/hp0/mx0/df0/fn0/lv0/v0 14:st0/hp0/mx0/df0/fn0/lv0/v0 15:st0/hp34/mx34/df0/fn4909D0/lv3/v1 16:st0/hp29/mx29/df0/fn4909D0/lv2/v1 17:st0/hp37/mx37/df0/fn4909D0/lv3/v1 18:st0/hp0/mx0/df0/fn0/lv0/v0 19:st0/hp0/mx0/df0/fn0/lv0/v0 
autobattle PET turn=0 myNo=0 row=0 si=0 seed=-2 target=17 validEnemy=3 minLv=2 pcEnable=0 cmd=W|0|11
autobattle tick cnt=1461 smto=1 res=0 battling=1 ctype=0 ptype=0
autobattle CHAR t=188258671 turn=1 cliT=1 myNo=0 afl=18000 cb=0 pb=0 subP=5 procN=10 actInf=0 menuF=0 tgtSel=1 resW=0 self=hp258/st0 pet=hp335/st0 validEnemy=2 fallback=15 delay=0 cmd=H|F heal[en=1 tf=3 c=95 p=95 a=95 mag=3 selfP=98/mx263 petP=97/mx345] | enemies=10:st0/hp0/mx0/df0/fn0/lv0/v0 11:st0/hp0/mx0/df0/fn0/lv0/v0 12:st0/hp0/mx0/df0/fn0/lv0/v0 13:st0/hp0/mx0/df0/fn0/lv0/v0 14:st0/hp0/mx0/df0/fn0/lv0/v0 15:st0/hp34/mx34/df0/fn4909D0/lv3/v1 16:st0/hp29/mx29/df0/fn4909D0/lv2/v1 17:st0/hp0/mx37/df0/fn0/lv3/v0 18:st0/hp0/mx0/df0/fn0/lv0/v0 19:st0/hp0/mx0/df0/fn0/lv0/v0 
autobattle PET turn=1 myNo=0 row=0 si=0 seed=-2 target=15 validEnemy=2 minLv=2 pcEnable=0 cmd=W|0|F
autobattle tick cnt=1478 smto=1 res=0 battling=1 ctype=0 ptype=0
autobattle tick cnt=1494 smto=1 res=0 battling=1 ctype=0 ptype=0
autobattle CHAR t=188260140 turn=0 cliT=0 myNo=0 afl=38000 cb=0 pb=0 subP=3 procN=10 actInf=0 menuF=0 tgtSel=1 resW=0 self=hp258/st0 pet=hp335/st0 validEnemy=3 fallback=17 delay=0 cmd=H|11 heal[en=1 tf=3 c=95 p=95 a=95 mag=3 selfP=98/mx263 petP=97/mx345] | enemies=10:st0/hp0/mx0/df0/fn0/lv0/v0 11:st0/hp0/mx0/df0/fn0/lv0/v0 12:st0/hp0/mx0/df0/fn0/lv0/v0 13:st0/hp0/mx0/df0/fn0/lv0/v0 14:st0/hp0/mx0/df0/fn0/lv0/v0 15:st0/hp33/mx33/df0/fn4909D0/lv2/v1 16:st0/hp36/mx36/df0/fn4909D0/lv3/v1 17:st0/hp29/mx29/df0/fn4909D0/lv2/v1 18:st0/hp0/mx0/df0/fn0/lv0/v0 19:st0/hp0/mx0/df0/fn0/lv0/v0 
autobattle PET turn=0 myNo=0 row=0 si=0 seed=-2 target=17 validEnemy=3 minLv=2 pcEnable=0 cmd=W|0|11
autobattle tick cnt=1511 smto=1 res=0 battling=1 ctype=0 ptype=0
autobattle CHAR t=188261250 turn=1 cliT=1 myNo=0 afl=18000 cb=0 pb=0 subP=5 procN=10 actInf=0 menuF=0 tgtSel=1 resW=0 self=hp258/st0 pet=hp334/st0 validEnemy=2 fallback=15 delay=0 cmd=H|F heal[en=1 tf=3 c=95 p=95 a=95 mag=3 selfP=98/mx263 petP=96/mx345] | enemies=10:st0/hp0/mx0/df0/fn0/lv0/v0 11:st0/hp0/mx0/df0/fn0/lv0/v0 12:st0/hp0/mx0/df0/fn0/lv0/v0 13:st0/hp0/mx0/df0/fn0/lv0/v0 14:st0/hp0/mx0/df0/fn0/lv0/v0 15:st0/hp33/mx33/df0/fn4909D0/lv2/v1 16:st0/hp36/mx36/df0/fn4909D0/lv3/v1 17:st0/hp0/mx29/df0/fn0/lv2/v0 18:st0/hp0/mx0/df0/fn0/lv0/v0 19:st0/hp0/mx0/df0/fn0/lv0/v0 
autobattle PET turn=1 myNo=0 row=0 si=0 seed=-2 target=15 validEnemy=2 minLv=2 pcEnable=0 cmd=W|0|F
autobattle CHAR t=188262109 turn=2 cliT=2 myNo=0 afl=10000 cb=0 pb=0 subP=2 procN=10 actInf=0 menuF=0 tgtSel=1 resW=0 self=hp258/st0 pet=hp334/st0 validEnemy=1 fallback=16 delay=0 cmd=H|10 heal[en=1 tf=3 c=95 p=95 a=95 mag=3 selfP=98/mx263 petP=96/mx345] | enemies=10:st0/hp0/mx0/df0/fn0/lv0/v0 11:st0/hp0/mx0/df0/fn0/lv0/v0 12:st0/hp0/mx0/df0/fn0/lv0/v0 13:st0/hp0/mx0/df0/fn0/lv0/v0 14:st0/hp0/mx0/df0/fn0/lv0/v0 15:st0/hp0/mx33/df0/fn0/lv2/v0 16:st0/hp36/mx36/df0/fn4909D0/lv3/v1 17:st0/hp0/mx29/df0/fn0/lv2/v0 18:st0/hp0/mx0/df0/fn0/lv0/v0 19:st0/hp0/mx0/df0/fn0/lv0/v0 
autobattle tick cnt=1528 smto=1 res=0 battling=1 ctype=0 ptype=0
autobattle PET turn=2 myNo=0 row=0 si=0 seed=-2 target=16 validEnemy=1 minLv=3 pcEnable=0 cmd=W|0|10
autobattle CHAR t=188263093 turn=0 cliT=0 myNo=0 afl=18000 cb=0 pb=0 subP=3 procN=10 actInf=0 menuF=0 tgtSel=1 resW=0 self=hp258/st0 pet=hp334/st0 validEnemy=2 fallback=15 delay=0 cmd=H|F heal[en=1 tf=3 c=95 p=95 a=95 mag=3 selfP=98/mx263 petP=96/mx345] | enemies=10:st0/hp0/mx0/df0/fn0/lv0/v0 11:st0/hp0/mx0/df0/fn0/lv0/v0 12:st0/hp0/mx0/df0/fn0/lv0/v0 13:st0/hp0/mx0/df0/fn0/lv0/v0 14:st0/hp0/mx0/df0/fn0/lv0/v0 15:st0/hp24/mx24/df0/fn4909D0/lv2/v1 16:st0/hp26/mx26/df0/fn4909D0/lv2/v1 17:st0/hp0/mx0/df0/fn0/lv0/v0 18:st0/hp0/mx0/df0/fn0/lv0/v0 19:st0/hp0/mx0/df0/fn0/lv0/v0 
autobattle PET turn=0 myNo=0 row=0 si=0 seed=-2 target=15 validEnemy=2 minLv=2 pcEnable=0 cmd=W|0|F
autobattle tick cnt=1542 smto=1 res=0 battling=1 ctype=0 ptype=0
autobattle CHAR t=188263953 turn=1 cliT=1 myNo=0 afl=10000 cb=0 pb=0 subP=2 procN=10 actInf=0 menuF=0 tgtSel=1 resW=0 self=hp257/st0 pet=hp334/st0 validEnemy=1 fallback=16 delay=0 cmd=H|10 heal[en=1 tf=3 c=95 p=95 a=95 mag=3 selfP=97/mx263 petP=96/mx345] | enemies=10:st0/hp0/mx0/df0/fn0/lv0/v0 11:st0/hp0/mx0/df0/fn0/lv0/v0 12:st0/hp0/mx0/df0/fn0/lv0/v0 13:st0/hp0/mx0/df0/fn0/lv0/v0 14:st0/hp0/mx0/df0/fn0/lv0/v0 15:st0/hp0/mx24/df0/fn0/lv2/v0 16:st0/hp26/mx26/df0/fn4909D0/lv2/v1 17:st0/hp0/mx0/df0/fn0/lv0/v0 18:st0/hp0/mx0/df0/fn0/lv0/v0 19:st0/hp0/mx0/df0/fn0/lv0/v0 
autobattle PET turn=1 myNo=0 row=0 si=0 seed=-2 target=16 validEnemy=1 minLv=2 pcEnable=0 cmd=W|0|10
autobattle tick cnt=1559 smto=1 res=0 battling=1 ctype=0 ptype=0
autobattle tick cnt=1568 smto=1 res=0 battling=1 ctype=0 ptype=0
autobattle CHAR t=188265687 turn=0 cliT=0 myNo=0 afl=18000 cb=0 pb=0 subP=3 procN=10 actInf=0 menuF=0 tgtSel=1 resW=0 self=hp257/st0 pet=hp334/st0 validEnemy=2 fallback=15 delay=0 cmd=H|F heal[en=1 tf=3 c=95 p=95 a=95 mag=3 selfP=97/mx263 petP=96/mx345] | enemies=10:st0/hp0/mx0/df0/fn0/lv0/v0 11:st0/hp0/mx0/df0/fn0/lv0/v0 12:st0/hp0/mx0/df0/fn0/lv0/v0 13:st0/hp0/mx0/df0/fn0/lv0/v0 14:st0/hp0/mx0/df0/fn0/lv0/v0 15:st0/hp50/mx50/df0/fn4909D0/lv4/v1 16:st0/hp42/mx42/df0/fn4909D0/lv2/v1 17:st0/hp0/mx0/df0/fn0/lv0/v0 18:st0/hp0/mx0/df0/fn0/lv0/v0 19:st0/hp0/mx0/df0/fn0/lv0/v0 
autobattle PET turn=0 myNo=0 row=0 si=0 seed=-2 target=15 validEnemy=2 minLv=2 pcEnable=0 cmd=W|0|F
autobattle CHAR t=188266609 turn=1 cliT=1 myNo=0 afl=10000 cb=0 pb=0 subP=5 procN=10 actInf=0 menuF=0 tgtSel=1 resW=0 self=hp256/st0 pet=hp334/st0 validEnemy=1 fallback=16 delay=0 cmd=H|10 heal[en=1 tf=3 c=95 p=95 a=95 mag=3 selfP=97/mx263 petP=96/mx345] | enemies=10:st0/hp0/mx0/df0/fn0/lv0/v0 11:st0/hp0/mx0/df0/fn0/lv0/v0 12:st0/hp0/mx0/df0/fn0/lv0/v0 13:st0/hp0/mx0/df0/fn0/lv0/v0 14:st0/hp0/mx0/df0/fn0/lv0/v0 15:st0/hp0/mx50/df0/fn0/lv4/v0 16:st0/hp42/mx42/df0/fn4909D0/lv2/v1 17:st0/hp0/mx0/df0/fn0/lv0/v0 18:st0/hp0/mx0/df0/fn0/lv0/v0 19:st0/hp0/mx0/df0/fn0/lv0/v0 
autobattle PET turn=1 myNo=0 row=0 si=0 seed=-2 target=16 validEnemy=1 minLv=2 pcEnable=0 cmd=W|0|10
autobattle tick cnt=1585 smto=1 res=0 battling=1 ctype=0 ptype=0
autobattle CHAR t=188267656 turn=0 cliT=0 myNo=0 afl=78000 cb=0 pb=0 subP=3 procN=10 actInf=0 menuF=0 tgtSel=1 resW=0 self=hp256/st0 pet=hp334/st0 validEnemy=4 fallback=17 delay=0 cmd=H|11 heal[en=1 tf=3 c=95 p=95 a=95 mag=3 selfP=97/mx263 petP=96/mx345] | enemies=10:st0/hp0/mx0/df0/fn0/lv0/v0 11:st0/hp0/mx0/df0/fn0/lv0/v0 12:st0/hp0/mx0/df0/fn0/lv0/v0 13:st0/hp0/mx0/df0/fn0/lv0/v0 14:st0/hp0/mx0/df0/fn0/lv0/v0 15:st0/hp24/mx24/df0/fn4909D0/lv2/v1 16:st0/hp25/mx25/df0/fn4909D0/lv2/v1 17:st0/hp25/mx25/df0/fn4909D0/lv2/v1 18:st0/hp28/mx28/df0/fn4909D0/lv3/v1 19:st0/hp0/mx0/df0/fn0/lv0/v0 
autobattle PET turn=0 myNo=0 row=0 si=0 seed=-2 target=17 validEnemy=4 minLv=2 pcEnable=0 cmd=W|0|11
autobattle tick cnt=1598 smto=1 res=0 battling=1 ctype=0 ptype=0
autobattle tick cnt=1615 smto=1 res=0 battling=1 ctype=0 ptype=0
autobattle CHAR t=188269000 turn=1 cliT=1 myNo=0 afl=48000 cb=0 pb=0 subP=5 procN=10 actInf=0 menuF=0 tgtSel=1 resW=0 self=hp256/st0 pet=hp334/st0 validEnemy=2 fallback=15 delay=0 cmd=H|F heal[en=1 tf=3 c=95 p=95 a=95 mag=3 selfP=97/mx263 petP=96/mx345] | enemies=10:st0/hp0/mx0/df0/fn0/lv0/v0 11:st0/hp0/mx0/df0/fn0/lv0/v0 12:st0/hp0/mx0/df0/fn0/lv0/v0 13:st0/hp0/mx0/df0/fn0/lv0/v0 14:st0/hp0/mx0/df0/fn0/lv0/v0 15:st0/hp24/mx24/df0/fn4909D0/lv2/v1 16:st0/hp0/mx25/df0/fn0/lv2/v0 17:st0/hp0/mx25/df0/fn0/lv2/v0 18:st0/hp28/mx28/df0/fn4909D0/lv3/v1 19:st0/hp0/mx0/df0/fn0/lv0/v0 
autobattle PET turn=1 myNo=0 row=0 si=0 seed=-2 target=15 validEnemy=2 minLv=2 pcEnable=0 cmd=W|0|F
autobattle tick cnt=1632 smto=1 res=0 battling=1 ctype=0 ptype=0
autobattle CHAR t=188270421 turn=0 cliT=0 myNo=0 afl=18000 cb=0 pb=0 subP=3 procN=10 actInf=0 menuF=0 tgtSel=1 resW=0 self=hp256/st0 pet=hp334/st0 validEnemy=2 fallback=15 delay=0 cmd=H|F heal[en=1 tf=3 c=95 p=95 a=95 mag=3 selfP=97/mx263 petP=96/mx345] | enemies=10:st0/hp0/mx0/df0/fn0/lv0/v0 11:st0/hp0/mx0/df0/fn0/lv0/v0 12:st0/hp0/mx0/df0/fn0/lv0/v0 13:st0/hp0/mx0/df0/fn0/lv0/v0 14:st0/hp0/mx0/df0/fn0/lv0/v0 15:st0/hp39/mx39/df0/fn4909D0/lv2/v1 16:st0/hp59/mx59/df0/fn4909D0/lv4/v1 17:st0/hp0/mx0/df0/fn0/lv0/v0 18:st0/hp0/mx0/df0/fn0/lv0/v0 19:st0/hp0/mx0/df0/fn0/lv0/v0 
autobattle PET turn=0 myNo=0 row=0 si=0 seed=-2 target=15 validEnemy=2 minLv=2 pcEnable=0 cmd=W|0|F
autobattle tick cnt=1645 smto=1 res=0 battling=1 ctype=0 ptype=0
autobattle tick cnt=1655 smto=1 res=0 battling=1 ctype=0 ptype=0
autobattle CHAR t=188272203 turn=0 cliT=0 myNo=0 afl=38000 cb=0 pb=0 subP=3 procN=10 actInf=0 menuF=0 tgtSel=1 resW=0 self=hp256/st0 pet=hp334/st0 validEnemy=3 fallback=17 delay=0 cmd=H|11 heal[en=1 tf=3 c=95 p=95 a=95 mag=3 selfP=97/mx263 petP=96/mx345] | enemies=10:st0/hp0/mx0/df0/fn0/lv0/v0 11:st0/hp0/mx0/df0/fn0/lv0/v0 12:st0/hp0/mx0/df0/fn0/lv0/v0 13:st0/hp0/mx0/df0/fn0/lv0/v0 14:st0/hp0/mx0/df0/fn0/lv0/v0 15:st0/hp54/mx54/df0/fn4909D0/lv4/v1 16:st0/hp38/mx38/df0/fn4909D0/lv2/v1 17:st0/hp38/mx38/df0/fn4909D0/lv2/v1 18:st0/hp0/mx0/df0/fn0/lv0/v0 19:st0/hp0/mx0/df0/fn0/lv0/v0 
autobattle PET turn=0 myNo=0 row=0 si=0 seed=-2 target=17 validEnemy=3 minLv=2 pcEnable=0 cmd=W|0|11
autobattle tick cnt=1672 smto=1 res=0 battling=1 ctype=0 ptype=0
autobattle CHAR t=188273437 turn=1 cliT=1 myNo=0 afl=10000 cb=0 pb=0 subP=5 procN=10 actInf=0 menuF=0 tgtSel=1 resW=0 self=hp255/st0 pet=hp334/st0 validEnemy=1 fallback=16 delay=0 cmd=H|10 heal[en=1 tf=3 c=95 p=95 a=95 mag=3 selfP=96/mx263 petP=96/mx345] | enemies=10:st0/hp0/mx0/df0/fn0/lv0/v0 11:st0/hp0/mx0/df0/fn0/lv0/v0 12:st0/hp0/mx0/df0/fn0/lv0/v0 13:st0/hp0/mx0/df0/fn0/lv0/v0 14:st0/hp0/mx0/df0/fn0/lv0/v0 15:st0/hp0/mx54/df0/fn0/lv4/v0 16:st0/hp38/mx38/df0/fn4909D0/lv2/v1 17:st0/hp0/mx38/df0/fn0/lv2/v0 18:st0/hp0/mx0/df0/fn0/lv0/v0 19:st0/hp0/mx0/df0/fn0/lv0/v0 
autobattle PET turn=1 myNo=0 row=0 si=0 seed=-2 target=16 validEnemy=1 minLv=2 pcEnable=0 cmd=W|0|10
autobattle tick cnt=1689 smto=1 res=0 battling=1 ctype=0 ptype=0
autobattle CHAR t=188274593 turn=0 cliT=0 myNo=0 afl=18000 cb=0 pb=0 subP=3 procN=10 actInf=0 menuF=0 tgtSel=1 resW=0 self=hp255/st0 pet=hp334/st0 validEnemy=2 fallback=15 delay=0 cmd=H|F heal[en=1 tf=3 c=95 p=95 a=95 mag=3 selfP=96/mx263 petP=96/mx345] | enemies=10:st0/hp0/mx0/df0/fn0/lv0/v0 11:st0/hp0/mx0/df0/fn0/lv0/v0 12:st0/hp0/mx0/df0/fn0/lv0/v0 13:st0/hp0/mx0/df0/fn0/lv0/v0 14:st0/hp0/mx0/df0/fn0/lv0/v0 15:st0/hp29/mx29/df0/fn4909D0/lv3/v1 16:st0/hp25/mx25/df0/fn4909D0/lv2/v1 17:st0/hp0/mx0/df0/fn0/lv0/v0 18:st0/hp0/mx0/df0/fn0/lv0/v0 19:st0/hp0/mx0/df0/fn0/lv0/v0 
autobattle PET turn=0 myNo=0 row=0 si=0 seed=-2 target=15 validEnemy=2 minLv=2 pcEnable=0 cmd=W|0|F
autobattle CHAR t=188275453 turn=1 cliT=1 myNo=0 afl=10000 cb=0 pb=0 subP=5 procN=10 actInf=0 menuF=0 tgtSel=1 resW=0 self=hp255/st0 pet=hp334/st0 validEnemy=1 fallback=16 delay=0 cmd=H|10 heal[en=1 tf=3 c=95 p=95 a=95 mag=3 selfP=96/mx263 petP=96/mx345] | enemies=10:st0/hp0/mx0/df0/fn0/lv0/v0 11:st0/hp0/mx0/df0/fn0/lv0/v0 12:st0/hp0/mx0/df0/fn0/lv0/v0 13:st0/hp0/mx0/df0/fn0/lv0/v0 14:st0/hp0/mx0/df0/fn0/lv0/v0 15:st0/hp0/mx29/df0/fn0/lv3/v0 16:st0/hp25/mx25/df0/fn4909D0/lv2/v1 17:st0/hp0/mx0/df0/fn0/lv0/v0 18:st0/hp0/mx0/df0/fn0/lv0/v0 19:st0/hp0/mx0/df0/fn0/lv0/v0 
autobattle PET turn=1 myNo=0 row=0 si=0 seed=-2 target=16 validEnemy=1 minLv=2 pcEnable=0 cmd=W|0|10
autobattle tick cnt=1706 smto=1 res=0 battling=1 ctype=0 ptype=0
autobattle tick cnt=1717 smto=1 res=0 battling=1 ctype=0 ptype=0
autobattle CHAR t=188276687 turn=0 cliT=0 myNo=0 afl=38000 cb=0 pb=0 subP=3 procN=10 actInf=0 menuF=0 tgtSel=1 resW=0 self=hp255/st0 pet=hp334/st0 validEnemy=3 fallback=17 delay=0 cmd=H|11 heal[en=1 tf=3 c=95 p=95 a=95 mag=3 selfP=96/mx263 petP=96/mx345] | enemies=10:st0/hp0/mx0/df0/fn0/lv0/v0 11:st0/hp0/mx0/df0/fn0/lv0/v0 12:st0/hp0/mx0/df0/fn0/lv0/v0 13:st0/hp0/mx0/df0/fn0/lv0/v0 14:st0/hp0/mx0/df0/fn0/lv0/v0 15:st0/hp27/mx27/df0/fn4909D0/lv2/v1 16:st0/hp31/mx31/df0/fn4909D0/lv3/v1 17:st0/hp31/mx31/df0/fn4909D0/lv3/v1 18:st0/hp0/mx0/df0/fn0/lv0/v0 19:st0/hp0/mx0/df0/fn0/lv0/v0 
autobattle PET turn=0 myNo=0 row=0 si=0 seed=-2 target=17 validEnemy=3 minLv=2 pcEnable=0 cmd=W|0|11
autobattle CHAR t=188277609 turn=1 cliT=1 myNo=0 afl=18000 cb=0 pb=0 subP=5 procN=10 actInf=0 menuF=0 tgtSel=1 resW=0 self=hp255/st0 pet=hp332/st0 validEnemy=2 fallback=15 delay=0 cmd=H|F heal[en=1 tf=3 c=95 p=95 a=95 mag=3 selfP=96/mx263 petP=96/mx345] | enemies=10:st0/hp0/mx0/df0/fn0/lv0/v0 11:st0/hp0/mx0/df0/fn0/lv0/v0 12:st0/hp0/mx0/df0/fn0/lv0/v0 13:st0/hp0/mx0/df0/fn0/lv0/v0 14:st0/hp0/mx0/df0/fn0/lv0/v0 15:st0/hp27/mx27/df0/fn4909D0/lv2/v1 16:st0/hp31/mx31/df0/fn4909D0/lv3/v1 17:st0/hp0/mx31/df0/fn0/lv3/v0 18:st0/hp0/mx0/df0/fn0/lv0/v0 19:st0/hp0/mx0/df0/fn0/lv0/v0 
autobattle tick cnt=1734 smto=1 res=0 battling=1 ctype=0 ptype=0
autobattle PET turn=1 myNo=0 row=0 si=0 seed=-2 target=15 validEnemy=2 minLv=2 pcEnable=0 cmd=W|0|F
autobattle tick cnt=1751 smto=1 res=0 battling=1 ctype=0 ptype=0
autobattle CHAR t=188279390 turn=0 cliT=0 myNo=0 afl=38000 cb=0 pb=0 subP=3 procN=10 actInf=0 menuF=0 tgtSel=1 resW=0 self=hp255/st0 pet=hp332/st0 validEnemy=3 fallback=17 delay=0 cmd=H|11 heal[en=1 tf=3 c=95 p=95 a=95 mag=3 selfP=96/mx263 petP=96/mx345] | enemies=10:st0/hp0/mx0/df0/fn0/lv0/v0 11:st0/hp0/mx0/df0/fn0/lv0/v0 12:st0/hp0/mx0/df0/fn0/lv0/v0 13:st0/hp0/mx0/df0/fn0/lv0/v0 14:st0/hp0/mx0/df0/fn0/lv0/v0 15:st0/hp35/mx35/df0/fn4909D0/lv3/v1 16:st0/hp39/mx39/df0/fn4909D0/lv3/v1 17:st0/hp28/mx28/df0/fn4909D0/lv2/v1 18:st0/hp0/mx0/df0/fn0/lv0/v0 19:st0/hp0/mx0/df0/fn0/lv0/v0 
autobattle PET turn=0 myNo=0 row=0 si=0 seed=-2 target=17 validEnemy=3 minLv=2 pcEnable=0 cmd=W|0|11
autobattle tick cnt=1768 smto=1 res=0 battling=1 ctype=0 ptype=0
autobattle CHAR t=188280562 turn=1 cliT=1 myNo=0 afl=18000 cb=0 pb=0 subP=5 procN=10 actInf=0 menuF=0 tgtSel=1 resW=0 self=hp254/st0 pet=hp332/st0 validEnemy=2 fallback=15 delay=0 cmd=H|F heal[en=1 tf=3 c=95 p=95 a=95 mag=3 selfP=96/mx263 petP=96/mx345] | enemies=10:st0/hp0/mx0/df0/fn0/lv0/v0 11:st0/hp0/mx0/df0/fn0/lv0/v0 12:st0/hp0/mx0/df0/fn0/lv0/v0 13:st0/hp0/mx0/df0/fn0/lv0/v0 14:st0/hp0/mx0/df0/fn0/lv0/v0 15:st0/hp35/mx35/df0/fn4909D0/lv3/v1 16:st0/hp39/mx39/df0/fn4909D0/lv3/v1 17:st0/hp0/mx28/df0/fn0/lv2/v0 18:st0/hp0/mx0/df0/fn0/lv0/v0 19:st0/hp0/mx0/df0/fn0/lv0/v0 
autobattle PET turn=1 myNo=0 row=0 si=0 seed=-2 target=15 validEnemy=2 minLv=3 pcEnable=0 cmd=W|0|F
autobattle tick cnt=1785 smto=1 res=0 battling=1 ctype=0 ptype=0
autobattle tick cnt=1789 smto=1 res=0 battling=1 ctype=0 ptype=0
autobattle CHAR t=188283515 turn=0 cliT=0 myNo=0 afl=38000 cb=0 pb=0 subP=3 procN=10 actInf=0 menuF=0 tgtSel=1 resW=0 self=hp254/st0 pet=hp332/st0 validEnemy=3 fallback=17 delay=0 cmd=H|11 heal[en=1 tf=3 c=95 p=95 a=95 mag=3 selfP=96/mx263 petP=96/mx345] | enemies=10:st0/hp0/mx0/df0/fn0/lv0/v0 11:st0/hp0/mx0/df0/fn0/lv0/v0 12:st0/hp0/mx0/df0/fn0/lv0/v0 13:st0/hp0/mx0/df0/fn0/lv0/v0 14:st0/hp0/mx0/df0/fn0/lv0/v0 15:st0/hp39/mx39/df0/fn4909D0/lv3/v1 16:st0/hp36/mx36/df0/fn4909D0/lv3/v1 17:st0/hp35/mx35/df0/fn4909D0/lv3/v1 18:st0/hp0/mx0/df0/fn0/lv0/v0 19:st0/hp0/mx0/df0/fn0/lv0/v0 
autobattle PET turn=0 myNo=0 row=0 si=0 seed=-2 target=17 validEnemy=3 minLv=3 pcEnable=0 cmd=W|0|11
autobattle tick cnt=1806 smto=1 res=0 battling=1 ctype=0 ptype=0
autobattle CHAR t=188284750 turn=1 cliT=1 myNo=0 afl=8000 cb=0 pb=0 subP=5 procN=10 actInf=0 menuF=0 tgtSel=1 resW=0 self=hp254/st0 pet=hp331/st0 validEnemy=1 fallback=15 delay=0 cmd=J|0|14 heal[en=1 tf=3 c=95 p=95 a=95 mag=3 selfP=96/mx263 petP=95/mx345] | enemies=10:st0/hp0/mx0/df0/fn0/lv0/v0 11:st0/hp0/mx0/df0/fn0/lv0/v0 12:st0/hp0/mx0/df0/fn0/lv0/v0 13:st0/hp0/mx0/df0/fn0/lv0/v0 14:st0/hp0/mx0/df0/fn0/lv0/v0 15:st0/hp39/mx39/df0/fn4909D0/lv3/v1 16:st0/hp0/mx36/df0/fn0/lv3/v0 17:st0/hp0/mx35/df0/fn0/lv3/v0 18:st0/hp0/mx0/df0/fn0/lv0/v0 19:st0/hp0/mx0/df0/fn0/lv0/v0 
autobattle PET turn=1 myNo=0 row=0 si=0 seed=-2 target=15 validEnemy=1 minLv=3 pcEnable=0 cmd=W|0|F
autobattle tick cnt=1821 smto=1 res=0 battling=1 ctype=0 ptype=0
autobattle CHAR t=188286843 turn=0 cliT=0 myNo=0 afl=8000 cb=0 pb=0 subP=3 procN=10 actInf=0 menuF=0 tgtSel=1 resW=0 self=hp254/st0 pet=hp331/st0 validEnemy=1 fallback=15 delay=0 cmd=J|0|14 heal[en=1 tf=3 c=95 p=95 a=95 mag=3 selfP=96/mx263 petP=95/mx345] | enemies=10:st0/hp0/mx0/df0/fn0/lv0/v0 11:st0/hp0/mx0/df0/fn0/lv0/v0 12:st0/hp0/mx0/df0/fn0/lv0/v0 13:st0/hp0/mx0/df0/fn0/lv0/v0 14:st0/hp0/mx0/df0/fn0/lv0/v0 15:st0/hp28/mx28/df0/fn4909D0/lv3/v1 16:st0/hp0/mx0/df0/fn0/lv0/v0 17:st0/hp0/mx0/df0/fn0/lv0/v0 18:st0/hp0/mx0/df0/fn0/lv0/v0 19:st0/hp0/mx0/df0/fn0/lv0/v0 
autobattle PET turn=0 myNo=0 row=0 si=0 seed=-2 target=15 validEnemy=1 minLv=3 pcEnable=0 cmd=W|0|F
autobattle tick cnt=1834 smto=1 res=0 battling=1 ctype=0 ptype=0
autobattle CHAR t=188288312 turn=0 cliT=0 myNo=0 afl=38000 cb=0 pb=0 subP=3 procN=10 actInf=0 menuF=0 tgtSel=1 resW=0 self=hp254/st0 pet=hp331/st0 validEnemy=3 fallback=17 delay=0 cmd=J|0|14 heal[en=1 tf=3 c=95 p=95 a=95 mag=3 selfP=96/mx263 petP=95/mx345] | enemies=10:st0/hp0/mx0/df0/fn0/lv0/v0 11:st0/hp0/mx0/df0/fn0/lv0/v0 12:st0/hp0/mx0/df0/fn0/lv0/v0 13:st0/hp0/mx0/df0/fn0/lv0/v0 14:st0/hp0/mx0/df0/fn0/lv0/v0 15:st0/hp31/mx31/df0/fn4909D0/lv2/v1 16:st0/hp38/mx38/df0/fn4909D0/lv3/v1 17:st0/hp31/mx31/df0/fn4909D0/lv2/v1 18:st0/hp0/mx0/df0/fn0/lv0/v0 19:st0/hp0/mx0/df0/fn0/lv0/v0 
autobattle PET turn=0 myNo=0 row=0 si=0 seed=-2 target=17 validEnemy=3 minLv=2 pcEnable=0 cmd=W|0|11
autobattle tick cnt=1851 smto=1 res=0 battling=1 ctype=0 ptype=0
autobattle CHAR t=188289671 turn=1 cliT=1 myNo=0 afl=18000 cb=0 pb=0 subP=5 procN=10 actInf=0 menuF=0 tgtSel=1 resW=0 self=hp263/st0 pet=hp345/st0 validEnemy=2 fallback=15 delay=0 cmd=H|F heal[en=1 tf=3 c=95 p=95 a=95 mag=3 selfP=100/mx263 petP=100/mx345] | enemies=10:st0/hp0/mx0/df0/fn0/lv0/v0 11:st0/hp0/mx0/df0/fn0/lv0/v0 12:st0/hp0/mx0/df0/fn0/lv0/v0 13:st0/hp0/mx0/df0/fn0/lv0/v0 14:st0/hp0/mx0/df0/fn0/lv0/v0 15:st0/hp31/mx31/df0/fn4909D0/lv2/v1 16:st0/hp38/mx38/df0/fn4909D0/lv3/v1 17:st0/hp0/mx31/df0/fn0/lv2/v0 18:st0/hp0/mx0/df0/fn0/lv0/v0 19:st0/hp0/mx0/df0/fn0/lv0/v0 
autobattle PET turn=1 myNo=0 row=0 si=0 seed=-2 target=15 validEnemy=2 minLv=2 pcEnable=0 cmd=W|0|F
autobattle tick cnt=1868 smto=1 res=0 battling=1 ctype=0 ptype=0
autobattle CHAR t=188290593 turn=2 cliT=2 myNo=0 afl=10000 cb=0 pb=0 subP=5 procN=10 actInf=0 menuF=0 tgtSel=1 resW=0 self=hp263/st0 pet=hp345/st0 validEnemy=1 fallback=16 delay=0 cmd=H|10 heal[en=1 tf=3 c=95 p=95 a=95 mag=3 selfP=100/mx263 petP=100/mx345] | enemies=10:st0/hp0/mx0/df0/fn0/lv0/v0 11:st0/hp0/mx0/df0/fn0/lv0/v0 12:st0/hp0/mx0/df0/fn0/lv0/v0 13:st0/hp0/mx0/df0/fn0/lv0/v0 14:st0/hp0/mx0/df0/fn0/lv0/v0 15:st0/hp0/mx31/df0/fn0/lv2/v0 16:st0/hp38/mx38/df0/fn4909D0/lv3/v1 17:st0/hp0/mx31/df0/fn0/lv2/v0 18:st0/hp0/mx0/df0/fn0/lv0/v0 19:st0/hp0/mx0/df0/fn0/lv0/v0 
autobattle PET turn=2 myNo=0 row=0 si=0 seed=-2 target=16 validEnemy=1 minLv=3 pcEnable=0 cmd=W|0|10
autobattle tick cnt=1884 smto=1 res=0 battling=1 ctype=0 ptype=0
autobattle CHAR t=188292000 turn=0 cliT=0 myNo=0 afl=8000 cb=0 pb=0 subP=3 procN=10 actInf=0 menuF=0 tgtSel=1 resW=0 self=hp263/st0 pet=hp345/st0 validEnemy=1 fallback=15 delay=0 cmd=H|F heal[en=1 tf=3 c=95 p=95 a=95 mag=3 selfP=100/mx263 petP=100/mx345] | enemies=10:st0/hp0/mx0/df0/fn0/lv0/v0 11:st0/hp0/mx0/df0/fn0/lv0/v0 12:st0/hp0/mx0/df0/fn0/lv0/v0 13:st0/hp0/mx0/df0/fn0/lv0/v0 14:st0/hp0/mx0/df0/fn0/lv0/v0 15:st0/hp50/mx50/df0/fn4909D0/lv4/v1 16:st0/hp0/mx0/df0/fn0/lv0/v0 17:st0/hp0/mx0/df0/fn0/lv0/v0 18:st0/hp0/mx0/df0/fn0/lv0/v0 19:st0/hp0/mx0/df0/fn0/lv0/v0 
autobattle PET turn=0 myNo=0 row=0 si=0 seed=-2 target=15 validEnemy=1 minLv=4 pcEnable=0 cmd=W|0|F
autobattle tick cnt=1898 smto=1 res=0 battling=1 ctype=0 ptype=0
autobattle CHAR t=188294343 turn=0 cliT=0 myNo=0 afl=18000 cb=0 pb=0 subP=3 procN=10 actInf=0 menuF=0 tgtSel=1 resW=0 self=hp263/st0 pet=hp345/st0 validEnemy=2 fallback=15 delay=0 cmd=H|F heal[en=1 tf=3 c=95 p=95 a=95 mag=3 selfP=100/mx263 petP=100/mx345] | enemies=10:st0/hp0/mx0/df0/fn0/lv0/v0 11:st0/hp0/mx0/df0/fn0/lv0/v0 12:st0/hp0/mx0/df0/fn0/lv0/v0 13:st0/hp0/mx0/df0/fn0/lv0/v0 14:st0/hp0/mx0/df0/fn0/lv0/v0 15:st0/hp31/mx31/df0/fn4909D0/lv3/v1 16:st0/hp30/mx30/df0/fn4909D0/lv3/v1 17:st0/hp0/mx0/df0/fn0/lv0/v0 18:st0/hp0/mx0/df0/fn0/lv0/v0 19:st0/hp0/mx0/df0/fn0/lv0/v0 
autobattle PET turn=0 myNo=0 row=0 si=0 seed=-2 target=15 validEnemy=2 minLv=3 pcEnable=0 cmd=W|0|F
autobattle tick cnt=1915 smto=1 res=0 battling=1 ctype=0 ptype=0
autobattle CHAR t=188295750 turn=0 cliT=0 myNo=0 afl=38000 cb=0 pb=0 subP=3 procN=10 actInf=0 menuF=0 tgtSel=1 resW=0 self=hp263/st0 pet=hp345/st0 validEnemy=3 fallback=17 delay=0 cmd=H|11 heal[en=1 tf=3 c=95 p=95 a=95 mag=3 selfP=100/mx263 petP=100/mx345] | enemies=10:st0/hp0/mx0/df0/fn0/lv0/v0 11:st0/hp0/mx0/df0/fn0/lv0/v0 12:st0/hp0/mx0/df0/fn0/lv0/v0 13:st0/hp0/mx0/df0/fn0/lv0/v0 14:st0/hp0/mx0/df0/fn0/lv0/v0 15:st0/hp36/mx36/df0/fn4909D0/lv3/v1 16:st0/hp30/mx30/df0/fn4909D0/lv2/v1 17:st0/hp36/mx36/df0/fn4909D0/lv3/v1 18:st0/hp0/mx0/df0/fn0/lv0/v0 19:st0/hp0/mx0/df0/fn0/lv0/v0 
autobattle PET turn=0 myNo=0 row=0 si=0 seed=-2 target=17 validEnemy=3 minLv=2 pcEnable=0 cmd=W|0|11
autobattle tick cnt=1929 smto=1 res=0 battling=1 ctype=0 ptype=0
autobattle CHAR t=188296984 turn=1 cliT=1 myNo=0 afl=18000 cb=0 pb=0 subP=5 procN=10 actInf=0 menuF=0 tgtSel=1 resW=0 self=hp261/st0 pet=hp345/st0 validEnemy=2 fallback=15 delay=0 cmd=H|F heal[en=1 tf=3 c=95 p=95 a=95 mag=3 selfP=99/mx263 petP=100/mx345] | enemies=10:st0/hp0/mx0/df0/fn0/lv0/v0 11:st0/hp0/mx0/df0/fn0/lv0/v0 12:st0/hp0/mx0/df0/fn0/lv0/v0 13:st0/hp0/mx0/df0/fn0/lv0/v0 14:st0/hp0/mx0/df0/fn0/lv0/v0 15:st0/hp36/mx36/df0/fn4909D0/lv3/v1 16:st0/hp30/mx30/df0/fn4909D0/lv2/v1 17:st0/hp0/mx36/df0/fn0/lv3/v0 18:st0/hp0/mx0/df0/fn0/lv0/v0 19:st0/hp0/mx0/df0/fn0/lv0/v0 
autobattle PET turn=1 myNo=0 row=0 si=0 seed=-2 target=15 validEnemy=2 minLv=2 pcEnable=0 cmd=W|0|F
autobattle tick cnt=1946 smto=1 res=0 battling=1 ctype=0 ptype=0
autobattle tick cnt=1956 smto=1 res=0 battling=1 ctype=0 ptype=0
autobattle CHAR t=188299390 turn=0 cliT=0 myNo=0 afl=8000 cb=0 pb=0 subP=3 procN=10 actInf=0 menuF=0 tgtSel=1 resW=0 self=hp261/st0 pet=hp345/st0 validEnemy=1 fallback=15 delay=0 cmd=H|F heal[en=1 tf=3 c=95 p=95 a=95 mag=3 selfP=99/mx263 petP=100/mx345] | enemies=10:st0/hp0/mx0/df0/fn0/lv0/v0 11:st0/hp0/mx0/df0/fn0/lv0/v0 12:st0/hp0/mx0/df0/fn0/lv0/v0 13:st0/hp0/mx0/df0/fn0/lv0/v0 14:st0/hp0/mx0/df0/fn0/lv0/v0 15:st0/hp34/mx34/df0/fn4909D0/lv3/v1 16:st0/hp0/mx0/df0/fn0/lv0/v0 17:st0/hp0/mx0/df0/fn0/lv0/v0 18:st0/hp0/mx0/df0/fn0/lv0/v0 19:st0/hp0/mx0/df0/fn0/lv0/v0 
autobattle PET turn=0 myNo=0 row=0 si=0 seed=-2 target=15 validEnemy=1 minLv=3 pcEnable=0 cmd=W|0|F
autobattle tick cnt=1970 smto=1 res=0 battling=1 ctype=0 ptype=0
autobattle CHAR t=188301171 turn=0 cliT=0 myNo=0 afl=F8000 cb=0 pb=0 subP=3 procN=10 actInf=0 menuF=0 tgtSel=1 resW=0 self=hp261/st0 pet=hp345/st0 validEnemy=5 fallback=19 delay=0 cmd=H|13 heal[en=1 tf=3 c=95 p=95 a=95 mag=3 selfP=99/mx263 petP=100/mx345] | enemies=10:st0/hp0/mx0/df0/fn0/lv0/v0 11:st0/hp0/mx0/df0/fn0/lv0/v0 12:st0/hp0/mx0/df0/fn0/lv0/v0 13:st0/hp0/mx0/df0/fn0/lv0/v0 14:st0/hp0/mx0/df0/fn0/lv0/v0 15:st0/hp31/mx31/df0/fn4909D0/lv3/v1 16:st0/hp30/mx30/df0/fn4909D0/lv3/v1 17:st0/hp25/mx25/df0/fn4909D0/lv2/v1 18:st0/hp24/mx24/df0/fn4909D0/lv2/v1 19:st0/hp30/mx30/df0/fn4909D0/lv3/v1 
autobattle PET turn=0 myNo=0 row=0 si=0 seed=-2 target=19 validEnemy=5 minLv=2 pcEnable=0 cmd=W|0|13
autobattle tick cnt=1987 smto=1 res=0 battling=1 ctype=0 ptype=0
autobattle CHAR t=188302593 turn=1 cliT=1 myNo=0 afl=68000 cb=0 pb=0 subP=5 procN=10 actInf=0 menuF=0 tgtSel=1 resW=0 self=hp260/st0 pet=hp343/st0 validEnemy=3 fallback=17 delay=0 cmd=H|11 heal[en=1 tf=3 c=95 p=95 a=95 mag=3 selfP=98/mx263 petP=99/mx345] | enemies=10:st0/hp0/mx0/df0/fn0/lv0/v0 11:st0/hp0/mx0/df0/fn0/lv0/v0 12:st0/hp0/mx0/df0/fn0/lv0/v0 13:st0/hp0/mx0/df0/fn0/lv0/v0 14:st0/hp0/mx0/df0/fn0/lv0/v0 15:st0/hp31/mx31/df0/fn4909D0/lv3/v1 16:st0/hp0/mx30/df0/fn0/lv3/v0 17:st0/hp25/mx25/df0/fn4909D0/lv2/v1 18:st0/hp24/mx24/df0/fn4909D0/lv2/v1 19:st0/hp0/mx30/df0/fn0/lv3/v0 
autobattle PET turn=1 myNo=0 row=0 si=0 seed=-2 target=17 validEnemy=3 minLv=2 pcEnable=0 cmd=W|0|11
autobattle tick cnt=2003 smto=1 res=0 battling=1 ctype=0 ptype=0
autobattle CHAR t=188303640 turn=2 cliT=2 myNo=0 afl=48000 cb=0 pb=0 subP=5 procN=10 actInf=0 menuF=0 tgtSel=1 resW=0 self=hp260/st0 pet=hp343/st0 validEnemy=2 fallback=15 delay=0 cmd=H|F heal[en=1 tf=3 c=95 p=95 a=95 mag=3 selfP=98/mx263 petP=99/mx345] | enemies=10:st0/hp0/mx0/df0/fn0/lv0/v0 11:st0/hp0/mx0/df0/fn0/lv0/v0 12:st0/hp0/mx0/df0/fn0/lv0/v0 13:st0/hp0/mx0/df0/fn0/lv0/v0 14:st0/hp0/mx0/df0/fn0/lv0/v0 15:st0/hp31/mx31/df0/fn4909D0/lv3/v1 16:st0/hp0/mx30/df0/fn0/lv3/v0 17:st0/hp0/mx25/df0/fn0/lv2/v0 18:st0/hp24/mx24/df0/fn4909D0/lv2/v1 19:st0/hp0/mx30/df0/fn0/lv3/v0 
autobattle PET turn=2 myNo=0 row=0 si=0 seed=-2 target=15 validEnemy=2 minLv=2 pcEnable=0 cmd=W|0|F
autobattle tick cnt=2020 smto=1 res=0 battling=1 ctype=0 ptype=0
autobattle CHAR t=188304562 turn=3 cliT=3 myNo=0 afl=40000 cb=0 pb=0 subP=5 procN=10 actInf=0 menuF=0 tgtSel=1 resW=0 self=hp260/st0 pet=hp343/st0 validEnemy=1 fallback=18 delay=0 cmd=H|12 heal[en=1 tf=3 c=95 p=95 a=95 mag=3 selfP=98/mx263 petP=99/mx345] | enemies=10:st0/hp0/mx0/df0/fn0/lv0/v0 11:st0/hp0/mx0/df0/fn0/lv0/v0 12:st0/hp0/mx0/df0/fn0/lv0/v0 13:st0/hp0/mx0/df0/fn0/lv0/v0 14:st0/hp0/mx0/df0/fn0/lv0/v0 15:st0/hp0/mx31/df0/fn0/lv3/v0 16:st0/hp0/mx30/df0/fn0/lv3/v0 17:st0/hp0/mx25/df0/fn0/lv2/v0 18:st0/hp24/mx24/df0/fn4909D0/lv2/v1 19:st0/hp0/mx30/df0/fn0/lv3/v0 
autobattle PET turn=3 myNo=0 row=0 si=0 seed=-2 target=18 validEnemy=1 minLv=2 pcEnable=0 cmd=W|0|12
autobattle tick cnt=2037 smto=1 res=0 battling=1 ctype=0 ptype=0
autobattle tick cnt=2038 smto=1 res=0 battling=1 ctype=0 ptype=0
autobattle CHAR t=188308812 turn=0 cliT=0 myNo=0 afl=F8000 cb=0 pb=0 subP=3 procN=10 actInf=0 menuF=0 tgtSel=1 resW=0 self=hp260/st0 pet=hp343/st0 validEnemy=5 fallback=19 delay=0 cmd=H|13 heal[en=1 tf=3 c=95 p=95 a=95 mag=3 selfP=98/mx263 petP=99/mx345] | enemies=10:st0/hp0/mx0/df0/fn0/lv0/v0 11:st0/hp0/mx0/df0/fn0/lv0/v0 12:st0/hp0/mx0/df0/fn0/lv0/v0 13:st0/hp0/mx0/df0/fn0/lv0/v0 14:st0/hp0/mx0/df0/fn0/lv0/v0 15:st0/hp31/mx31/df0/fn4909D0/lv2/v1 16:st0/hp39/mx39/df0/fn4909D0/lv3/v1 17:st0/hp34/mx34/df0/fn4909D0/lv3/v1 18:st0/hp29/mx29/df0/fn4909D0/lv2/v1 19:st0/hp37/mx37/df0/fn4909D0/lv3/v1 
autobattle PET turn=0 myNo=0 row=0 si=0 seed=-2 target=19 validEnemy=5 minLv=2 pcEnable=0 cmd=W|0|13
autobattle tick cnt=2055 smto=1 res=0 battling=1 ctype=0 ptype=0
autobattle CHAR t=188310531 turn=1 cliT=1 myNo=0 afl=38000 cb=0 pb=0 subP=5 procN=10 actInf=0 menuF=0 tgtSel=1 resW=0 self=hp259/st0 pet=hp342/st0 validEnemy=3 fallback=17 delay=0 cmd=H|11 heal[en=1 tf=3 c=95 p=95 a=95 mag=3 selfP=98/mx263 petP=99/mx345] | enemies=10:st0/hp0/mx0/df0/fn0/lv0/v0 11:st0/hp0/mx0/df0/fn0/lv0/v0 12:st0/hp0/mx0/df0/fn0/lv0/v0 13:st0/hp0/mx0/df0/fn0/lv0/v0 14:st0/hp0/mx0/df0/fn0/lv0/v0 15:st0/hp31/mx31/df0/fn4909D0/lv2/v1 16:st0/hp39/mx39/df0/fn4909D0/lv3/v1 17:st0/hp34/mx34/df0/fn4909D0/lv3/v1 18:st0/hp0/mx29/df0/fn0/lv2/v0 19:st0/hp0/mx37/df0/fn0/lv3/v0 
autobattle PET turn=1 myNo=0 row=0 si=0 seed=-2 target=17 validEnemy=3 minLv=2 pcEnable=0 cmd=W|0|11
autobattle tick cnt=2072 smto=1 res=0 battling=1 ctype=0 ptype=0
autobattle CHAR t=188311250 turn=2 cliT=2 myNo=0 afl=0 cb=0 pb=0 subP=6 procN=10 actInf=0 menuF=0 tgtSel=1 resW=0 self=hp259/st0 pet=hp342/st0 validEnemy=1 fallback=16 delay=0 cmd=H|10 heal[en=1 tf=3 c=95 p=95 a=95 mag=3 selfP=98/mx263 petP=99/mx345] | enemies=10:st0/hp0/mx0/df0/fn0/lv0/v0 11:st0/hp0/mx0/df0/fn0/lv0/v0 12:st0/hp0/mx0/df0/fn0/lv0/v0 13:st0/hp0/mx0/df0/fn0/lv0/v0 14:st0/hp0/mx0/df0/fn0/lv0/v0 15:st0/hp0/mx31/df0/fn4909D0/lv2/v0 16:st0/hp39/mx39/df0/fn4909D0/lv3/v1 17:st0/hp0/mx34/df0/fn0/lv3/v0 18:st0/hp0/mx29/df0/fn0/lv2/v0 19:st0/hp0/mx37/df0/fn0/lv3/v0 
autobattle tick cnt=2088 smto=1 res=0 battling=1 ctype=0 ptype=0
autobattle tick cnt=2091 smto=1 res=0 battling=1 ctype=0 ptype=0
autobattle CHAR t=188313515 turn=0 cliT=0 myNo=0 afl=78000 cb=0 pb=0 subP=3 procN=10 actInf=0 menuF=0 tgtSel=1 resW=0 self=hp259/st0 pet=hp342/st0 validEnemy=4 fallback=17 delay=0 cmd=H|11 heal[en=1 tf=3 c=95 p=95 a=95 mag=3 selfP=98/mx263 petP=99/mx345] | enemies=10:st0/hp0/mx0/df0/fn0/lv0/v0 11:st0/hp0/mx0/df0/fn0/lv0/v0 12:st0/hp0/mx0/df0/fn0/lv0/v0 13:st0/hp0/mx0/df0/fn0/lv0/v0 14:st0/hp0/mx0/df0/fn0/lv0/v0 15:st0/hp30/mx30/df0/fn4909D0/lv3/v1 16:st0/hp31/mx31/df0/fn4909D0/lv3/v1 17:st0/hp27/mx27/df0/fn4909D0/lv2/v1 18:st0/hp28/mx28/df0/fn4909D0/lv3/v1 19:st0/hp0/mx0/df0/fn0/lv0/v0 
autobattle PET turn=0 myNo=0 row=0 si=0 seed=-2 target=17 validEnemy=4 minLv=2 pcEnable=0 cmd=W|0|11
autobattle tick cnt=2108 smto=1 res=0 battling=1 ctype=0 ptype=0
autobattle CHAR t=188314875 turn=1 cliT=1 myNo=0 afl=58000 cb=0 pb=0 subP=5 procN=10 actInf=0 menuF=0 tgtSel=1 resW=0 self=hp259/st0 pet=hp341/st0 validEnemy=3 fallback=15 delay=0 cmd=H|F heal[en=1 tf=3 c=95 p=95 a=95 mag=3 selfP=98/mx263 petP=98/mx345] | enemies=10:st0/hp0/mx0/df0/fn0/lv0/v0 11:st0/hp0/mx0/df0/fn0/lv0/v0 12:st0/hp0/mx0/df0/fn0/lv0/v0 13:st0/hp0/mx0/df0/fn0/lv0/v0 14:st0/hp0/mx0/df0/fn0/lv0/v0 15:st0/hp30/mx30/df0/fn4909D0/lv3/v1 16:st0/hp31/mx31/df0/fn4909D0/lv3/v1 17:st0/hp0/mx27/df0/fn0/lv2/v0 18:st0/hp28/mx28/df0/fn4909D0/lv3/v1 19:st0/hp0/mx0/df0/fn0/lv0/v0 
autobattle PET turn=1 myNo=0 row=0 si=0 seed=-2 target=15 validEnemy=3 minLv=3 pcEnable=0 cmd=W|0|F
autobattle tick cnt=2125 smto=1 res=0 battling=1 ctype=0 ptype=0
autobattle CHAR t=188315859 turn=2 cliT=2 myNo=0 afl=50000 cb=0 pb=0 subP=4 procN=10 actInf=0 menuF=0 tgtSel=1 resW=0 self=hp259/st0 pet=hp341/st0 validEnemy=2 fallback=16 delay=0 cmd=H|10 heal[en=1 tf=3 c=95 p=95 a=95 mag=3 selfP=98/mx263 petP=98/mx345] | enemies=10:st0/hp0/mx0/df0/fn0/lv0/v0 11:st0/hp0/mx0/df0/fn0/lv0/v0 12:st0/hp0/mx0/df0/fn0/lv0/v0 13:st0/hp0/mx0/df0/fn0/lv0/v0 14:st0/hp0/mx0/df0/fn0/lv0/v0 15:st0/hp0/mx30/df0/fn0/lv3/v0 16:st0/hp31/mx31/df0/fn4909D0/lv3/v1 17:st0/hp0/mx27/df0/fn0/lv2/v0 18:st0/hp28/mx28/df0/fn4909D0/lv3/v1 19:st0/hp0/mx0/df0/fn0/lv0/v0 
autobattle PET turn=2 myNo=0 row=0 si=0 seed=-2 target=16 validEnemy=2 minLv=3 pcEnable=0 cmd=W|0|10
autobattle tick cnt=2142 smto=1 res=0 battling=1 ctype=0 ptype=0
autobattle tick cnt=2147 smto=1 res=0 battling=1 ctype=0 ptype=0
autobattle CHAR t=188319296 turn=0 cliT=0 myNo=0 afl=F8000 cb=0 pb=0 subP=3 procN=10 actInf=0 menuF=0 tgtSel=1 resW=0 self=hp259/st0 pet=hp341/st0 validEnemy=5 fallback=19 delay=0 cmd=H|13 heal[en=1 tf=3 c=95 p=95 a=95 mag=3 selfP=98/mx263 petP=98/mx345] | enemies=10:st0/hp0/mx0/df0/fn0/lv0/v0 11:st0/hp0/mx0/df0/fn0/lv0/v0 12:st0/hp0/mx0/df0/fn0/lv0/v0 13:st0/hp0/mx0/df0/fn0/lv0/v0 14:st0/hp0/mx0/df0/fn0/lv0/v0 15:st0/hp36/mx36/df0/fn4909D0/lv3/v1 16:st0/hp34/mx34/df0/fn4909D0/lv3/v1 17:st0/hp27/mx27/df0/fn4909D0/lv2/v1 18:st0/hp33/mx33/df0/fn4909D0/lv3/v1 19:st0/hp37/mx37/df0/fn4909D0/lv3/v1 
autobattle PET turn=0 myNo=0 row=0 si=0 seed=-2 target=19 validEnemy=5 minLv=2 pcEnable=0 cmd=W|0|13
autobattle tick cnt=2164 smto=1 res=0 battling=1 ctype=0 ptype=0
autobattle tick cnt=2180 smto=1 res=0 battling=1 ctype=0 ptype=0
autobattle CHAR t=188321593 turn=1 cliT=1 myNo=0 afl=10000 cb=0 pb=0 subP=5 procN=10 actInf=0 menuF=0 tgtSel=1 resW=0 self=hp259/st0 pet=hp340/st0 validEnemy=1 fallback=16 delay=0 cmd=H|10 heal[en=1 tf=3 c=95 p=95 a=95 mag=3 selfP=98/mx263 petP=98/mx345] | enemies=10:st0/hp0/mx0/df0/fn0/lv0/v0 11:st0/hp0/mx0/df0/fn0/lv0/v0 12:st0/hp0/mx0/df0/fn0/lv0/v0 13:st0/hp0/mx0/df0/fn0/lv0/v0 14:st0/hp0/mx0/df0/fn0/lv0/v0 15:st0/hp0/mx36/df0/fn0/lv3/v0 16:st0/hp34/mx34/df0/fn4909D0/lv3/v1 17:st0/hp0/mx27/df0/fn0/lv2/v0 18:st0/hp0/mx33/df0/fn0/lv3/v0 19:st0/hp0/mx37/df0/fn0/lv3/v0 
autobattle PET turn=1 myNo=0 row=0 si=0 seed=-2 target=16 validEnemy=1 minLv=3 pcEnable=0 cmd=W|0|10
autobattle tick cnt=2196 smto=1 res=0 battling=1 ctype=0 ptype=0
autobattle CHAR t=188323625 turn=0 cliT=0 myNo=0 afl=18000 cb=0 pb=0 subP=3 procN=10 actInf=0 menuF=0 tgtSel=1 resW=0 self=hp259/st0 pet=hp340/st0 validEnemy=2 fallback=15 delay=0 cmd=H|F heal[en=1 tf=3 c=95 p=95 a=95 mag=3 selfP=98/mx263 petP=98/mx345] | enemies=10:st0/hp0/mx0/df0/fn0/lv0/v0 11:st0/hp0/mx0/df0/fn0/lv0/v0 12:st0/hp0/mx0/df0/fn0/lv0/v0 13:st0/hp0/mx0/df0/fn0/lv0/v0 14:st0/hp0/mx0/df0/fn0/lv0/v0 15:st0/hp26/mx26/df0/fn4909D0/lv2/v1 16:st0/hp24/mx24/df0/fn4909D0/lv2/v1 17:st0/hp0/mx0/df0/fn0/lv0/v0 18:st0/hp0/mx0/df0/fn0/lv0/v0 19:st0/hp0/mx0/df0/fn0/lv0/v0 
autobattle PET turn=0 myNo=0 row=0 si=0 seed=-2 target=15 validEnemy=2 minLv=2 pcEnable=0 cmd=W|0|F
autobattle tick cnt=2213 smto=1 res=0 battling=1 ctype=0 ptype=0
autobattle CHAR t=188325218 turn=0 cliT=0 myNo=0 afl=78000 cb=0 pb=0 subP=3 procN=10 actInf=0 menuF=0 tgtSel=1 resW=0 self=hp259/st0 pet=hp340/st0 validEnemy=4 fallback=17 delay=0 cmd=H|11 heal[en=1 tf=3 c=95 p=95 a=95 mag=3 selfP=98/mx263 petP=98/mx345] | enemies=10:st0/hp0/mx0/df0/fn0/lv0/v0 11:st0/hp0/mx0/df0/fn0/lv0/v0 12:st0/hp0/mx0/df0/fn0/lv0/v0 13:st0/hp0/mx0/df0/fn0/lv0/v0 14:st0/hp0/mx0/df0/fn0/lv0/v0 15:st0/hp33/mx33/df0/fn4909D0/lv3/v1 16:st0/hp27/mx27/df0/fn4909D0/lv3/v1 17:st0/hp28/mx28/df0/fn4909D0/lv3/v1 18:st0/hp30/mx30/df0/fn4909D0/lv3/v1 19:st0/hp0/mx0/df0/fn0/lv0/v0 
autobattle PET turn=0 myNo=0 row=0 si=0 seed=-2 target=17 validEnemy=4 minLv=3 pcEnable=0 cmd=W|0|11
autobattle tick cnt=2223 smto=1 res=0 battling=1 ctype=0 ptype=0
autobattle CHAR t=188326562 turn=1 cliT=1 myNo=0 afl=58000 cb=0 pb=0 subP=4 procN=10 actInf=0 menuF=0 tgtSel=1 resW=0 self=hp259/st0 pet=hp340/st0 validEnemy=3 fallback=15 delay=0 cmd=H|F heal[en=1 tf=3 c=95 p=95 a=95 mag=3 selfP=98/mx263 petP=98/mx345] | enemies=10:st0/hp0/mx0/df0/fn0/lv0/v0 11:st0/hp0/mx0/df0/fn0/lv0/v0 12:st0/hp0/mx0/df0/fn0/lv0/v0 13:st0/hp0/mx0/df0/fn0/lv0/v0 14:st0/hp0/mx0/df0/fn0/lv0/v0 15:st0/hp33/mx33/df0/fn4909D0/lv3/v1 16:st0/hp27/mx27/df0/fn4909D0/lv3/v1 17:st0/hp0/mx28/df0/fn0/lv3/v0 18:st0/hp30/mx30/df0/fn4909D0/lv3/v1 19:st0/hp0/mx0/df0/fn0/lv0/v0 
autobattle PET turn=1 myNo=0 row=0 si=0 seed=-2 target=15 validEnemy=3 minLv=3 pcEnable=0 cmd=W|0|F
autobattle tick cnt=2240 smto=1 res=0 battling=1 ctype=0 ptype=0
autobattle CHAR t=188327671 turn=2 cliT=2 myNo=0 afl=50000 cb=0 pb=0 subP=5 procN=10 actInf=0 menuF=0 tgtSel=1 resW=0 self=hp258/st0 pet=hp340/st0 validEnemy=2 fallback=16 delay=0 cmd=H|10 heal[en=1 tf=3 c=95 p=95 a=95 mag=3 selfP=98/mx263 petP=98/mx345] | enemies=10:st0/hp0/mx0/df0/fn0/lv0/v0 11:st0/hp0/mx0/df0/fn0/lv0/v0 12:st0/hp0/mx0/df0/fn0/lv0/v0 13:st0/hp0/mx0/df0/fn0/lv0/v0 14:st0/hp0/mx0/df0/fn0/lv0/v0 15:st0/hp0/mx33/df0/fn0/lv3/v0 16:st0/hp27/mx27/df0/fn4909D0/lv3/v1 17:st0/hp0/mx28/df0/fn0/lv3/v0 18:st0/hp30/mx30/df0/fn4909D0/lv3/v1 19:st0/hp0/mx0/df0/fn0/lv0/v0 
autobattle tick cnt=2257 smto=1 res=0 battling=1 ctype=0 ptype=0
autobattle PET turn=2 myNo=0 row=0 si=0 seed=-2 target=16 validEnemy=2 minLv=3 pcEnable=0 cmd=W|0|10
autobattle tick cnt=2274 smto=1 res=0 battling=1 ctype=0 ptype=0
autobattle CHAR t=188331671 turn=0 cliT=0 myNo=0 afl=F8000 cb=0 pb=0 subP=3 procN=10 actInf=0 menuF=0 tgtSel=1 resW=0 self=hp258/st0 pet=hp340/st0 validEnemy=5 fallback=19 delay=0 cmd=H|13 heal[en=1 tf=3 c=95 p=95 a=95 mag=3 selfP=98/mx263 petP=98/mx345] | enemies=10:st0/hp0/mx0/df0/fn0/lv0/v0 11:st0/hp0/mx0/df0/fn0/lv0/v0 12:st0/hp0/mx0/df0/fn0/lv0/v0 13:st0/hp0/mx0/df0/fn0/lv0/v0 14:st0/hp0/mx0/df0/fn0/lv0/v0 15:st0/hp33/mx33/df0/fn4909D0/lv3/v1 16:st0/hp29/mx29/df0/fn4909D0/lv3/v1 17:st0/hp30/mx30/df0/fn4909D0/lv3/v1 18:st0/hp29/mx29/df0/fn4909D0/lv3/v1 19:st0/hp31/mx31/df0/fn4909D0/lv3/v1 
autobattle PET turn=0 myNo=0 row=0 si=0 seed=-2 target=19 validEnemy=5 minLv=3 pcEnable=0 cmd=W|0|13
autobattle tick cnt=2291 smto=1 res=0 battling=1 ctype=0 ptype=0
autobattle CHAR t=188333031 turn=1 cliT=1 myNo=0 afl=78000 cb=0 pb=0 subP=5 procN=10 actInf=0 menuF=0 tgtSel=1 resW=0 self=hp258/st0 pet=hp335/st0 validEnemy=4 fallback=17 delay=0 cmd=H|11 heal[en=1 tf=3 c=95 p=95 a=95 mag=3 selfP=98/mx263 petP=97/mx345] | enemies=10:st0/hp0/mx0/df0/fn0/lv0/v0 11:st0/hp0/mx0/df0/fn0/lv0/v0 12:st0/hp0/mx0/df0/fn0/lv0/v0 13:st0/hp0/mx0/df0/fn0/lv0/v0 14:st0/hp0/mx0/df0/fn0/lv0/v0 15:st0/hp33/mx33/df0/fn4909D0/lv3/v1 16:st0/hp29/mx29/df0/fn4909D0/lv3/v1 17:st0/hp30/mx30/df0/fn4909D0/lv3/v1 18:st0/hp29/mx29/df0/fn4909D0/lv3/v1 19:st0/hp0/mx31/df0/fn0/lv3/v0 
autobattle PET turn=1 myNo=0 row=0 si=0 seed=-2 target=17 validEnemy=4 minLv=3 pcEnable=0 cmd=W|0|11
autobattle tick cnt=2307 smto=1 res=0 battling=1 ctype=0 ptype=0
autobattle CHAR t=188334296 turn=2 cliT=2 myNo=0 afl=58000 cb=0 pb=0 subP=5 procN=10 actInf=0 menuF=0 tgtSel=1 resW=0 self=hp258/st0 pet=hp334/st0 validEnemy=3 fallback=15 delay=0 cmd=H|F heal[en=1 tf=3 c=95 p=95 a=95 mag=3 selfP=98/mx263 petP=96/mx345] | enemies=10:st0/hp0/mx0/df0/fn0/lv0/v0 11:st0/hp0/mx0/df0/fn0/lv0/v0 12:st0/hp0/mx0/df0/fn0/lv0/v0 13:st0/hp0/mx0/df0/fn0/lv0/v0 14:st0/hp0/mx0/df0/fn0/lv0/v0 15:st0/hp33/mx33/df0/fn4909D0/lv3/v1 16:st0/hp29/mx29/df0/fn4909D0/lv3/v1 17:st0/hp0/mx30/df0/fn0/lv3/v0 18:st0/hp29/mx29/df0/fn4909D0/lv3/v1 19:st0/hp0/mx31/df0/fn0/lv3/v0 
autobattle PET turn=2 myNo=0 row=0 si=0 seed=-2 target=15 validEnemy=3 minLv=3 pcEnable=0 cmd=W|0|F
autobattle tick cnt=2324 smto=1 res=0 battling=1 ctype=0 ptype=0
autobattle CHAR t=188335343 turn=3 cliT=3 myNo=0 afl=50000 cb=0 pb=0 subP=5 procN=10 actInf=0 menuF=0 tgtSel=1 resW=0 self=hp258/st0 pet=hp333/st0 validEnemy=2 fallback=16 delay=0 cmd=H|10 heal[en=1 tf=3 c=95 p=95 a=95 mag=3 selfP=98/mx263 petP=96/mx345] | enemies=10:st0/hp0/mx0/df0/fn0/lv0/v0 11:st0/hp0/mx0/df0/fn0/lv0/v0 12:st0/hp0/mx0/df0/fn0/lv0/v0 13:st0/hp0/mx0/df0/fn0/lv0/v0 14:st0/hp0/mx0/df0/fn0/lv0/v0 15:st0/hp0/mx33/df0/fn0/lv3/v0 16:st0/hp29/mx29/df0/fn4909D0/lv3/v1 17:st0/hp0/mx30/df0/fn0/lv3/v0 18:st0/hp29/mx29/df0/fn4909D0/lv3/v1 19:st0/hp0/mx31/df0/fn0/lv3/v0 
autobattle PET turn=3 myNo=0 row=0 si=0 seed=-2 target=16 validEnemy=2 minLv=3 pcEnable=0 cmd=W|0|10
autobattle tick cnt=2341 smto=1 res=0 battling=1 ctype=0 ptype=0
autobattle CHAR t=188336765 turn=0 cliT=0 myNo=0 afl=F8000 cb=0 pb=0 subP=3 procN=10 actInf=0 menuF=0 tgtSel=1 resW=0 self=hp258/st0 pet=hp333/st0 validEnemy=5 fallback=19 delay=0 cmd=H|13 heal[en=1 tf=3 c=95 p=95 a=95 mag=3 selfP=98/mx263 petP=96/mx345] | enemies=10:st0/hp0/mx0/df0/fn0/lv0/v0 11:st0/hp0/mx0/df0/fn0/lv0/v0 12:st0/hp0/mx0/df0/fn0/lv0/v0 13:st0/hp0/mx0/df0/fn0/lv0/v0 14:st0/hp0/mx0/df0/fn0/lv0/v0 15:st0/hp35/mx35/df0/fn4909D0/lv3/v1 16:st0/hp32/mx32/df0/fn4909D0/lv2/v1 17:st0/hp33/mx33/df0/fn4909D0/lv3/v1 18:st0/hp38/mx38/df0/fn4909D0/lv3/v1 19:st0/hp28/mx28/df0/fn4909D0/lv2/v1 
autobattle tick cnt=2355 smto=1 res=0 battling=1 ctype=0 ptype=0
autobattle PET turn=0 myNo=0 row=0 si=0 seed=-2 target=19 validEnemy=5 minLv=2 pcEnable=0 cmd=W|0|13
autobattle tick cnt=2372 smto=1 res=0 battling=1 ctype=0 ptype=0
autobattle CHAR t=188338296 turn=1 cliT=1 myNo=0 afl=78000 cb=0 pb=0 subP=5 procN=10 actInf=0 menuF=0 tgtSel=1 resW=0 self=hp258/st0 pet=hp333/st0 validEnemy=4 fallback=17 delay=0 cmd=H|11 heal[en=1 tf=3 c=95 p=95 a=95 mag=3 selfP=98/mx263 petP=96/mx345] | enemies=10:st0/hp0/mx0/df0/fn0/lv0/v0 11:st0/hp0/mx0/df0/fn0/lv0/v0 12:st0/hp0/mx0/df0/fn0/lv0/v0 13:st0/hp0/mx0/df0/fn0/lv0/v0 14:st0/hp0/mx0/df0/fn0/lv0/v0 15:st0/hp35/mx35/df0/fn4909D0/lv3/v1 16:st0/hp32/mx32/df0/fn4909D0/lv2/v1 17:st0/hp33/mx33/df0/fn4909D0/lv3/v1 18:st0/hp38/mx38/df0/fn4909D0/lv3/v1 19:st0/hp0/mx28/df0/fn0/lv2/v0 
autobattle PET turn=1 myNo=0 row=0 si=0 seed=-2 target=17 validEnemy=4 minLv=2 pcEnable=0 cmd=W|0|11
autobattle tick cnt=2389 smto=1 res=0 battling=1 ctype=0 ptype=0
autobattle CHAR t=188339718 turn=2 cliT=2 myNo=0 afl=58000 cb=0 pb=0 subP=5 procN=10 actInf=0 menuF=0 tgtSel=1 resW=0 self=hp256/st0 pet=hp333/st0 validEnemy=3 fallback=15 delay=0 cmd=H|F heal[en=1 tf=3 c=95 p=95 a=95 mag=3 selfP=97/mx263 petP=96/mx345] | enemies=10:st0/hp0/mx0/df0/fn0/lv0/v0 11:st0/hp0/mx0/df0/fn0/lv0/v0 12:st0/hp0/mx0/df0/fn0/lv0/v0 13:st0/hp0/mx0/df0/fn0/lv0/v0 14:st0/hp0/mx0/df0/fn0/lv0/v0 15:st0/hp35/mx35/df0/fn4909D0/lv3/v1 16:st0/hp32/mx32/df0/fn4909D0/lv2/v1 17:st0/hp0/mx33/df0/fn0/lv3/v0 18:st0/hp38/mx38/df0/fn4909D0/lv3/v1 19:st0/hp0/mx28/df0/fn0/lv2/v0 
autobattle PET turn=2 myNo=0 row=0 si=0 seed=-2 target=15 validEnemy=3 minLv=2 pcEnable=0 cmd=W|0|F
autobattle tick cnt=2406 smto=1 res=0 battling=1 ctype=0 ptype=0
autobattle CHAR t=188340890 turn=3 cliT=3 myNo=0 afl=50000 cb=0 pb=0 subP=5 procN=10 actInf=0 menuF=0 tgtSel=1 resW=0 self=hp256/st0 pet=hp333/st0 validEnemy=2 fallback=16 delay=0 cmd=H|10 heal[en=1 tf=3 c=95 p=95 a=95 mag=3 selfP=97/mx263 petP=96/mx345] | enemies=10:st0/hp0/mx0/df0/fn0/lv0/v0 11:st0/hp0/mx0/df0/fn0/lv0/v0 12:st0/hp0/mx0/df0/fn0/lv0/v0 13:st0/hp0/mx0/df0/fn0/lv0/v0 14:st0/hp0/mx0/df0/fn0/lv0/v0 15:st0/hp0/mx35/df0/fn0/lv3/v0 16:st0/hp32/mx32/df0/fn4909D0/lv2/v1 17:st0/hp0/mx33/df0/fn0/lv3/v0 18:st0/hp38/mx38/df0/fn4909D0/lv3/v1 19:st0/hp0/mx28/df0/fn0/lv2/v0 
autobattle PET turn=3 myNo=0 row=0 si=0 seed=-2 target=16 validEnemy=2 minLv=2 pcEnable=0 cmd=W|0|10
autobattle tick cnt=2423 smto=1 res=0 battling=1 ctype=0 ptype=0
autobattle tick cnt=2439 smto=1 res=0 battling=1 ctype=0 ptype=0
autobattle CHAR t=188342734 turn=0 cliT=0 myNo=0 afl=18000 cb=0 pb=0 subP=3 procN=10 actInf=0 menuF=0 tgtSel=1 resW=0 self=hp256/st0 pet=hp333/st0 validEnemy=2 fallback=15 delay=0 cmd=H|F heal[en=1 tf=3 c=95 p=95 a=95 mag=3 selfP=97/mx263 petP=96/mx345] | enemies=10:st0/hp0/mx0/df0/fn0/lv0/v0 11:st0/hp0/mx0/df0/fn0/lv0/v0 12:st0/hp0/mx0/df0/fn0/lv0/v0 13:st0/hp0/mx0/df0/fn0/lv0/v0 14:st0/hp0/mx0/df0/fn0/lv0/v0 15:st0/hp36/mx36/df0/fn4909D0/lv3/v1 16:st0/hp36/mx36/df0/fn4909D0/lv3/v1 17:st0/hp0/mx0/df0/fn0/lv0/v0 18:st0/hp0/mx0/df0/fn0/lv0/v0 19:st0/hp0/mx0/df0/fn0/lv0/v0 
autobattle PET turn=0 myNo=0 row=0 si=0 seed=-2 target=15 validEnemy=2 minLv=3 pcEnable=0 cmd=W|0|F
autobattle tick cnt=2456 smto=1 res=0 battling=1 ctype=0 ptype=0
autobattle tick cnt=2459 smto=1 res=0 battling=1 ctype=0 ptype=0
autobattle CHAR t=188344937 turn=0 cliT=0 myNo=0 afl=38000 cb=0 pb=0 subP=3 procN=10 actInf=0 menuF=0 tgtSel=1 resW=0 self=hp256/st0 pet=hp333/st0 validEnemy=3 fallback=17 delay=0 cmd=H|11 heal[en=1 tf=3 c=95 p=95 a=95 mag=3 selfP=97/mx263 petP=96/mx345] | enemies=10:st0/hp0/mx0/df0/fn0/lv0/v0 11:st0/hp0/mx0/df0/fn0/lv0/v0 12:st0/hp0/mx0/df0/fn0/lv0/v0 13:st0/hp0/mx0/df0/fn0/lv0/v0 14:st0/hp0/mx0/df0/fn0/lv0/v0 15:st0/hp31/mx31/df0/fn4909D0/lv2/v1 16:st0/hp28/mx28/df0/fn4909D0/lv2/v1 17:st0/hp37/mx37/df0/fn4909D0/lv3/v1 18:st0/hp0/mx0/df0/fn0/lv0/v0 19:st0/hp0/mx0/df0/fn0/lv0/v0 
autobattle PET turn=0 myNo=0 row=0 si=0 seed=-2 target=17 validEnemy=3 minLv=2 pcEnable=0 cmd=W|0|11
autobattle tick cnt=2476 smto=1 res=0 battling=1 ctype=0 ptype=0
autobattle CHAR t=188346046 turn=1 cliT=1 myNo=0 afl=18000 cb=0 pb=0 subP=5 procN=10 actInf=0 menuF=0 tgtSel=1 resW=0 self=hp256/st0 pet=hp333/st0 validEnemy=2 fallback=15 delay=0 cmd=H|F heal[en=1 tf=3 c=95 p=95 a=95 mag=3 selfP=97/mx263 petP=96/mx345] | enemies=10:st0/hp0/mx0/df0/fn0/lv0/v0 11:st0/hp0/mx0/df0/fn0/lv0/v0 12:st0/hp0/mx0/df0/fn0/lv0/v0 13:st0/hp0/mx0/df0/fn0/lv0/v0 14:st0/hp0/mx0/df0/fn0/lv0/v0 15:st0/hp31/mx31/df0/fn4909D0/lv2/v1 16:st0/hp28/mx28/df0/fn4909D0/lv2/v1 17:st0/hp0/mx37/df0/fn0/lv3/v0 18:st0/hp0/mx0/df0/fn0/lv0/v0 19:st0/hp0/mx0/df0/fn0/lv0/v0 
autobattle PET turn=1 myNo=0 row=0 si=0 seed=-2 target=15 validEnemy=2 minLv=2 pcEnable=0 cmd=W|0|F
autobattle tick cnt=2493 smto=1 res=0 battling=1 ctype=0 ptype=0
autobattle tick cnt=2496 smto=1 res=0 battling=1 ctype=0 ptype=0
autobattle CHAR t=188349375 turn=0 cliT=0 myNo=0 afl=38000 cb=0 pb=0 subP=3 procN=10 actInf=0 menuF=0 tgtSel=1 resW=0 self=hp256/st0 pet=hp333/st0 validEnemy=3 fallback=17 delay=0 cmd=H|11 heal[en=1 tf=3 c=95 p=95 a=95 mag=3 selfP=97/mx263 petP=96/mx345] | enemies=10:st0/hp0/mx0/df0/fn0/lv0/v0 11:st0/hp0/mx0/df0/fn0/lv0/v0 12:st0/hp0/mx0/df0/fn0/lv0/v0 13:st0/hp0/mx0/df0/fn0/lv0/v0 14:st0/hp0/mx0/df0/fn0/lv0/v0 15:st0/hp25/mx25/df0/fn4909D0/lv2/v1 16:st0/hp29/mx29/df0/fn4909D0/lv3/v1 17:st0/hp31/mx31/df0/fn4909D0/lv3/v1 18:st0/hp0/mx0/df0/fn0/lv0/v0 19:st0/hp0/mx0/df0/fn0/lv0/v0 
autobattle PET turn=0 myNo=0 row=0 si=0 seed=-2 target=17 validEnemy=3 minLv=2 pcEnable=0 cmd=W|0|11
autobattle tick cnt=2513 smto=1 res=0 battling=1 ctype=0 ptype=0
autobattle CHAR t=188350421 turn=1 cliT=1 myNo=0 afl=18000 cb=0 pb=0 subP=5 procN=10 actInf=0 menuF=0 tgtSel=1 resW=0 self=hp256/st0 pet=hp332/st0 validEnemy=2 fallback=15 delay=0 cmd=H|F heal[en=1 tf=3 c=95 p=95 a=95 mag=3 selfP=97/mx263 petP=96/mx345] | enemies=10:st0/hp0/mx0/df0/fn0/lv0/v0 11:st0/hp0/mx0/df0/fn0/lv0/v0 12:st0/hp0/mx0/df0/fn0/lv0/v0 13:st0/hp0/mx0/df0/fn0/lv0/v0 14:st0/hp0/mx0/df0/fn0/lv0/v0 15:st0/hp25/mx25/df0/fn4909D0/lv2/v1 16:st0/hp29/mx29/df0/fn4909D0/lv3/v1 17:st0/hp0/mx31/df0/fn0/lv3/v0 18:st0/hp0/mx0/df0/fn0/lv0/v0 19:st0/hp0/mx0/df0/fn0/lv0/v0 
autobattle PET turn=1 myNo=0 row=0 si=0 seed=-2 target=15 validEnemy=2 minLv=2 pcEnable=0 cmd=W|0|F
autobattle tick cnt=2530 smto=1 res=0 battling=1 ctype=0 ptype=0
autobattle CHAR t=188351406 turn=2 cliT=2 myNo=0 afl=10000 cb=0 pb=0 subP=5 procN=10 actInf=0 menuF=0 tgtSel=1 resW=0 self=hp256/st0 pet=hp332/st0 validEnemy=1 fallback=16 delay=0 cmd=H|10 heal[en=1 tf=3 c=95 p=95 a=95 mag=3 selfP=97/mx263 petP=96/mx345] | enemies=10:st0/hp0/mx0/df0/fn0/lv0/v0 11:st0/hp0/mx0/df0/fn0/lv0/v0 12:st0/hp0/mx0/df0/fn0/lv0/v0 13:st0/hp0/mx0/df0/fn0/lv0/v0 14:st0/hp0/mx0/df0/fn0/lv0/v0 15:st0/hp0/mx25/df0/fn0/lv2/v0 16:st0/hp29/mx29/df0/fn4909D0/lv3/v1 17:st0/hp0/mx31/df0/fn0/lv3/v0 18:st0/hp0/mx0/df0/fn0/lv0/v0 19:st0/hp0/mx0/df0/fn0/lv0/v0 
autobattle PET turn=2 myNo=0 row=0 si=0 seed=-2 target=16 validEnemy=1 minLv=3 pcEnable=0 cmd=W|0|10
autobattle tick cnt=2543 smto=1 res=0 battling=1 ctype=0 ptype=0
autobattle CHAR t=188354671 turn=0 cliT=0 myNo=0 afl=18000 cb=0 pb=0 subP=3 procN=10 actInf=0 menuF=0 tgtSel=1 resW=0 self=hp256/st0 pet=hp332/st0 validEnemy=2 fallback=15 delay=0 cmd=H|F heal[en=1 tf=3 c=95 p=95 a=95 mag=3 selfP=97/mx263 petP=96/mx345] | enemies=10:st0/hp0/mx0/df0/fn0/lv0/v0 11:st0/hp0/mx0/df0/fn0/lv0/v0 12:st0/hp0/mx0/df0/fn0/lv0/v0 13:st0/hp0/mx0/df0/fn0/lv0/v0 14:st0/hp0/mx0/df0/fn0/lv0/v0 15:st0/hp44/mx44/df0/fn4909D0/lv3/v1 16:st0/hp57/mx57/df0/fn4909D0/lv4/v1 17:st0/hp0/mx0/df0/fn0/lv0/v0 18:st0/hp0/mx0/df0/fn0/lv0/v0 19:st0/hp0/mx0/df0/fn0/lv0/v0 
autobattle PET turn=0 myNo=0 row=0 si=0 seed=-2 target=15 validEnemy=2 minLv=3 pcEnable=0 cmd=W|0|F
autobattle tick cnt=2559 smto=1 res=0 battling=1 ctype=0 ptype=0
autobattle CHAR t=188355546 turn=1 cliT=1 myNo=0 afl=10000 cb=0 pb=0 subP=5 procN=10 actInf=0 menuF=0 tgtSel=1 resW=0 self=hp256/st0 pet=hp331/st0 validEnemy=1 fallback=16 delay=0 cmd=J|0|14 heal[en=1 tf=3 c=95 p=95 a=95 mag=3 selfP=97/mx263 petP=95/mx345] | enemies=10:st0/hp0/mx0/df0/fn0/lv0/v0 11:st0/hp0/mx0/df0/fn0/lv0/v0 12:st0/hp0/mx0/df0/fn0/lv0/v0 13:st0/hp0/mx0/df0/fn0/lv0/v0 14:st0/hp0/mx0/df0/fn0/lv0/v0 15:st0/hp0/mx44/df0/fn0/lv3/v0 16:st0/hp57/mx57/df0/fn4909D0/lv4/v1 17:st0/hp0/mx0/df0/fn0/lv0/v0 18:st0/hp0/mx0/df0/fn0/lv0/v0 19:st0/hp0/mx0/df0/fn0/lv0/v0 
autobattle PET turn=1 myNo=0 row=0 si=0 seed=-2 target=16 validEnemy=1 minLv=4 pcEnable=0 cmd=W|0|10
autobattle tick cnt=2571 smto=1 res=0 battling=1 ctype=0 ptype=0
autobattle CHAR t=188357953 turn=0 cliT=0 myNo=0 afl=18000 cb=0 pb=0 subP=3 procN=10 actInf=0 menuF=0 tgtSel=1 resW=0 self=hp256/st0 pet=hp331/st0 validEnemy=2 fallback=15 delay=0 cmd=J|0|14 heal[en=1 tf=3 c=95 p=95 a=95 mag=3 selfP=97/mx263 petP=95/mx345] | enemies=10:st0/hp0/mx0/df0/fn0/lv0/v0 11:st0/hp0/mx0/df0/fn0/lv0/v0 12:st0/hp0/mx0/df0/fn0/lv0/v0 13:st0/hp0/mx0/df0/fn0/lv0/v0 14:st0/hp0/mx0/df0/fn0/lv0/v0 15:st0/hp39/mx39/df0/fn4909D0/lv3/v1 16:st0/hp30/mx30/df0/fn4909D0/lv2/v1 17:st0/hp0/mx0/df0/fn0/lv0/v0 18:st0/hp0/mx0/df0/fn0/lv0/v0 19:st0/hp0/mx0/df0/fn0/lv0/v0 
autobattle PET turn=0 myNo=0 row=0 si=0 seed=-2 target=15 validEnemy=2 minLv=2 pcEnable=0 cmd=W|0|F
autobattle tick cnt=2587 smto=1 res=0 battling=1 ctype=0 ptype=0
autobattle CHAR t=188359078 turn=1 cliT=1 myNo=0 afl=10000 cb=0 pb=0 subP=5 procN=10 actInf=0 menuF=0 tgtSel=1 resW=0 self=hp263/st0 pet=hp345/st0 validEnemy=1 fallback=16 delay=0 cmd=H|10 heal[en=1 tf=3 c=95 p=95 a=95 mag=3 selfP=100/mx263 petP=100/mx345] | enemies=10:st0/hp0/mx0/df0/fn0/lv0/v0 11:st0/hp0/mx0/df0/fn0/lv0/v0 12:st0/hp0/mx0/df0/fn0/lv0/v0 13:st0/hp0/mx0/df0/fn0/lv0/v0 14:st0/hp0/mx0/df0/fn0/lv0/v0 15:st0/hp0/mx39/df0/fn0/lv3/v0 16:st0/hp30/mx30/df0/fn4909D0/lv2/v1 17:st0/hp0/mx0/df0/fn0/lv0/v0 18:st0/hp0/mx0/df0/fn0/lv0/v0 19:st0/hp0/mx0/df0/fn0/lv0/v0 
autobattle PET turn=1 myNo=0 row=0 si=0 seed=-2 target=16 validEnemy=1 minLv=2 pcEnable=0 cmd=W|0|10
autobattle tick cnt=2602 smto=1 res=0 battling=1 ctype=0 ptype=0
autobattle CHAR t=188360312 turn=0 cliT=0 myNo=0 afl=38000 cb=0 pb=0 subP=3 procN=10 actInf=0 menuF=0 tgtSel=1 resW=0 self=hp263/st0 pet=hp345/st0 validEnemy=3 fallback=17 delay=0 cmd=H|11 heal[en=1 tf=3 c=95 p=95 a=95 mag=3 selfP=100/mx263 petP=100/mx345] | enemies=10:st0/hp0/mx0/df0/fn0/lv0/v0 11:st0/hp0/mx0/df0/fn0/lv0/v0 12:st0/hp0/mx0/df0/fn0/lv0/v0 13:st0/hp0/mx0/df0/fn0/lv0/v0 14:st0/hp0/mx0/df0/fn0/lv0/v0 15:st0/hp55/mx55/df0/fn4909D0/lv4/v1 16:st0/hp38/mx38/df0/fn4909D0/lv2/v1 17:st0/hp37/mx37/df0/fn4909D0/lv2/v1 18:st0/hp0/mx0/df0/fn0/lv0/v0 19:st0/hp0/mx0/df0/fn0/lv0/v0 
autobattle PET turn=0 myNo=0 row=0 si=0 seed=-2 target=17 validEnemy=3 minLv=2 pcEnable=0 cmd=W|0|11
autobattle tick cnt=2619 smto=1 res=0 battling=1 ctype=0 ptype=0
autobattle CHAR t=188361468 turn=1 cliT=1 myNo=0 afl=10000 cb=0 pb=0 subP=5 procN=10 actInf=0 menuF=0 tgtSel=1 resW=0 self=hp263/st0 pet=hp345/st0 validEnemy=1 fallback=16 delay=0 cmd=H|10 heal[en=1 tf=3 c=95 p=95 a=95 mag=3 selfP=100/mx263 petP=100/mx345] | enemies=10:st0/hp0/mx0/df0/fn0/lv0/v0 11:st0/hp0/mx0/df0/fn0/lv0/v0 12:st0/hp0/mx0/df0/fn0/lv0/v0 13:st0/hp0/mx0/df0/fn0/lv0/v0 14:st0/hp0/mx0/df0/fn0/lv0/v0 15:st0/hp0/mx55/df0/fn0/lv4/v0 16:st0/hp38/mx38/df0/fn4909D0/lv2/v1 17:st0/hp0/mx37/df0/fn0/lv2/v0 18:st0/hp0/mx0/df0/fn0/lv0/v0 19:st0/hp0/mx0/df0/fn0/lv0/v0 
autobattle PET turn=1 myNo=0 row=0 si=0 seed=-2 target=16 validEnemy=1 minLv=2 pcEnable=0 cmd=W|0|10
autobattle tick cnt=2634 smto=1 res=0 battling=1 ctype=0 ptype=0
autobattle CHAR t=188363250 turn=0 cliT=0 myNo=0 afl=38000 cb=0 pb=0 subP=3 procN=10 actInf=0 menuF=0 tgtSel=1 resW=0 self=hp263/st0 pet=hp345/st0 validEnemy=3 fallback=17 delay=0 cmd=H|11 heal[en=1 tf=3 c=95 p=95 a=95 mag=3 selfP=100/mx263 petP=100/mx345] | enemies=10:st0/hp0/mx0/df0/fn0/lv0/v0 11:st0/hp0/mx0/df0/fn0/lv0/v0 12:st0/hp0/mx0/df0/fn0/lv0/v0 13:st0/hp0/mx0/df0/fn0/lv0/v0 14:st0/hp0/mx0/df0/fn0/lv0/v0 15:st0/hp35/mx35/df0/fn4909D0/lv3/v1 16:st0/hp37/mx37/df0/fn4909D0/lv3/v1 17:st0/hp34/mx34/df0/fn4909D0/lv3/v1 18:st0/hp0/mx0/df0/fn0/lv0/v0 19:st0/hp0/mx0/df0/fn0/lv0/v0 
autobattle PET turn=0 myNo=0 row=0 si=0 seed=-2 target=17 validEnemy=3 minLv=3 pcEnable=0 cmd=W|0|11
autobattle tick cnt=2651 smto=1 res=0 battling=1 ctype=0 ptype=0
autobattle CHAR t=188364421 turn=1 cliT=1 myNo=0 afl=8000 cb=0 pb=0 subP=5 procN=10 actInf=0 menuF=0 tgtSel=1 resW=0 self=hp263/st0 pet=hp345/st0 validEnemy=1 fallback=15 delay=0 cmd=H|F heal[en=1 tf=3 c=95 p=95 a=95 mag=3 selfP=100/mx263 petP=100/mx345] | enemies=10:st0/hp0/mx0/df0/fn0/lv0/v0 11:st0/hp0/mx0/df0/fn0/lv0/v0 12:st0/hp0/mx0/df0/fn0/lv0/v0 13:st0/hp0/mx0/df0/fn0/lv0/v0 14:st0/hp0/mx0/df0/fn0/lv0/v0 15:st0/hp35/mx35/df0/fn4909D0/lv3/v1 16:st0/hp0/mx37/df0/fn0/lv3/v0 17:st0/hp0/mx34/df0/fn0/lv3/v0 18:st0/hp0/mx0/df0/fn0/lv0/v0 19:st0/hp0/mx0/df0/fn0/lv0/v0 
autobattle PET turn=1 myNo=0 row=0 si=0 seed=-2 target=15 validEnemy=1 minLv=3 pcEnable=0 cmd=W|0|F
autobattle tick cnt=2666 smto=1 res=0 battling=1 ctype=0 ptype=0
autobattle CHAR t=188365968 turn=0 cliT=0 myNo=0 afl=F8000 cb=0 pb=0 subP=3 procN=10 actInf=0 menuF=0 tgtSel=1 resW=0 self=hp263/st0 pet=hp345/st0 validEnemy=5 fallback=19 delay=0 cmd=H|13 heal[en=1 tf=3 c=95 p=95 a=95 mag=3 selfP=100/mx263 petP=100/mx345] | enemies=10:st0/hp0/mx0/df0/fn0/lv0/v0 11:st0/hp0/mx0/df0/fn0/lv0/v0 12:st0/hp0/mx0/df0/fn0/lv0/v0 13:st0/hp0/mx0/df0/fn0/lv0/v0 14:st0/hp0/mx0/df0/fn0/lv0/v0 15:st0/hp43/mx43/df0/fn4909D0/lv3/v1 16:st0/hp52/mx52/df0/fn4909D0/lv4/v1 17:st0/hp41/mx41/df0/fn4909D0/lv3/v1 18:st0/hp35/mx35/df0/fn4909D0/lv2/v1 19:st0/hp50/mx50/df0/fn4909D0/lv4/v1 
autobattle PET turn=0 myNo=0 row=0 si=0 seed=-2 target=19 validEnemy=5 minLv=2 pcEnable=0 cmd=W|0|13
autobattle tick cnt=2683 smto=1 res=0 battling=1 ctype=0 ptype=0
autobattle tick cnt=2700 smto=1 res=0 battling=1 ctype=0 ptype=0
autobattle CHAR t=188368421 turn=1 cliT=1 myNo=0 afl=20000 cb=0 pb=0 subP=5 procN=10 actInf=0 menuF=0 tgtSel=1 resW=0 self=hp261/st0 pet=hp345/st0 validEnemy=1 fallback=17 delay=0 cmd=H|11 heal[en=1 tf=3 c=95 p=95 a=95 mag=3 selfP=99/mx263 petP=100/mx345] | enemies=10:st0/hp0/mx0/df0/fn0/lv0/v0 11:st0/hp0/mx0/df0/fn0/lv0/v0 12:st0/hp0/mx0/df0/fn0/lv0/v0 13:st0/hp0/mx0/df0/fn0/lv0/v0 14:st0/hp0/mx0/df0/fn0/lv0/v0 15:st0/hp0/mx43/df0/fn0/lv3/v0 16:st0/hp0/mx52/df0/fn0/lv4/v0 17:st0/hp41/mx41/df0/fn4909D0/lv3/v1 18:st0/hp0/mx35/df0/fn0/lv2/v0 19:st0/hp0/mx50/df0/fn0/lv4/v0 
autobattle PET turn=1 myNo=0 row=0 si=0 seed=-2 target=17 validEnemy=1 minLv=3 pcEnable=0 cmd=W|0|11
autobattle tick cnt=2717 smto=1 res=0 battling=1 ctype=0 ptype=0
autobattle CHAR t=188369531 turn=0 cliT=0 myNo=0 afl=8000 cb=0 pb=0 subP=3 procN=10 actInf=0 menuF=0 tgtSel=1 resW=0 self=hp261/st0 pet=hp345/st0 validEnemy=1 fallback=15 delay=0 cmd=H|F heal[en=1 tf=3 c=95 p=95 a=95 mag=3 selfP=99/mx263 petP=100/mx345] | enemies=10:st0/hp0/mx0/df0/fn0/lv0/v0 11:st0/hp0/mx0/df0/fn0/lv0/v0 12:st0/hp0/mx0/df0/fn0/lv0/v0 13:st0/hp0/mx0/df0/fn0/lv0/v0 14:st0/hp0/mx0/df0/fn0/lv0/v0 15:st0/hp25/mx25/df0/fn4909D0/lv2/v1 16:st0/hp0/mx0/df0/fn0/lv0/v0 17:st0/hp0/mx0/df0/fn0/lv0/v0 18:st0/hp0/mx0/df0/fn0/lv0/v0 19:st0/hp0/mx0/df0/fn0/lv0/v0 
autobattle PET turn=0 myNo=0 row=0 si=0 seed=-2 target=15 validEnemy=1 minLv=2 pcEnable=0 cmd=W|0|F
autobattle tick cnt=2730 smto=1 res=0 battling=1 ctype=0 ptype=0
autobattle CHAR t=188370906 turn=0 cliT=0 myNo=0 afl=38000 cb=0 pb=0 subP=3 procN=10 actInf=0 menuF=0 tgtSel=1 resW=0 self=hp261/st0 pet=hp345/st0 validEnemy=3 fallback=17 delay=0 cmd=H|11 heal[en=1 tf=3 c=95 p=95 a=95 mag=3 selfP=99/mx263 petP=100/mx345] | enemies=10:st0/hp0/mx0/df0/fn0/lv0/v0 11:st0/hp0/mx0/df0/fn0/lv0/v0 12:st0/hp0/mx0/df0/fn0/lv0/v0 13:st0/hp0/mx0/df0/fn0/lv0/v0 14:st0/hp0/mx0/df0/fn0/lv0/v0 15:st0/hp23/mx23/df0/fn4909D0/lv2/v1 16:st0/hp24/mx24/df0/fn4909D0/lv2/v1 17:st0/hp24/mx24/df0/fn4909D0/lv2/v1 18:st0/hp0/mx0/df0/fn0/lv0/v0 19:st0/hp0/mx0/df0/fn0/lv0/v0 
autobattle PET turn=0 myNo=0 row=0 si=0 seed=-2 target=17 validEnemy=3 minLv=2 pcEnable=0 cmd=W|0|11
autobattle tick cnt=2735 smto=1 res=0 battling=1 ctype=0 ptype=0
autobattle CHAR t=188372000 turn=1 cliT=1 myNo=0 afl=18000 cb=0 pb=0 subP=5 procN=10 actInf=0 menuF=0 tgtSel=1 resW=0 self=hp261/st0 pet=hp345/st0 validEnemy=2 fallback=15 delay=0 cmd=H|F heal[en=1 tf=3 c=95 p=95 a=95 mag=3 selfP=99/mx263 petP=100/mx345] | enemies=10:st0/hp0/mx0/df0/fn0/lv0/v0 11:st0/hp0/mx0/df0/fn0/lv0/v0 12:st0/hp0/mx0/df0/fn0/lv0/v0 13:st0/hp0/mx0/df0/fn0/lv0/v0 14:st0/hp0/mx0/df0/fn0/lv0/v0 15:st0/hp23/mx23/df0/fn4909D0/lv2/v1 16:st0/hp24/mx24/df0/fn4909D0/lv2/v1 17:st0/hp0/mx24/df0/fn0/lv2/v0 18:st0/hp0/mx0/df0/fn0/lv0/v0 19:st0/hp0/mx0/df0/fn0/lv0/v0 
autobattle PET turn=1 myNo=0 row=0 si=0 seed=-2 target=15 validEnemy=2 minLv=2 pcEnable=0 cmd=W|0|F
autobattle tick cnt=2752 smto=1 res=0 battling=1 ctype=0 ptype=0
autobattle CHAR t=188372718 turn=2 cliT=2 myNo=0 afl=0 cb=0 pb=0 subP=6 procN=10 actInf=0 menuF=0 tgtSel=1 resW=0 self=hp261/st0 pet=hp345/st0 validEnemy=1 fallback=16 delay=0 cmd=H|10 heal[en=1 tf=3 c=95 p=95 a=95 mag=3 selfP=99/mx263 petP=100/mx345] | enemies=10:st0/hp0/mx0/df0/fn0/lv0/v0 11:st0/hp0/mx0/df0/fn0/lv0/v0 12:st0/hp0/mx0/df0/fn0/lv0/v0 13:st0/hp0/mx0/df0/fn0/lv0/v0 14:st0/hp0/mx0/df0/fn0/lv0/v0 15:st0/hp0/mx23/df0/fn0/lv2/v0 16:st0/hp24/mx24/df0/fn4909D0/lv2/v1 17:st0/hp0/mx24/df0/fn0/lv2/v0 18:st0/hp0/mx0/df0/fn0/lv0/v0 19:st0/hp0/mx0/df0/fn0/lv0/v0 
autobattle tick cnt=2768 smto=1 res=0 battling=1 ctype=0 ptype=0
autobattle CHAR t=188373765 turn=0 cliT=0 myNo=0 afl=18000 cb=0 pb=0 subP=3 procN=10 actInf=0 menuF=0 tgtSel=1 resW=0 self=hp261/st0 pet=hp345/st0 validEnemy=2 fallback=15 delay=0 cmd=H|F heal[en=1 tf=3 c=95 p=95 a=95 mag=3 selfP=99/mx263 petP=100/mx345] | enemies=10:st0/hp0/mx0/df0/fn0/lv0/v0 11:st0/hp0/mx0/df0/fn0/lv0/v0 12:st0/hp0/mx0/df0/fn0/lv0/v0 13:st0/hp0/mx0/df0/fn0/lv0/v0 14:st0/hp0/mx0/df0/fn0/lv0/v0 15:st0/hp31/mx31/df0/fn4909D0/lv2/v1 16:st0/hp37/mx37/df0/fn4909D0/lv3/v1 17:st0/hp0/mx0/df0/fn0/lv0/v0 18:st0/hp0/mx0/df0/fn0/lv0/v0 19:st0/hp0/mx0/df0/fn0/lv0/v0 
autobattle PET turn=0 myNo=0 row=0 si=0 seed=-2 target=15 validEnemy=2 minLv=2 pcEnable=0 cmd=W|0|F
autobattle CHAR t=188374687 turn=1 cliT=1 myNo=0 afl=10000 cb=0 pb=0 subP=5 procN=10 actInf=0 menuF=0 tgtSel=1 resW=0 self=hp261/st0 pet=hp345/st0 validEnemy=1 fallback=16 delay=0 cmd=H|10 heal[en=1 tf=3 c=95 p=95 a=95 mag=3 selfP=99/mx263 petP=100/mx345] | enemies=10:st0/hp0/mx0/df0/fn0/lv0/v0 11:st0/hp0/mx0/df0/fn0/lv0/v0 12:st0/hp0/mx0/df0/fn0/lv0/v0 13:st0/hp0/mx0/df0/fn0/lv0/v0 14:st0/hp0/mx0/df0/fn0/lv0/v0 15:st0/hp0/mx31/df0/fn0/lv2/v0 16:st0/hp37/mx37/df0/fn4909D0/lv3/v1 17:st0/hp0/mx0/df0/fn0/lv0/v0 18:st0/hp0/mx0/df0/fn0/lv0/v0 19:st0/hp0/mx0/df0/fn0/lv0/v0 
autobattle PET turn=1 myNo=0 row=0 si=0 seed=-2 target=16 validEnemy=1 minLv=3 pcEnable=0 cmd=W|0|10
autobattle tick cnt=2785 smto=1 res=0 battling=1 ctype=0 ptype=0
autobattle CHAR t=188375781 turn=0 cliT=0 myNo=0 afl=38000 cb=0 pb=0 subP=3 procN=10 actInf=0 menuF=0 tgtSel=1 resW=0 self=hp261/st0 pet=hp345/st0 validEnemy=3 fallback=17 delay=0 cmd=H|11 heal[en=1 tf=3 c=95 p=95 a=95 mag=3 selfP=99/mx263 petP=100/mx345] | enemies=10:st0/hp0/mx0/df0/fn0/lv0/v0 11:st0/hp0/mx0/df0/fn0/lv0/v0 12:st0/hp0/mx0/df0/fn0/lv0/v0 13:st0/hp0/mx0/df0/fn0/lv0/v0 14:st0/hp0/mx0/df0/fn0/lv0/v0 15:st0/hp33/mx33/df0/fn4909D0/lv3/v1 16:st0/hp27/mx27/df0/fn4909D0/lv2/v1 17:st0/hp31/mx31/df0/fn4909D0/lv3/v1 18:st0/hp0/mx0/df0/fn0/lv0/v0 19:st0/hp0/mx0/df0/fn0/lv0/v0 
autobattle tick cnt=2796 smto=1 res=0 battling=1 ctype=0 ptype=0
autobattle PET turn=0 myNo=0 row=0 si=0 seed=-2 target=17 validEnemy=3 minLv=2 pcEnable=0 cmd=W|0|11
autobattle tick cnt=2813 smto=1 res=0 battling=1 ctype=0 ptype=0
autobattle CHAR t=188376953 turn=1 cliT=1 myNo=0 afl=18000 cb=0 pb=0 subP=5 procN=10 actInf=0 menuF=0 tgtSel=1 resW=0 self=hp260/st0 pet=hp345/st0 validEnemy=2 fallback=15 delay=0 cmd=H|F heal[en=1 tf=3 c=95 p=95 a=95 mag=3 selfP=98/mx263 petP=100/mx345] | enemies=10:st0/hp0/mx0/df0/fn0/lv0/v0 11:st0/hp0/mx0/df0/fn0/lv0/v0 12:st0/hp0/mx0/df0/fn0/lv0/v0 13:st0/hp0/mx0/df0/fn0/lv0/v0 14:st0/hp0/mx0/df0/fn0/lv0/v0 15:st0/hp33/mx33/df0/fn4909D0/lv3/v1 16:st0/hp27/mx27/df0/fn4909D0/lv2/v1 17:st0/hp0/mx31/df0/fn0/lv3/v0 18:st0/hp0/mx0/df0/fn0/lv0/v0 19:st0/hp0/mx0/df0/fn0/lv0/v0 
autobattle PET turn=1 myNo=0 row=0 si=0 seed=-2 target=15 validEnemy=2 minLv=2 pcEnable=0 cmd=W|0|F
autobattle CHAR t=188377875 turn=2 cliT=2 myNo=0 afl=10000 cb=0 pb=0 subP=5 procN=10 actInf=0 menuF=0 tgtSel=1 resW=0 self=hp260/st0 pet=hp344/st0 validEnemy=1 fallback=16 delay=0 cmd=H|10 heal[en=1 tf=3 c=95 p=95 a=95 mag=3 selfP=98/mx263 petP=99/mx345] | enemies=10:st0/hp0/mx0/df0/fn0/lv0/v0 11:st0/hp0/mx0/df0/fn0/lv0/v0 12:st0/hp0/mx0/df0/fn0/lv0/v0 13:st0/hp0/mx0/df0/fn0/lv0/v0 14:st0/hp0/mx0/df0/fn0/lv0/v0 15:st0/hp0/mx33/df0/fn0/lv3/v0 16:st0/hp27/mx27/df0/fn4909D0/lv2/v1 17:st0/hp0/mx31/df0/fn0/lv3/v0 18:st0/hp0/mx0/df0/fn0/lv0/v0 19:st0/hp0/mx0/df0/fn0/lv0/v0 
autobattle tick cnt=2830 smto=1 res=0 battling=1 ctype=0 ptype=0
autobattle PET turn=2 myNo=0 row=0 si=0 seed=-2 target=16 validEnemy=1 minLv=2 pcEnable=0 cmd=W|0|10
autobattle tick cnt=2841 smto=1 res=0 battling=1 ctype=0 ptype=0
autobattle CHAR t=188379843 turn=0 cliT=0 myNo=0 afl=F8000 cb=0 pb=0 subP=3 procN=10 actInf=0 menuF=0 tgtSel=1 resW=0 self=hp260/st0 pet=hp344/st0 validEnemy=5 fallback=19 delay=0 cmd=H|13 heal[en=1 tf=3 c=95 p=95 a=95 mag=3 selfP=98/mx263 petP=99/mx345] | enemies=10:st0/hp0/mx0/df0/fn0/lv0/v0 11:st0/hp0/mx0/df0/fn0/lv0/v0 12:st0/hp0/mx0/df0/fn0/lv0/v0 13:st0/hp0/mx0/df0/fn0/lv0/v0 14:st0/hp0/mx0/df0/fn0/lv0/v0 15:st0/hp30/mx30/df0/fn4909D0/lv3/v1 16:st0/hp24/mx24/df0/fn4909D0/lv2/v1 17:st0/hp25/mx25/df0/fn4909D0/lv2/v1 18:st0/hp26/mx26/df0/fn4909D0/lv2/v1 19:st0/hp31/mx31/df0/fn4909D0/lv3/v1 
autobattle PET turn=0 myNo=0 row=0 si=0 seed=-2 target=19 validEnemy=5 minLv=2 pcEnable=0 cmd=W|0|13
autobattle tick cnt=2858 smto=1 res=0 battling=1 ctype=0 ptype=0
autobattle CHAR t=188381328 turn=1 cliT=1 myNo=0 afl=58000 cb=0 pb=0 subP=5 procN=10 actInf=0 menuF=0 tgtSel=1 resW=0 self=hp260/st0 pet=hp342/st0 validEnemy=3 fallback=15 delay=0 cmd=H|F heal[en=1 tf=3 c=95 p=95 a=95 mag=3 selfP=98/mx263 petP=99/mx345] | enemies=10:st0/hp0/mx0/df0/fn0/lv0/v0 11:st0/hp0/mx0/df0/fn0/lv0/v0 12:st0/hp0/mx0/df0/fn0/lv0/v0 13:st0/hp0/mx0/df0/fn0/lv0/v0 14:st0/hp0/mx0/df0/fn0/lv0/v0 15:st0/hp30/mx30/df0/fn4909D0/lv3/v1 16:st0/hp24/mx24/df0/fn4909D0/lv2/v1 17:st0/hp0/mx25/df0/fn0/lv2/v0 18:st0/hp26/mx26/df0/fn4909D0/lv2/v1 19:st0/hp0/mx31/df0/fn0/lv3/v0 
autobattle PET turn=1 myNo=0 row=0 si=0 seed=-2 target=15 validEnemy=3 minLv=2 pcEnable=0 cmd=W|0|F
autobattle tick cnt=2875 smto=1 res=0 battling=1 ctype=0 ptype=0
autobattle CHAR t=188382500 turn=2 cliT=2 myNo=0 afl=10000 cb=0 pb=0 subP=5 procN=10 actInf=0 menuF=0 tgtSel=1 resW=0 self=hp260/st0 pet=hp342/st0 validEnemy=1 fallback=16 delay=0 cmd=H|10 heal[en=1 tf=3 c=95 p=95 a=95 mag=3 selfP=98/mx263 petP=99/mx345] | enemies=10:st0/hp0/mx0/df0/fn0/lv0/v0 11:st0/hp0/mx0/df0/fn0/lv0/v0 12:st0/hp0/mx0/df0/fn0/lv0/v0 13:st0/hp0/mx0/df0/fn0/lv0/v0 14:st0/hp0/mx0/df0/fn0/lv0/v0 15:st0/hp0/mx30/df0/fn0/lv3/v0 16:st0/hp24/mx24/df0/fn4909D0/lv2/v1 17:st0/hp0/mx25/df0/fn0/lv2/v0 18:st0/hp0/mx26/df0/fn0/lv2/v0 19:st0/hp0/mx31/df0/fn0/lv3/v0 
autobattle PET turn=2 myNo=0 row=0 si=0 seed=-2 target=16 validEnemy=1 minLv=2 pcEnable=0 cmd=W|0|10
autobattle tick cnt=2892 smto=1 res=0 battling=1 ctype=0 ptype=0
autobattle tick cnt=2899 smto=1 res=0 battling=1 ctype=0 ptype=0
autobattle CHAR t=188387109 turn=0 cliT=0 myNo=0 afl=F8000 cb=0 pb=0 subP=3 procN=10 actInf=0 menuF=0 tgtSel=1 resW=0 self=hp260/st0 pet=hp342/st0 validEnemy=5 fallback=19 delay=0 cmd=H|13 heal[en=1 tf=3 c=95 p=95 a=95 mag=3 selfP=98/mx263 petP=99/mx345] | enemies=10:st0/hp0/mx0/df0/fn0/lv0/v0 11:st0/hp0/mx0/df0/fn0/lv0/v0 12:st0/hp0/mx0/df0/fn0/lv0/v0 13:st0/hp0/mx0/df0/fn0/lv0/v0 14:st0/hp0/mx0/df0/fn0/lv0/v0 15:st0/hp34/mx34/df0/fn4909D0/lv3/v1 16:st0/hp29/mx29/df0/fn4909D0/lv2/v1 17:st0/hp28/mx28/df0/fn4909D0/lv2/v1 18:st0/hp28/mx28/df0/fn4909D0/lv2/v1 19:st0/hp36/mx36/df0/fn4909D0/lv3/v1 
autobattle PET turn=0 myNo=0 row=0 si=0 seed=-2 target=19 validEnemy=5 minLv=2 pcEnable=0 cmd=W|0|13
autobattle tick cnt=2916 smto=1 res=0 battling=1 ctype=0 ptype=0
autobattle CHAR t=188388515 turn=1 cliT=1 myNo=0 afl=78000 cb=0 pb=0 subP=2 procN=10 actInf=0 menuF=0 tgtSel=1 resW=0 self=hp258/st0 pet=hp342/st0 validEnemy=4 fallback=17 delay=0 cmd=H|11 heal[en=1 tf=3 c=95 p=95 a=95 mag=3 selfP=98/mx263 petP=99/mx345] | enemies=10:st0/hp0/mx0/df0/fn0/lv0/v0 11:st0/hp0/mx0/df0/fn0/lv0/v0 12:st0/hp0/mx0/df0/fn0/lv0/v0 13:st0/hp0/mx0/df0/fn0/lv0/v0 14:st0/hp0/mx0/df0/fn0/lv0/v0 15:st0/hp34/mx34/df0/fn4909D0/lv3/v1 16:st0/hp29/mx29/df0/fn4909D0/lv2/v1 17:st0/hp28/mx28/df0/fn4909D0/lv2/v1 18:st0/hp28/mx28/df0/fn4909D0/lv2/v1 19:st0/hp0/mx36/df0/fn0/lv3/v0 
autobattle PET turn=1 myNo=0 row=0 si=0 seed=-2 target=17 validEnemy=4 minLv=2 pcEnable=0 cmd=W|0|11
autobattle tick cnt=2933 smto=1 res=0 battling=1 ctype=0 ptype=0
autobattle CHAR t=188390125 turn=2 cliT=2 myNo=0 afl=8000 cb=0 pb=0 subP=5 procN=10 actInf=0 menuF=0 tgtSel=1 resW=0 self=hp257/st0 pet=hp342/st0 validEnemy=1 fallback=15 delay=0 cmd=H|F heal[en=1 tf=3 c=95 p=95 a=95 mag=3 selfP=97/mx263 petP=99/mx345] | enemies=10:st0/hp0/mx0/df0/fn0/lv0/v0 11:st0/hp0/mx0/df0/fn0/lv0/v0 12:st0/hp0/mx0/df0/fn0/lv0/v0 13:st0/hp0/mx0/df0/fn0/lv0/v0 14:st0/hp0/mx0/df0/fn0/lv0/v0 15:st0/hp34/mx34/df0/fn4909D0/lv3/v1 16:st0/hp0/mx29/df0/fn0/lv2/v0 17:st0/hp0/mx28/df0/fn0/lv2/v0 18:st0/hp0/mx28/df0/fn0/lv2/v0 19:st0/hp0/mx36/df0/fn0/lv3/v0 
autobattle PET turn=2 myNo=0 row=0 si=0 seed=-2 target=15 validEnemy=1 minLv=3 pcEnable=0 cmd=W|0|F
autobattle tick cnt=2950 smto=1 res=0 battling=1 ctype=0 ptype=0
autobattle tick cnt=2961 smto=1 res=0 battling=1 ctype=0 ptype=0
autobattle CHAR t=188391859 turn=0 cliT=0 myNo=0 afl=F8000 cb=0 pb=0 subP=3 procN=10 actInf=0 menuF=0 tgtSel=1 resW=0 self=hp257/st0 pet=hp342/st0 validEnemy=5 fallback=19 delay=0 cmd=H|13 heal[en=1 tf=3 c=95 p=95 a=95 mag=3 selfP=97/mx263 petP=99/mx345] | enemies=10:st0/hp0/mx0/df0/fn0/lv0/v0 11:st0/hp0/mx0/df0/fn0/lv0/v0 12:st0/hp0/mx0/df0/fn0/lv0/v0 13:st0/hp0/mx0/df0/fn0/lv0/v0 14:st0/hp0/mx0/df0/fn0/lv0/v0 15:st0/hp37/mx37/df0/fn4909D0/lv2/v1 16:st0/hp57/mx57/df0/fn4909D0/lv4/v1 17:st0/hp45/mx45/df0/fn4909D0/lv3/v1 18:st0/hp56/mx56/df0/fn4909D0/lv4/v1 19:st0/hp46/mx46/df0/fn4909D0/lv3/v1 
autobattle PET turn=0 myNo=0 row=0 si=0 seed=-2 target=19 validEnemy=5 minLv=2 pcEnable=0 cmd=W|0|13
autobattle tick cnt=2978 smto=1 res=0 battling=1 ctype=0 ptype=0
autobattle CHAR t=188393140 turn=1 cliT=1 myNo=0 afl=78000 cb=0 pb=0 subP=5 procN=10 actInf=0 menuF=0 tgtSel=1 resW=0 self=hp257/st0 pet=hp341/st0 validEnemy=4 fallback=17 delay=0 cmd=H|11 heal[en=1 tf=3 c=95 p=95 a=95 mag=3 selfP=97/mx263 petP=98/mx345] | enemies=10:st0/hp0/mx0/df0/fn0/lv0/v0 11:st0/hp0/mx0/df0/fn0/lv0/v0 12:st0/hp0/mx0/df0/fn0/lv0/v0 13:st0/hp0/mx0/df0/fn0/lv0/v0 14:st0/hp0/mx0/df0/fn0/lv0/v0 15:st0/hp37/mx37/df0/fn4909D0/lv2/v1 16:st0/hp57/mx57/df0/fn4909D0/lv4/v1 17:st0/hp45/mx45/df0/fn4909D0/lv3/v1 18:st0/hp56/mx56/df0/fn4909D0/lv4/v1 19:st0/hp0/mx46/df0/fn0/lv3/v0 
autobattle PET turn=1 myNo=0 row=0 si=0 seed=-2 target=17 validEnemy=4 minLv=2 pcEnable=0 cmd=W|0|11
autobattle tick cnt=2995 smto=1 res=0 battling=1 ctype=0 ptype=0
autobattle CHAR t=188394312 turn=2 cliT=2 myNo=0 afl=48000 cb=0 pb=0 subP=5 procN=10 actInf=0 menuF=0 tgtSel=1 resW=0 self=hp257/st0 pet=hp339/st0 validEnemy=2 fallback=15 delay=0 cmd=H|F heal[en=1 tf=3 c=95 p=95 a=95 mag=3 selfP=97/mx263 petP=98/mx345] | enemies=10:st0/hp0/mx0/df0/fn0/lv0/v0 11:st0/hp0/mx0/df0/fn0/lv0/v0 12:st0/hp0/mx0/df0/fn0/lv0/v0 13:st0/hp0/mx0/df0/fn0/lv0/v0 14:st0/hp0/mx0/df0/fn0/lv0/v0 15:st0/hp37/mx37/df0/fn4909D0/lv2/v1 16:st0/hp0/mx57/df0/fn0/lv4/v0 17:st0/hp0/mx45/df0/fn0/lv3/v0 18:st0/hp56/mx56/df0/fn4909D0/lv4/v1 19:st0/hp0/mx46/df0/fn0/lv3/v0 
autobattle PET turn=2 myNo=0 row=0 si=0 seed=-2 target=15 validEnemy=2 minLv=2 pcEnable=0 cmd=W|0|F
autobattle tick cnt=3012 smto=1 res=0 battling=1 ctype=0 ptype=0
autobattle CHAR t=188395109 turn=3 cliT=3 myNo=0 afl=40000 cb=0 pb=0 subP=5 procN=10 actInf=0 menuF=0 tgtSel=1 resW=0 self=hp257/st0 pet=hp339/st0 validEnemy=1 fallback=18 delay=0 cmd=H|12 heal[en=1 tf=3 c=95 p=95 a=95 mag=3 selfP=97/mx263 petP=98/mx345] | enemies=10:st0/hp0/mx0/df0/fn0/lv0/v0 11:st0/hp0/mx0/df0/fn0/lv0/v0 12:st0/hp0/mx0/df0/fn0/lv0/v0 13:st0/hp0/mx0/df0/fn0/lv0/v0 14:st0/hp0/mx0/df0/fn0/lv0/v0 15:st0/hp0/mx37/df0/fn0/lv2/v0 16:st0/hp0/mx57/df0/fn0/lv4/v0 17:st0/hp0/mx45/df0/fn0/lv3/v0 18:st0/hp26/mx56/df0/fn4909D0/lv4/v1 19:st0/hp0/mx46/df0/fn0/lv3/v0 
autobattle PET turn=3 myNo=0 row=0 si=0 seed=-2 target=18 validEnemy=1 minLv=4 pcEnable=0 cmd=W|0|12
autobattle tick cnt=3026 smto=1 res=0 battling=1 ctype=0 ptype=0
autobattle CHAR t=188396468 turn=0 cliT=0 myNo=0 afl=F8000 cb=0 pb=0 subP=3 procN=10 actInf=0 menuF=0 tgtSel=1 resW=0 self=hp257/st0 pet=hp339/st0 validEnemy=5 fallback=19 delay=0 cmd=H|13 heal[en=1 tf=3 c=95 p=95 a=95 mag=3 selfP=97/mx263 petP=98/mx345] | enemies=10:st0/hp0/mx0/df0/fn0/lv0/v0 11:st0/hp0/mx0/df0/fn0/lv0/v0 12:st0/hp0/mx0/df0/fn0/lv0/v0 13:st0/hp0/mx0/df0/fn0/lv0/v0 14:st0/hp0/mx0/df0/fn0/lv0/v0 15:st0/hp32/mx32/df0/fn4909D0/lv3/v1 16:st0/hp33/mx33/df0/fn4909D0/lv3/v1 17:st0/hp32/mx32/df0/fn4909D0/lv3/v1 18:st0/hp25/mx25/df0/fn4909D0/lv2/v1 19:st0/hp32/mx32/df0/fn4909D0/lv3/v1 
autobattle PET turn=0 myNo=0 row=0 si=0 seed=-2 target=19 validEnemy=5 minLv=2 pcEnable=0 cmd=W|0|13
