battlemenu-suppress want=1 patched=4/4 (ab=1 ae=0)
autobattle ENABLED hwnd=0042045E old=FFFF0605 pid=5472
autobattle tick cnt=1 smto=1 res=0 battling=1 ctype=0 ptype=0
autobattle CHAR t=107639234 turn=0 cliT=0 myNo=0 afl=38000 cb=0 pb=0 subP=3 procN=10 actInf=0 menuF=0 tgtSel=0 resW=0 self=hp227/st0 pet=hp271/st0 validEnemy=3 fallback=17 delay=0 cmd=H|11 heal[en=1 tf=3 c=87 p=87 a=87 mag=3 selfP=100/mx227 petP=91/mx295] | enemies=10:st0/hp0/mx0/df0/fn0/lv0/v0 11:st0/hp0/mx0/df0/fn0/lv0/v0 12:st0/hp0/mx0/df0/fn0/lv0/v0 13:st0/hp0/mx0/df0/fn0/lv0/v0 14:st0/hp0/mx0/df0/fn0/lv0/v0 15:st0/hp183/mx183/df0/fn4909D0/lv18/v1 16:st0/hp162/mx162/df0/fn4909D0/lv17/v1 17:st0/hp179/mx179/df0/fn4909D0/lv18/v1 18:st0/hp0/mx0/df0/fn0/lv0/v0 19:st0/hp0/mx0/df0/fn0/lv0/v0 
autobattle PET turn=0 myNo=0 row=0 si=0 seed=-2 target=17 validEnemy=3 minLv=17 pcEnable=0 cmd=W|0|11
autobattle CHAR t=107640093 turn=1 cliT=1 myNo=0 afl=38000 cb=0 pb=0 subP=5 procN=10 actInf=0 menuF=0 tgtSel=0 resW=0 self=hp227/st0 pet=hp271/st0 validEnemy=2 fallback=15 delay=0 cmd=H|F heal[en=1 tf=3 c=87 p=87 a=87 mag=3 selfP=100/mx227 petP=91/mx295] | enemies=10:st0/hp0/mx0/df0/fn0/lv0/v0 11:st0/hp0/mx0/df0/fn0/lv0/v0 12:st0/hp0/mx0/df0/fn0/lv0/v0 13:st0/hp0/mx0/df0/fn0/lv0/v0 14:st0/hp0/mx0/df0/fn0/lv0/v0 15:st0/hp183/mx183/df0/fn4909D0/lv18/v1 16:st0/hp162/mx162/df0/fn4909D0/lv17/v1 17:st0/hp0/mx179/df0/fn4909D0/lv18/v0 18:st0/hp0/mx0/df0/fn0/lv0/v0 19:st0/hp0/mx0/df0/fn0/lv0/v0 
autobattle PET turn=1 myNo=0 row=0 si=0 seed=-2 target=15 validEnemy=2 minLv=17 pcEnable=0 cmd=W|0|F
autobattle tick cnt=18 smto=1 res=0 battling=1 ctype=0 ptype=0
autobattle CHAR t=107641078 turn=2 cliT=2 myNo=0 afl=38000 cb=0 pb=0 subP=5 procN=10 actInf=0 menuF=0 tgtSel=0 resW=0 self=hp227/st0 pet=hp271/st0 validEnemy=1 fallback=16 delay=0 cmd=H|10 heal[en=1 tf=3 c=87 p=87 a=87 mag=3 selfP=100/mx227 petP=91/mx295] | enemies=10:st0/hp0/mx0/df0/fn0/lv0/v0 11:st0/hp0/mx0/df0/fn0/lv0/v0 12:st0/hp0/mx0/df0/fn0/lv0/v0 13:st0/hp0/mx0/df0/fn0/lv0/v0 14:st0/hp0/mx0/df0/fn0/lv0/v0 15:st0/hp0/mx183/df0/fn4909D0/lv18/v0 16:st0/hp162/mx162/df0/fn4909D0/lv17/v1 17:st0/hp0/mx179/df0/fn4909D0/lv18/v0 18:st0/hp0/mx0/df0/fn0/lv0/v0 19:st0/hp0/mx0/df0/fn0/lv0/v0 
autobattle PET turn=2 myNo=0 row=0 si=0 seed=-2 target=16 validEnemy=1 minLv=17 pcEnable=0 cmd=W|0|10
autobattle tick cnt=35 smto=1 res=0 battling=1 ctype=0 ptype=0
autobattle CHAR t=107641953 turn=3 cliT=3 myNo=0 afl=38000 cb=0 pb=0 subP=5 procN=10 actInf=0 menuF=0 tgtSel=0 resW=0 self=hp227/st0 pet=hp259/st0 validEnemy=1 fallback=16 delay=0 cmd=J|0|14 heal[en=1 tf=3 c=87 p=87 a=87 mag=3 selfP=100/mx227 petP=87/mx295] | enemies=10:st0/hp0/mx0/df0/fn0/lv0/v0 11:st0/hp0/mx0/df0/fn0/lv0/v0 12:st0/hp0/mx0/df0/fn0/lv0/v0 13:st0/hp0/mx0/df0/fn0/lv0/v0 14:st0/hp0/mx0/df0/fn0/lv0/v0 15:st0/hp0/mx183/df0/fn4909D0/lv18/v0 16:st0/hp21/mx162/df0/fn4909D0/lv17/v1 17:st0/hp0/mx179/df0/fn4909D0/lv18/v0 18:st0/hp0/mx0/df0/fn0/lv0/v0 19:st0/hp0/mx0/df0/fn0/lv0/v0 
autobattle PET turn=3 myNo=0 row=0 si=0 seed=-2 target=16 validEnemy=1 minLv=17 pcEnable=0 cmd=W|0|10
autobattle tick cnt=51 smto=1 res=0 battling=1 ctype=0 ptype=0
autobattle tick cnt=65 smto=1 res=0 battling=1 ctype=0 ptype=0
autobattle CHAR t=107646953 turn=0 cliT=0 myNo=0 afl=78000 cb=0 pb=0 subP=3 procN=10 actInf=0 menuF=0 tgtSel=0 resW=0 self=hp227/st0 pet=hp295/st0 validEnemy=4 fallback=17 delay=0 cmd=H|11 heal[en=1 tf=3 c=87 p=87 a=87 mag=3 selfP=100/mx227 petP=100/mx295] | enemies=10:st0/hp0/mx0/df0/fn0/lv0/v0 11:st0/hp0/mx0/df0/fn0/lv0/v0 12:st0/hp0/mx0/df0/fn0/lv0/v0 13:st0/hp0/mx0/df0/fn0/lv0/v0 14:st0/hp0/mx0/df0/fn0/lv0/v0 15:st0/hp183/mx183/df0/fn4909D0/lv18/v1 16:st0/hp168/mx168/df0/fn4909D0/lv16/v1 17:st0/hp165/mx165/df0/fn4909D0/lv16/v1 18:st0/hp181/mx181/df0/fn4909D0/lv18/v1 19:st0/hp0/mx0/df0/fn0/lv0/v0 
autobattle PET turn=0 myNo=0 row=0 si=0 seed=-2 target=17 validEnemy=4 minLv=16 pcEnable=0 cmd=W|0|11
autobattle tick cnt=82 smto=1 res=0 battling=1 ctype=0 ptype=0
autobattle CHAR t=107648296 turn=1 cliT=1 myNo=0 afl=58000 cb=0 pb=0 subP=5 procN=10 actInf=0 menuF=0 tgtSel=0 resW=0 self=hp227/st0 pet=hp295/st0 validEnemy=3 fallback=15 delay=0 cmd=H|F heal[en=1 tf=3 c=87 p=87 a=87 mag=3 selfP=100/mx227 petP=100/mx295] | enemies=10:st0/hp0/mx0/df0/fn0/lv0/v0 11:st0/hp0/mx0/df0/fn0/lv0/v0 12:st0/hp0/mx0/df0/fn0/lv0/v0 13:st0/hp0/mx0/df0/fn0/lv0/v0 14:st0/hp0/mx0/df0/fn0/lv0/v0 15:st0/hp183/mx183/df0/fn4909D0/lv18/v1 16:st0/hp168/mx168/df0/fn4909D0/lv16/v1 17:st0/hp0/mx165/df0/fn0/lv16/v0 18:st0/hp181/mx181/df0/fn4909D0/lv18/v1 19:st0/hp0/mx0/df0/fn0/lv0/v0 
autobattle PET turn=1 myNo=0 row=0 si=0 seed=-2 target=15 validEnemy=3 minLv=16 pcEnable=0 cmd=W|0|F
autobattle tick cnt=99 smto=1 res=0 battling=1 ctype=0 ptype=0
autobattle CHAR t=107649343 turn=2 cliT=2 myNo=0 afl=48000 cb=0 pb=0 subP=5 procN=10 actInf=0 menuF=0 tgtSel=0 resW=0 self=hp227/st0 pet=hp295/st0 validEnemy=1 fallback=18 delay=0 cmd=H|12 heal[en=1 tf=3 c=87 p=87 a=87 mag=3 selfP=100/mx227 petP=100/mx295] | enemies=10:st0/hp0/mx0/df0/fn0/lv0/v0 11:st0/hp0/mx0/df0/fn0/lv0/v0 12:st0/hp0/mx0/df0/fn0/lv0/v0 13:st0/hp0/mx0/df0/fn0/lv0/v0 14:st0/hp0/mx0/df0/fn0/lv0/v0 15:st0/hp0/mx183/df0/fn4909D0/lv18/v0 16:st0/hp168/mx168/df0/fn0/lv16/v0 17:st0/hp0/mx165/df0/fn0/lv16/v0 18:st0/hp181/mx181/df0/fn4909D0/lv18/v1 19:st0/hp0/mx0/df0/fn0/lv0/v0 
autobattle PET turn=2 myNo=0 row=0 si=0 seed=-2 target=18 validEnemy=1 minLv=18 pcEnable=0 cmd=W|0|12
autobattle tick cnt=116 smto=1 res=0 battling=1 ctype=0 ptype=0
autobattle tick cnt=120 smto=1 res=0 battling=1 ctype=0 ptype=0
autobattle CHAR t=107656500 turn=0 cliT=0 myNo=0 afl=38000 cb=0 pb=0 subP=3 procN=10 actInf=0 menuF=0 tgtSel=0 resW=0 self=hp227/st0 pet=hp295/st0 validEnemy=3 fallback=17 delay=0 cmd=H|11 heal[en=1 tf=3 c=87 p=87 a=87 mag=3 selfP=100/mx227 petP=100/mx295] | enemies=10:st0/hp0/mx0/df0/fn0/lv0/v0 11:st0/hp0/mx0/df0/fn0/lv0/v0 12:st0/hp0/mx0/df0/fn0/lv0/v0 13:st0/hp0/mx0/df0/fn0/lv0/v0 14:st0/hp0/mx0/df0/fn0/lv0/v0 15:st0/hp187/mx187/df0/fn4909D0/lv19/v1 16:st0/hp173/mx173/df0/fn4909D0/lv17/v1 17:st0/hp155/mx155/df0/fn4909D0/lv16/v1 18:st0/hp0/mx0/df0/fn0/lv0/v0 19:st0/hp0/mx0/df0/fn0/lv0/v0 
autobattle PET turn=0 myNo=0 row=0 si=0 seed=-2 target=17 validEnemy=3 minLv=16 pcEnable=0 cmd=W|0|11
autobattle tick cnt=137 smto=1 res=0 battling=1 ctype=0 ptype=0
autobattle CHAR t=107657921 turn=1 cliT=1 myNo=0 afl=38000 cb=0 pb=0 subP=5 procN=10 actInf=0 menuF=0 tgtSel=0 resW=0 self=hp226/st0 pet=hp295/st0 validEnemy=2 fallback=15 delay=0 cmd=H|F heal[en=1 tf=3 c=87 p=87 a=87 mag=3 selfP=99/mx227 petP=100/mx295] | enemies=10:st0/hp0/mx0/df0/fn0/lv0/v0 11:st0/hp0/mx0/df0/fn0/lv0/v0 12:st0/hp0/mx0/df0/fn0/lv0/v0 13:st0/hp0/mx0/df0/fn0/lv0/v0 14:st0/hp0/mx0/df0/fn0/lv0/v0 15:st0/hp73/mx187/df0/fn4909D0/lv19/v1 16:st0/hp173/mx173/df0/fn4909D0/lv17/v1 17:st0/hp0/mx155/df0/fn4909D0/lv16/v0 18:st0/hp0/mx0/df0/fn0/lv0/v0 19:st0/hp0/mx0/df0/fn0/lv0/v0 
autobattle PET turn=1 myNo=0 row=0 si=0 seed=-2 target=15 validEnemy=2 minLv=17 pcEnable=0 cmd=W|0|F
autobattle tick cnt=154 smto=1 res=0 battling=1 ctype=0 ptype=0
autobattle CHAR t=107658718 turn=2 cliT=2 myNo=0 afl=38000 cb=0 pb=0 subP=5 procN=10 actInf=0 menuF=0 tgtSel=0 resW=0 self=hp226/st0 pet=hp295/st0 validEnemy=1 fallback=16 delay=0 cmd=H|10 heal[en=1 tf=3 c=87 p=87 a=87 mag=3 selfP=99/mx227 petP=100/mx295] | enemies=10:st0/hp0/mx0/df0/fn0/lv0/v0 11:st0/hp0/mx0/df0/fn0/lv0/v0 12:st0/hp0/mx0/df0/fn0/lv0/v0 13:st0/hp0/mx0/df0/fn0/lv0/v0 14:st0/hp0/mx0/df0/fn0/lv0/v0 15:st0/hp0/mx187/df0/fn4909D0/lv19/v0 16:st0/hp173/mx173/df0/fn4909D0/lv17/v1 17:st0/hp0/mx155/df0/fn4909D0/lv16/v0 18:st0/hp0/mx0/df0/fn0/lv0/v0 19:st0/hp0/mx0/df0/fn0/lv0/v0 
autobattle PET turn=2 myNo=0 row=0 si=0 seed=-2 target=16 validEnemy=1 minLv=17 pcEnable=0 cmd=W|0|10
autobattle tick cnt=171 smto=1 res=0 battling=1 ctype=0 ptype=0
autobattle tick cnt=175 smto=1 res=0 battling=1 ctype=0 ptype=0
autobattle CHAR t=107660859 turn=0 cliT=0 myNo=0 afl=38000 cb=0 pb=0 subP=3 procN=10 actInf=0 menuF=0 tgtSel=0 resW=0 self=hp226/st0 pet=hp305/st0 validEnemy=3 fallback=17 delay=0 cmd=H|11 heal[en=1 tf=3 c=87 p=87 a=87 mag=3 selfP=99/mx227 petP=100/mx305] | enemies=10:st0/hp0/mx0/df0/fn0/lv0/v0 11:st0/hp0/mx0/df0/fn0/lv0/v0 12:st0/hp0/mx0/df0/fn0/lv0/v0 13:st0/hp0/mx0/df0/fn0/lv0/v0 14:st0/hp0/mx0/df0/fn0/lv0/v0 15:st0/hp159/mx159/df0/fn4909D0/lv15/v1 16:st0/hp180/mx180/df0/fn4909D0/lv20/v1 17:st0/hp163/mx163/df0/fn4909D0/lv17/v1 18:st0/hp0/mx0/df0/fn0/lv0/v0 19:st0/hp0/mx0/df0/fn0/lv0/v0 
autobattle PET turn=0 myNo=0 row=0 si=0 seed=-2 target=17 validEnemy=3 minLv=15 pcEnable=0 cmd=W|0|11
autobattle tick cnt=192 smto=1 res=0 battling=1 ctype=0 ptype=0
autobattle CHAR t=107662031 turn=1 cliT=1 myNo=0 afl=38000 cb=0 pb=0 subP=5 procN=10 actInf=0 menuF=0 tgtSel=0 resW=0 self=hp226/st0 pet=hp305/st0 validEnemy=2 fallback=15 delay=0 cmd=H|F heal[en=1 tf=3 c=87 p=87 a=87 mag=3 selfP=99/mx227 petP=100/mx305] | enemies=10:st0/hp0/mx0/df0/fn0/lv0/v0 11:st0/hp0/mx0/df0/fn0/lv0/v0 12:st0/hp0/mx0/df0/fn0/lv0/v0 13:st0/hp0/mx0/df0/fn0/lv0/v0 14:st0/hp0/mx0/df0/fn0/lv0/v0 15:st0/hp159/mx159/df0/fn4909D0/lv15/v1 16:st0/hp180/mx180/df0/fn4909D0/lv20/v1 17:st0/hp0/mx163/df0/fn4909D0/lv17/v0 18:st0/hp0/mx0/df0/fn0/lv0/v0 19:st0/hp0/mx0/df0/fn0/lv0/v0 
autobattle PET turn=1 myNo=0 row=0 si=0 seed=-2 target=15 validEnemy=2 minLv=15 pcEnable=0 cmd=W|0|F
autobattle tick cnt=209 smto=1 res=0 battling=1 ctype=0 ptype=0
autobattle CHAR t=107663203 turn=2 cliT=2 myNo=0 afl=38000 cb=0 pb=0 subP=5 procN=10 actInf=0 menuF=0 tgtSel=0 resW=0 self=hp226/st0 pet=hp305/st0 validEnemy=2 fallback=15 delay=0 cmd=H|F heal[en=1 tf=3 c=87 p=87 a=87 mag=3 selfP=99/mx227 petP=100/mx305] | enemies=10:st0/hp0/mx0/df0/fn0/lv0/v0 11:st0/hp0/mx0/df0/fn0/lv0/v0 12:st0/hp0/mx0/df0/fn0/lv0/v0 13:st0/hp0/mx0/df0/fn0/lv0/v0 14:st0/hp0/mx0/df0/fn0/lv0/v0 15:st0/hp26/mx159/df0/fn4909D0/lv15/v1 16:st0/hp180/mx180/df0/fn4909D0/lv20/v1 17:st0/hp0/mx163/df0/fn4909D0/lv17/v0 18:st0/hp0/mx0/df0/fn0/lv0/v0 19:st0/hp0/mx0/df0/fn0/lv0/v0 
autobattle PET turn=2 myNo=0 row=0 si=0 seed=-2 target=15 validEnemy=2 minLv=15 pcEnable=0 cmd=W|0|F
autobattle tick cnt=226 smto=1 res=0 battling=1 ctype=0 ptype=0
autobattle CHAR t=107664125 turn=3 cliT=3 myNo=0 afl=30000 cb=0 pb=0 subP=5 procN=10 actInf=0 menuF=0 tgtSel=0 resW=0 self=hp225/st0 pet=hp305/st0 validEnemy=1 fallback=16 delay=0 cmd=H|10 heal[en=1 tf=3 c=87 p=87 a=87 mag=3 selfP=99/mx227 petP=100/mx305] | enemies=10:st0/hp0/mx0/df0/fn0/lv0/v0 11:st0/hp0/mx0/df0/fn0/lv0/v0 12:st0/hp0/mx0/df0/fn0/lv0/v0 13:st0/hp0/mx0/df0/fn0/lv0/v0 14:st0/hp0/mx0/df0/fn0/lv0/v0 15:st0/hp0/mx159/df0/fn0/lv15/v0 16:st0/hp180/mx180/df0/fn4909D0/lv20/v1 17:st0/hp0/mx163/df0/fn4909D0/lv17/v0 18:st0/hp0/mx0/df0/fn0/lv0/v0 19:st0/hp0/mx0/df0/fn0/lv0/v0 
autobattle PET turn=3 myNo=0 row=0 si=0 seed=-2 target=16 validEnemy=1 minLv=20 pcEnable=0 cmd=W|0|10
autobattle CHAR t=107664859 turn=4 cliT=4 myNo=0 afl=30000 cb=0 pb=0 subP=5 procN=10 actInf=0 menuF=0 tgtSel=0 resW=0 self=hp225/st0 pet=hp305/st0 validEnemy=1 fallback=16 delay=0 cmd=H|10 heal[en=1 tf=3 c=87 p=87 a=87 mag=3 selfP=99/mx227 petP=100/mx305] | enemies=10:st0/hp0/mx0/df0/fn0/lv0/v0 11:st0/hp0/mx0/df0/fn0/lv0/v0 12:st0/hp0/mx0/df0/fn0/lv0/v0 13:st0/hp0/mx0/df0/fn0/lv0/v0 14:st0/hp0/mx0/df0/fn0/lv0/v0 15:st0/hp0/mx159/df0/fn0/lv15/v0 16:st0/hp131/mx180/df0/fn4909D0/lv20/v1 17:st0/hp0/mx163/df0/fn4909D0/lv17/v0 18:st0/hp0/mx0/df0/fn0/lv0/v0 19:st0/hp0/mx0/df0/fn0/lv0/v0 
autobattle PET turn=4 myNo=0 row=0 si=0 seed=-2 target=16 validEnemy=1 minLv=20 pcEnable=0 cmd=W|0|10
autobattle tick cnt=243 smto=1 res=0 battling=1 ctype=0 ptype=0
autobattle tick cnt=255 smto=1 res=0 battling=1 ctype=0 ptype=0
autobattle CHAR t=107666890 turn=0 cliT=0 myNo=0 afl=78000 cb=0 pb=0 subP=3 procN=10 actInf=0 menuF=0 tgtSel=0 resW=0 self=hp227/st0 pet=hp305/st0 validEnemy=4 fallback=17 delay=0 cmd=H|11 heal[en=1 tf=3 c=87 p=87 a=87 mag=3 selfP=100/mx227 petP=100/mx305] | enemies=10:st0/hp0/mx0/df0/fn0/lv0/v0 11:st0/hp0/mx0/df0/fn0/lv0/v0 12:st0/hp0/mx0/df0/fn0/lv0/v0 13:st0/hp0/mx0/df0/fn0/lv0/v0 14:st0/hp0/mx0/df0/fn0/lv0/v0 15:st0/hp173/mx173/df0/fn4909D0/lv18/v1 16:st0/hp151/mx151/df0/fn4909D0/lv16/v1 17:st0/hp182/mx182/df0/fn4909D0/lv18/v1 18:st0/hp182/mx182/df0/fn4909D0/lv19/v1 19:st0/hp0/mx0/df0/fn0/lv0/v0 
autobattle PET turn=0 myNo=0 row=0 si=0 seed=-2 target=17 validEnemy=4 minLv=16 pcEnable=0 cmd=W|0|11
autobattle tick cnt=272 smto=1 res=0 battling=1 ctype=0 ptype=0
autobattle CHAR t=107668250 turn=1 cliT=1 myNo=0 afl=78000 cb=0 pb=0 subP=5 procN=10 actInf=0 menuF=0 tgtSel=0 resW=0 self=hp227/st0 pet=hp292/st0 validEnemy=3 fallback=15 delay=0 cmd=H|F heal[en=1 tf=3 c=87 p=87 a=87 mag=3 selfP=100/mx227 petP=95/mx305] | enemies=10:st0/hp0/mx0/df0/fn0/lv0/v0 11:st0/hp0/mx0/df0/fn0/lv0/v0 12:st0/hp0/mx0/df0/fn0/lv0/v0 13:st0/hp0/mx0/df0/fn0/lv0/v0 14:st0/hp0/mx0/df0/fn0/lv0/v0 15:st0/hp173/mx173/df0/fn4909D0/lv18/v1 16:st0/hp151/mx151/df0/fn4909D0/lv16/v1 17:st0/hp0/mx182/df0/fn4909D0/lv18/v0 18:st0/hp182/mx182/df0/fn4909D0/lv19/v1 19:st0/hp0/mx0/df0/fn0/lv0/v0 
autobattle PET turn=1 myNo=0 row=0 si=0 seed=-2 target=15 validEnemy=3 minLv=16 pcEnable=0 cmd=W|0|F
autobattle tick cnt=289 smto=1 res=0 battling=1 ctype=0 ptype=0
autobattle CHAR t=107669359 turn=2 cliT=2 myNo=0 afl=78000 cb=0 pb=0 subP=5 procN=10 actInf=0 menuF=0 tgtSel=0 resW=0 self=hp226/st0 pet=hp292/st0 validEnemy=2 fallback=16 delay=0 cmd=H|10 heal[en=1 tf=3 c=87 p=87 a=87 mag=3 selfP=99/mx227 petP=95/mx305] | enemies=10:st0/hp0/mx0/df0/fn0/lv0/v0 11:st0/hp0/mx0/df0/fn0/lv0/v0 12:st0/hp0/mx0/df0/fn0/lv0/v0 13:st0/hp0/mx0/df0/fn0/lv0/v0 14:st0/hp0/mx0/df0/fn0/lv0/v0 15:st0/hp0/mx173/df0/fn4909D0/lv18/v0 16:st0/hp151/mx151/df0/fn4909D0/lv16/v1 17:st0/hp0/mx182/df0/fn4909D0/lv18/v0 18:st0/hp182/mx182/df0/fn4909D0/lv19/v1 19:st0/hp0/mx0/df0/fn0/lv0/v0 
autobattle PET turn=2 myNo=0 row=0 si=0 seed=-2 target=16 validEnemy=2 minLv=16 pcEnable=0 cmd=W|0|10
autobattle tick cnt=306 smto=1 res=0 battling=1 ctype=0 ptype=0
autobattle CHAR t=107670406 turn=3 cliT=3 myNo=0 afl=78000 cb=0 pb=0 subP=5 procN=10 actInf=0 menuF=0 tgtSel=0 resW=0 self=hp226/st0 pet=hp277/st0 validEnemy=1 fallback=18 delay=0 cmd=H|12 heal[en=1 tf=3 c=87 p=87 a=87 mag=3 selfP=99/mx227 petP=90/mx305] | enemies=10:st0/hp0/mx0/df0/fn0/lv0/v0 11:st0/hp0/mx0/df0/fn0/lv0/v0 12:st0/hp0/mx0/df0/fn0/lv0/v0 13:st0/hp0/mx0/df0/fn0/lv0/v0 14:st0/hp0/mx0/df0/fn0/lv0/v0 15:st0/hp0/mx173/df0/fn4909D0/lv18/v0 16:st0/hp0/mx151/df0/fn4909D0/lv16/v0 17:st0/hp0/mx182/df0/fn4909D0/lv18/v0 18:st0/hp182/mx182/df0/fn4909D0/lv19/v1 19:st0/hp0/mx0/df0/fn0/lv0/v0 
autobattle PET turn=3 myNo=0 row=0 si=0 seed=-2 target=18 validEnemy=1 minLv=19 pcEnable=0 cmd=W|0|12
autobattle tick cnt=323 smto=1 res=0 battling=1 ctype=0 ptype=0
autobattle tick cnt=329 smto=1 res=0 battling=1 ctype=0 ptype=0
autobattle CHAR t=107672546 turn=0 cliT=0 myNo=0 afl=18000 cb=0 pb=0 subP=3 procN=10 actInf=0 menuF=0 tgtSel=0 resW=0 self=hp226/st0 pet=hp277/st0 validEnemy=2 fallback=15 delay=0 cmd=H|F heal[en=1 tf=3 c=87 p=87 a=87 mag=3 selfP=99/mx227 petP=90/mx305] | enemies=10:st0/hp0/mx0/df0/fn0/lv0/v0 11:st0/hp0/mx0/df0/fn0/lv0/v0 12:st0/hp0/mx0/df0/fn0/lv0/v0 13:st0/hp0/mx0/df0/fn0/lv0/v0 14:st0/hp0/mx0/df0/fn0/lv0/v0 15:st0/hp168/mx168/df0/fn4909D0/lv18/v1 16:st0/hp165/mx165/df0/fn4909D0/lv17/v1 17:st0/hp0/mx0/df0/fn0/lv0/v0 18:st0/hp0/mx0/df0/fn0/lv0/v0 19:st0/hp0/mx0/df0/fn0/lv0/v0 
autobattle PET turn=0 myNo=0 row=0 si=0 seed=-2 target=15 validEnemy=2 minLv=17 pcEnable=0 cmd=W|0|F
autobattle tick cnt=346 smto=1 res=0 battling=1 ctype=0 ptype=0
autobattle CHAR t=107673593 turn=1 cliT=1 myNo=0 afl=18000 cb=0 pb=0 subP=5 procN=10 actInf=0 menuF=0 tgtSel=0 resW=0 self=hp226/st0 pet=hp264/st0 validEnemy=1 fallback=16 delay=0 cmd=J|0|14 heal[en=1 tf=3 c=87 p=87 a=87 mag=3 selfP=99/mx227 petP=86/mx305] | enemies=10:st0/hp0/mx0/df0/fn0/lv0/v0 11:st0/hp0/mx0/df0/fn0/lv0/v0 12:st0/hp0/mx0/df0/fn0/lv0/v0 13:st0/hp0/mx0/df0/fn0/lv0/v0 14:st0/hp0/mx0/df0/fn0/lv0/v0 15:st0/hp0/mx168/df0/fn4909D0/lv18/v0 16:st0/hp165/mx165/df0/fn4909D0/lv17/v1 17:st0/hp0/mx0/df0/fn0/lv0/v0 18:st0/hp0/mx0/df0/fn0/lv0/v0 19:st0/hp0/mx0/df0/fn0/lv0/v0 
autobattle PET turn=1 myNo=0 row=0 si=0 seed=-2 target=16 validEnemy=1 minLv=17 pcEnable=0 cmd=W|0|10
autobattle tick cnt=363 smto=1 res=0 battling=1 ctype=0 ptype=0
autobattle tick cnt=375 smto=1 res=0 battling=1 ctype=0 ptype=0
autobattle CHAR t=107676671 turn=0 cliT=0 myNo=0 afl=8000 cb=0 pb=0 subP=3 procN=10 actInf=0 menuF=0 tgtSel=0 resW=0 self=hp227/st0 pet=hp296/st0 validEnemy=1 fallback=15 delay=0 cmd=H|F heal[en=1 tf=3 c=87 p=87 a=87 mag=3 selfP=100/mx227 petP=97/mx305] | enemies=10:st0/hp0/mx0/df0/fn0/lv0/v0 11:st0/hp0/mx0/df0/fn0/lv0/v0 12:st0/hp0/mx0/df0/fn0/lv0/v0 13:st0/hp0/mx0/df0/fn0/lv0/v0 14:st0/hp0/mx0/df0/fn0/lv0/v0 15:st0/hp161/mx161/df0/fn4909D0/lv16/v1 16:st0/hp0/mx0/df0/fn0/lv0/v0 17:st0/hp0/mx0/df0/fn0/lv0/v0 18:st0/hp0/mx0/df0/fn0/lv0/v0 19:st0/hp0/mx0/df0/fn0/lv0/v0 
autobattle PET turn=0 myNo=0 row=0 si=0 seed=-2 target=15 validEnemy=1 minLv=16 pcEnable=0 cmd=W|0|F
autobattle tick cnt=390 smto=1 res=0 battling=1 ctype=0 ptype=0
autobattle CHAR t=107678578 turn=0 cliT=0 myNo=0 afl=38000 cb=0 pb=0 subP=3 procN=10 actInf=0 menuF=0 tgtSel=0 resW=0 self=hp227/st0 pet=hp296/st0 validEnemy=3 fallback=17 delay=0 cmd=H|11 heal[en=1 tf=3 c=87 p=87 a=87 mag=3 selfP=100/mx227 petP=97/mx305] | enemies=10:st0/hp0/mx0/df0/fn0/lv0/v0 11:st0/hp0/mx0/df0/fn0/lv0/v0 12:st0/hp0/mx0/df0/fn0/lv0/v0 13:st0/hp0/mx0/df0/fn0/lv0/v0 14:st0/hp0/mx0/df0/fn0/lv0/v0 15:st0/hp158/mx158/df0/fn4909D0/lv15/v1 16:st0/hp167/mx167/df0/fn4909D0/lv16/v1 17:st0/hp159/mx159/df0/fn4909D0/lv15/v1 18:st0/hp0/mx0/df0/fn0/lv0/v0 19:st0/hp0/mx0/df0/fn0/lv0/v0 
autobattle PET turn=0 myNo=0 row=0 si=0 seed=-2 target=17 validEnemy=3 minLv=15 pcEnable=0 cmd=W|0|11
autobattle tick cnt=407 smto=1 res=0 battling=1 ctype=0 ptype=0
autobattle CHAR t=107679687 turn=1 cliT=1 myNo=0 afl=18000 cb=0 pb=0 subP=5 procN=10 actInf=0 menuF=0 tgtSel=0 resW=0 self=hp227/st0 pet=hp273/st0 validEnemy=2 fallback=15 delay=0 cmd=H|F heal[en=1 tf=3 c=87 p=87 a=87 mag=3 selfP=100/mx227 petP=89/mx305] | enemies=10:st0/hp0/mx0/df0/fn0/lv0/v0 11:st0/hp0/mx0/df0/fn0/lv0/v0 12:st0/hp0/mx0/df0/fn0/lv0/v0 13:st0/hp0/mx0/df0/fn0/lv0/v0 14:st0/hp0/mx0/df0/fn0/lv0/v0 15:st0/hp158/mx158/df0/fn4909D0/lv15/v1 16:st0/hp167/mx167/df0/fn4909D0/lv16/v1 17:st0/hp0/mx159/df0/fn0/lv15/v0 18:st0/hp0/mx0/df0/fn0/lv0/v0 19:st0/hp0/mx0/df0/fn0/lv0/v0 
autobattle PET turn=1 myNo=0 row=0 si=0 seed=-2 target=15 validEnemy=2 minLv=15 pcEnable=0 cmd=W|0|F
autobattle CHAR t=107680546 turn=2 cliT=2 myNo=0 afl=10000 cb=0 pb=0 subP=5 procN=10 actInf=0 menuF=0 tgtSel=0 resW=0 self=hp227/st0 pet=hp258/st0 validEnemy=1 fallback=16 delay=0 cmd=J|0|14 heal[en=1 tf=3 c=87 p=87 a=87 mag=3 selfP=100/mx227 petP=84/mx305] | enemies=10:st0/hp0/mx0/df0/fn0/lv0/v0 11:st0/hp0/mx0/df0/fn0/lv0/v0 12:st0/hp0/mx0/df0/fn0/lv0/v0 13:st0/hp0/mx0/df0/fn0/lv0/v0 14:st0/hp0/mx0/df0/fn0/lv0/v0 15:st0/hp0/mx158/df0/fn0/lv15/v0 16:st0/hp167/mx167/df0/fn4909D0/lv16/v1 17:st0/hp0/mx159/df0/fn0/lv15/v0 18:st0/hp0/mx0/df0/fn0/lv0/v0 19:st0/hp0/mx0/df0/fn0/lv0/v0 
autobattle PET turn=2 myNo=0 row=0 si=0 seed=-2 target=16 validEnemy=1 minLv=16 pcEnable=0 cmd=W|0|10
autobattle tick cnt=424 smto=1 res=0 battling=1 ctype=0 ptype=0
autobattle CHAR t=107681468 turn=3 cliT=3 myNo=0 afl=10000 cb=0 pb=0 subP=5 procN=10 actInf=0 menuF=0 tgtSel=0 resW=0 self=hp227/st0 pet=hp291/st0 validEnemy=1 fallback=16 delay=0 cmd=H|10 heal[en=1 tf=3 c=87 p=87 a=87 mag=3 selfP=100/mx227 petP=95/mx305] | enemies=10:st0/hp0/mx0/df0/fn0/lv0/v0 11:st0/hp0/mx0/df0/fn0/lv0/v0 12:st0/hp0/mx0/df0/fn0/lv0/v0 13:st0/hp0/mx0/df0/fn0/lv0/v0 14:st0/hp0/mx0/df0/fn0/lv0/v0 15:st0/hp0/mx158/df0/fn0/lv15/v0 16:st0/hp62/mx167/df0/fn4909D0/lv16/v1 17:st0/hp0/mx159/df0/fn0/lv15/v0 18:st0/hp0/mx0/df0/fn0/lv0/v0 19:st0/hp0/mx0/df0/fn0/lv0/v0 
autobattle PET turn=3 myNo=0 row=0 si=0 seed=-2 target=16 validEnemy=1 minLv=16 pcEnable=0 cmd=W|0|10
autobattle tick cnt=441 smto=1 res=0 battling=1 ctype=0 ptype=0
autobattle CHAR t=107682203 turn=4 cliT=4 myNo=0 afl=10000 cb=0 pb=0 subP=5 procN=10 actInf=0 menuF=0 tgtSel=0 resW=0 self=hp227/st0 pet=hp291/st0 validEnemy=1 fallback=16 delay=0 cmd=H|10 heal[en=1 tf=3 c=87 p=87 a=87 mag=3 selfP=100/mx227 petP=95/mx305] | enemies=10:st0/hp0/mx0/df0/fn0/lv0/v0 11:st0/hp0/mx0/df0/fn0/lv0/v0 12:st0/hp0/mx0/df0/fn0/lv0/v0 13:st0/hp0/mx0/df0/fn0/lv0/v0 14:st0/hp0/mx0/df0/fn0/lv0/v0 15:st0/hp0/mx158/df0/fn0/lv15/v0 16:st0/hp42/mx167/df0/fn4909D0/lv16/v1 17:st0/hp0/mx159/df0/fn0/lv15/v0 18:st0/hp0/mx0/df0/fn0/lv0/v0 19:st0/hp0/mx0/df0/fn0/lv0/v0 
autobattle PET turn=4 myNo=0 row=0 si=0 seed=-2 target=16 validEnemy=1 minLv=16 pcEnable=0 cmd=W|0|10
autobattle tick cnt=458 smto=1 res=0 battling=1 ctype=0 ptype=0
autobattle tick cnt=464 smto=1 res=0 battling=1 ctype=0 ptype=0
autobattle CHAR t=107684234 turn=0 cliT=0 myNo=0 afl=38000 cb=0 pb=0 subP=3 procN=10 actInf=0 menuF=0 tgtSel=0 resW=0 self=hp227/st0 pet=hp291/st0 validEnemy=3 fallback=17 delay=0 cmd=H|11 heal[en=1 tf=3 c=87 p=87 a=87 mag=3 selfP=100/mx227 petP=95/mx305] | enemies=10:st0/hp0/mx0/df0/fn0/lv0/v0 11:st0/hp0/mx0/df0/fn0/lv0/v0 12:st0/hp0/mx0/df0/fn0/lv0/v0 13:st0/hp0/mx0/df0/fn0/lv0/v0 14:st0/hp0/mx0/df0/fn0/lv0/v0 15:st0/hp185/mx185/df0/fn4909D0/lv19/v1 16:st0/hp171/mx171/df0/fn4909D0/lv18/v1 17:st0/hp165/mx165/df0/fn4909D0/lv16/v1 18:st0/hp0/mx0/df0/fn0/lv0/v0 19:st0/hp0/mx0/df0/fn0/lv0/v0 
autobattle PET turn=0 myNo=0 row=0 si=0 seed=-2 target=17 validEnemy=3 minLv=16 pcEnable=0 cmd=W|0|11
autobattle tick cnt=481 smto=1 res=0 battling=1 ctype=0 ptype=0
autobattle CHAR t=107685281 turn=1 cliT=1 myNo=0 afl=38000 cb=0 pb=0 subP=5 procN=10 actInf=0 menuF=0 tgtSel=0 resW=0 self=hp227/st0 pet=hp291/st0 validEnemy=2 fallback=15 delay=0 cmd=H|F heal[en=1 tf=3 c=87 p=87 a=87 mag=3 selfP=100/mx227 petP=95/mx305] | enemies=10:st0/hp0/mx0/df0/fn0/lv0/v0 11:st0/hp0/mx0/df0/fn0/lv0/v0 12:st0/hp0/mx0/df0/fn0/lv0/v0 13:st0/hp0/mx0/df0/fn0/lv0/v0 14:st0/hp0/mx0/df0/fn0/lv0/v0 15:st0/hp185/mx185/df0/fn4909D0/lv19/v1 16:st0/hp171/mx171/df0/fn4909D0/lv18/v1 17:st0/hp0/mx165/df0/fn4909D0/lv16/v0 18:st0/hp0/mx0/df0/fn0/lv0/v0 19:st0/hp0/mx0/df0/fn0/lv0/v0 
autobattle PET turn=1 myNo=0 row=0 si=0 seed=-2 target=15 validEnemy=2 minLv=18 pcEnable=0 cmd=W|0|F
autobattle CHAR t=107686078 turn=2 cliT=2 myNo=0 afl=38000 cb=0 pb=0 subP=5 procN=10 actInf=0 menuF=0 tgtSel=0 resW=0 self=hp227/st0 pet=hp274/st0 validEnemy=1 fallback=16 delay=0 cmd=H|10 heal[en=1 tf=3 c=87 p=87 a=87 mag=3 selfP=100/mx227 petP=89/mx305] | enemies=10:st0/hp0/mx0/df0/fn0/lv0/v0 11:st0/hp0/mx0/df0/fn0/lv0/v0 12:st0/hp0/mx0/df0/fn0/lv0/v0 13:st0/hp0/mx0/df0/fn0/lv0/v0 14:st0/hp0/mx0/df0/fn0/lv0/v0 15:st0/hp0/mx185/df0/fn4909D0/lv19/v0 16:st0/hp171/mx171/df0/fn4909D0/lv18/v1 17:st0/hp0/mx165/df0/fn4909D0/lv16/v0 18:st0/hp0/mx0/df0/fn0/lv0/v0 19:st0/hp0/mx0/df0/fn0/lv0/v0 
autobattle PET turn=2 myNo=0 row=0 si=0 seed=-2 target=16 validEnemy=1 minLv=18 pcEnable=0 cmd=W|0|10
autobattle tick cnt=498 smto=1 res=0 battling=1 ctype=0 ptype=0
autobattle tick cnt=514 smto=1 res=0 battling=1 ctype=0 ptype=0
autobattle CHAR t=107689093 turn=0 cliT=0 myNo=0 afl=18000 cb=0 pb=0 subP=3 procN=10 actInf=0 menuF=0 tgtSel=0 resW=0 self=hp227/st0 pet=hp274/st0 validEnemy=2 fallback=15 delay=0 cmd=H|F heal[en=1 tf=3 c=87 p=87 a=87 mag=3 selfP=100/mx227 petP=89/mx305] | enemies=10:st0/hp0/mx0/df0/fn0/lv0/v0 11:st0/hp0/mx0/df0/fn0/lv0/v0 12:st0/hp0/mx0/df0/fn0/lv0/v0 13:st0/hp0/mx0/df0/fn0/lv0/v0 14:st0/hp0/mx0/df0/fn0/lv0/v0 15:st0/hp162/mx162/df0/fn4909D0/lv16/v1 16:st0/hp189/mx189/df0/fn4909D0/lv20/v1 17:st0/hp0/mx0/df0/fn0/lv0/v0 18:st0/hp0/mx0/df0/fn0/lv0/v0 19:st0/hp0/mx0/df0/fn0/lv0/v0 
autobattle PET turn=0 myNo=0 row=0 si=0 seed=-2 target=15 validEnemy=2 minLv=16 pcEnable=0 cmd=W|0|F
autobattle tick cnt=531 smto=1 res=0 battling=1 ctype=0 ptype=0
autobattle CHAR t=107690203 turn=1 cliT=1 myNo=0 afl=8000 cb=0 pb=0 subP=5 procN=10 actInf=0 menuF=0 tgtSel=0 resW=0 self=hp226/st0 pet=hp274/st0 validEnemy=1 fallback=15 delay=0 cmd=H|F heal[en=1 tf=3 c=87 p=87 a=87 mag=3 selfP=99/mx227 petP=89/mx305] | enemies=10:st0/hp0/mx0/df0/fn0/lv0/v0 11:st0/hp0/mx0/df0/fn0/lv0/v0 12:st0/hp0/mx0/df0/fn0/lv0/v0 13:st0/hp0/mx0/df0/fn0/lv0/v0 14:st0/hp0/mx0/df0/fn0/lv0/v0 15:st0/hp12/mx162/df0/fn4909D0/lv16/v1 16:st0/hp189/mx189/df0/fn0/lv20/v0 17:st0/hp0/mx0/df0/fn0/lv0/v0 18:st0/hp0/mx0/df0/fn0/lv0/v0 19:st0/hp0/mx0/df0/fn0/lv0/v0 
autobattle PET turn=1 myNo=0 row=0 si=0 seed=-2 target=15 validEnemy=1 minLv=16 pcEnable=0 cmd=W|0|F
autobattle tick cnt=547 smto=1 res=0 battling=1 ctype=0 ptype=0
autobattle CHAR t=107691500 turn=0 cliT=0 myNo=0 afl=38000 cb=0 pb=0 subP=3 procN=10 actInf=0 menuF=0 tgtSel=0 resW=0 self=hp226/st0 pet=hp274/st0 validEnemy=3 fallback=17 delay=0 cmd=H|11 heal[en=1 tf=3 c=87 p=87 a=87 mag=3 selfP=99/mx227 petP=89/mx305] | enemies=10:st0/hp0/mx0/df0/fn0/lv0/v0 11:st0/hp0/mx0/df0/fn0/lv0/v0 12:st0/hp0/mx0/df0/fn0/lv0/v0 13:st0/hp0/mx0/df0/fn0/lv0/v0 14:st0/hp0/mx0/df0/fn0/lv0/v0 15:st0/hp168/mx168/df0/fn4909D0/lv18/v1 16:st0/hp173/mx173/df0/fn4909D0/lv17/v1 17:st0/hp173/mx173/df0/fn4909D0/lv17/v1 18:st0/hp0/mx0/df0/fn0/lv0/v0 19:st0/hp0/mx0/df0/fn0/lv0/v0 
autobattle PET turn=0 myNo=0 row=0 si=0 seed=-2 target=17 validEnemy=3 minLv=17 pcEnable=0 cmd=W|0|11
autobattle tick cnt=564 smto=1 res=0 battling=1 ctype=0 ptype=0
autobattle CHAR t=107692906 turn=1 cliT=1 myNo=0 afl=38000 cb=0 pb=0 subP=5 procN=10 actInf=0 menuF=0 tgtSel=0 resW=0 self=hp226/st0 pet=hp265/st0 validEnemy=2 fallback=15 delay=0 cmd=J|0|14 heal[en=1 tf=3 c=87 p=87 a=87 mag=3 selfP=99/mx227 petP=86/mx305] | enemies=10:st0/hp0/mx0/df0/fn0/lv0/v0 11:st0/hp0/mx0/df0/fn0/lv0/v0 12:st0/hp0/mx0/df0/fn0/lv0/v0 13:st0/hp0/mx0/df0/fn0/lv0/v0 14:st0/hp0/mx0/df0/fn0/lv0/v0 15:st0/hp168/mx168/df0/fn4909D0/lv18/v1 16:st0/hp113/mx173/df0/fn4909D0/lv17/v1 17:st0/hp0/mx173/df0/fn4909D0/lv17/v0 18:st0/hp0/mx0/df0/fn0/lv0/v0 19:st0/hp0/mx0/df0/fn0/lv0/v0 
autobattle PET turn=1 myNo=0 row=0 si=0 seed=-2 target=15 validEnemy=2 minLv=17 pcEnable=0 cmd=W|0|F
autobattle tick cnt=581 smto=1 res=0 battling=1 ctype=0 ptype=0
autobattle CHAR t=107694078 turn=2 cliT=2 myNo=0 afl=38000 cb=0 pb=0 subP=5 procN=10 actInf=0 menuF=0 tgtSel=0 resW=0 self=hp227/st0 pet=hp305/st0 validEnemy=2 fallback=15 delay=0 cmd=H|F heal[en=1 tf=3 c=87 p=87 a=87 mag=3 selfP=100/mx227 petP=100/mx305] | enemies=10:st0/hp0/mx0/df0/fn0/lv0/v0 11:st0/hp0/mx0/df0/fn0/lv0/v0 12:st0/hp0/mx0/df0/fn0/lv0/v0 13:st0/hp0/mx0/df0/fn0/lv0/v0 14:st0/hp0/mx0/df0/fn0/lv0/v0 15:st0/hp25/mx168/df0/fn4909D0/lv18/v1 16:st0/hp113/mx173/df0/fn4909D0/lv17/v1 17:st0/hp0/mx173/df0/fn4909D0/lv17/v0 18:st0/hp0/mx0/df0/fn0/lv0/v0 19:st0/hp0/mx0/df0/fn0/lv0/v0 
autobattle PET turn=2 myNo=0 row=0 si=0 seed=-2 target=15 validEnemy=2 minLv=17 pcEnable=0 cmd=W|0|F
autobattle tick cnt=598 smto=1 res=0 battling=1 ctype=0 ptype=0
autobattle CHAR t=107695000 turn=3 cliT=3 myNo=0 afl=30000 cb=0 pb=0 subP=5 procN=10 actInf=0 menuF=0 tgtSel=0 resW=0 self=hp226/st0 pet=hp305/st0 validEnemy=1 fallback=16 delay=0 cmd=H|10 heal[en=1 tf=3 c=87 p=87 a=87 mag=3 selfP=99/mx227 petP=100/mx305] | enemies=10:st0/hp0/mx0/df0/fn0/lv0/v0 11:st0/hp0/mx0/df0/fn0/lv0/v0 12:st0/hp0/mx0/df0/fn0/lv0/v0 13:st0/hp0/mx0/df0/fn0/lv0/v0 14:st0/hp0/mx0/df0/fn0/lv0/v0 15:st0/hp0/mx168/df0/fn0/lv18/v0 16:st0/hp113/mx173/df0/fn4909D0/lv17/v1 17:st0/hp0/mx173/df0/fn4909D0/lv17/v0 18:st0/hp0/mx0/df0/fn0/lv0/v0 19:st0/hp0/mx0/df0/fn0/lv0/v0 
autobattle PET turn=3 myNo=0 row=0 si=0 seed=-2 target=16 validEnemy=1 minLv=17 pcEnable=0 cmd=W|0|10
autobattle tick cnt=615 smto=1 res=0 battling=1 ctype=0 ptype=0
autobattle tick cnt=624 smto=1 res=0 battling=1 ctype=0 ptype=0
autobattle CHAR t=107696843 turn=0 cliT=0 myNo=0 afl=F8000 cb=0 pb=0 subP=3 procN=10 actInf=0 menuF=0 tgtSel=0 resW=0 self=hp226/st0 pet=hp305/st0 validEnemy=5 fallback=19 delay=0 cmd=H|13 heal[en=1 tf=3 c=87 p=87 a=87 mag=3 selfP=99/mx227 petP=100/mx305] | enemies=10:st0/hp0/mx0/df0/fn0/lv0/v0 11:st0/hp0/mx0/df0/fn0/lv0/v0 12:st0/hp0/mx0/df0/fn0/lv0/v0 13:st0/hp0/mx0/df0/fn0/lv0/v0 14:st0/hp0/mx0/df0/fn0/lv0/v0 15:st0/hp149/mx149/df0/fn4909D0/lv16/v1 16:st0/hp184/mx184/df0/fn4909D0/lv19/v1 17:st0/hp160/mx160/df0/fn4909D0/lv16/v1 18:st0/hp202/mx202/df0/fn4909D0/lv20/v1 19:st0/hp183/mx183/df0/fn4909D0/lv19/v1 
autobattle PET turn=0 myNo=0 row=0 si=0 seed=-2 target=19 validEnemy=5 minLv=16 pcEnable=0 cmd=W|0|13
autobattle tick cnt=641 smto=1 res=0 battling=1 ctype=0 ptype=0
autobattle tick cnt=658 smto=1 res=0 battling=1 ctype=0 ptype=0
autobattle CHAR t=107699062 turn=1 cliT=1 myNo=0 afl=F8000 cb=0 pb=0 subP=2 procN=10 actInf=0 menuF=0 tgtSel=0 resW=0 self=hp225/st0 pet=hp269/st0 validEnemy=4 fallback=17 delay=0 cmd=H|11 heal[en=1 tf=3 c=87 p=87 a=87 mag=3 selfP=99/mx227 petP=88/mx305] | enemies=10:st0/hp0/mx0/df0/fn0/lv0/v0 11:st0/hp0/mx0/df0/fn0/lv0/v0 12:st0/hp0/mx0/df0/fn0/lv0/v0 13:st0/hp0/mx0/df0/fn0/lv0/v0 14:st0/hp0/mx0/df0/fn0/lv0/v0 15:st0/hp89/mx149/df0/fn4909D0/lv16/v1 16:st0/hp184/mx184/df0/fn4909D0/lv19/v1 17:st0/hp44/mx160/df0/fn4909D0/lv16/v1 18:st0/hp202/mx202/df0/fn4909D0/lv20/v1 19:st0/hp0/mx183/df0/fn4909D0/lv19/v0 
autobattle PET turn=1 myNo=0 row=0 si=0 seed=-2 target=17 validEnemy=4 minLv=16 pcEnable=0 cmd=W|0|11
autobattle tick cnt=675 smto=1 res=0 battling=1 ctype=0 ptype=0
autobattle CHAR t=107700843 turn=2 cliT=2 myNo=0 afl=F8000 cb=0 pb=0 subP=5 procN=10 actInf=0 menuF=0 tgtSel=0 resW=0 self=hp225/st0 pet=hp269/st0 validEnemy=3 fallback=15 delay=0 cmd=H|F heal[en=1 tf=3 c=87 p=87 a=87 mag=3 selfP=99/mx227 petP=88/mx305] | enemies=10:st0/hp0/mx0/df0/fn0/lv0/v0 11:st0/hp0/mx0/df0/fn0/lv0/v0 12:st0/hp0/mx0/df0/fn0/lv0/v0 13:st0/hp0/mx0/df0/fn0/lv0/v0 14:st0/hp0/mx0/df0/fn0/lv0/v0 15:st0/hp23/mx149/df0/fn4909D0/lv16/v1 16:st0/hp105/mx184/df0/fn4909D0/lv19/v1 17:st0/hp0/mx160/df0/fn4909D0/lv16/v0 18:st0/hp97/mx202/df0/fn4909D0/lv20/v1 19:st0/hp0/mx183/df0/fn4909D0/lv19/v0 
autobattle PET turn=2 myNo=0 row=0 si=0 seed=-2 target=15 validEnemy=3 minLv=16 pcEnable=0 cmd=W|0|F
autobattle tick cnt=692 smto=1 res=0 battling=1 ctype=0 ptype=0
autobattle tick cnt=709 smto=1 res=0 battling=1 ctype=0 ptype=0
autobattle CHAR t=107702140 turn=3 cliT=3 myNo=0 afl=F8000 cb=0 pb=0 subP=5 procN=10 actInf=0 menuF=0 tgtSel=0 resW=0 self=hp225/st0 pet=hp254/st0 validEnemy=2 fallback=16 delay=0 cmd=J|0|14 heal[en=1 tf=3 c=87 p=87 a=87 mag=3 selfP=99/mx227 petP=83/mx305] | enemies=10:st0/hp0/mx0/df0/fn0/lv0/v0 11:st0/hp0/mx0/df0/fn0/lv0/v0 12:st0/hp0/mx0/df0/fn0/lv0/v0 13:st0/hp0/mx0/df0/fn0/lv0/v0 14:st0/hp0/mx0/df0/fn0/lv0/v0 15:st0/hp0/mx149/df0/fn4909D0/lv16/v0 16:st0/hp2/mx184/df0/fn4909D0/lv19/v1 17:st0/hp0/mx160/df0/fn4909D0/lv16/v0 18:st0/hp97/mx202/df0/fn4909D0/lv20/v1 19:st0/hp0/mx183/df0/fn4909D0/lv19/v0 
autobattle PET turn=3 myNo=0 row=0 si=0 seed=-2 target=16 validEnemy=2 minLv=19 pcEnable=0 cmd=W|0|10
autobattle tick cnt=726 smto=1 res=0 battling=1 ctype=0 ptype=0
autobattle CHAR t=107703187 turn=4 cliT=4 myNo=0 afl=E8000 cb=0 pb=0 subP=5 procN=10 actInf=0 menuF=0 tgtSel=0 resW=0 self=hp227/st0 pet=hp287/st0 validEnemy=1 fallback=18 delay=0 cmd=H|12 heal[en=1 tf=3 c=87 p=87 a=87 mag=3 selfP=100/mx227 petP=94/mx305] | enemies=10:st0/hp0/mx0/df0/fn0/lv0/v0 11:st0/hp0/mx0/df0/fn0/lv0/v0 12:st0/hp0/mx0/df0/fn0/lv0/v0 13:st0/hp0/mx0/df0/fn0/lv0/v0 14:st0/hp0/mx0/df0/fn0/lv0/v0 15:st0/hp0/mx149/df0/fn4909D0/lv16/v0 16:st0/hp0/mx184/df0/fn0/lv19/v0 17:st0/hp0/mx160/df0/fn4909D0/lv16/v0 18:st0/hp97/mx202/df0/fn4909D0/lv20/v1 19:st0/hp0/mx183/df0/fn4909D0/lv19/v0 
autobattle PET turn=4 myNo=0 row=0 si=0 seed=-2 target=18 validEnemy=1 minLv=20 pcEnable=0 cmd=W|0|12
autobattle tick cnt=742 smto=1 res=0 battling=1 ctype=0 ptype=0
autobattle CHAR t=107705843 turn=0 cliT=0 myNo=0 afl=38000 cb=0 pb=0 subP=3 procN=10 actInf=0 menuF=0 tgtSel=0 resW=0 self=hp227/st0 pet=hp287/st0 validEnemy=3 fallback=17 delay=0 cmd=H|11 heal[en=1 tf=3 c=87 p=87 a=87 mag=3 selfP=100/mx227 petP=94/mx305] | enemies=10:st0/hp0/mx0/df0/fn0/lv0/v0 11:st0/hp0/mx0/df0/fn0/lv0/v0 12:st0/hp0/mx0/df0/fn0/lv0/v0 13:st0/hp0/mx0/df0/fn0/lv0/v0 14:st0/hp0/mx0/df0/fn0/lv0/v0 15:st0/hp174/mx174/df0/fn4909D0/lv19/v1 16:st0/hp158/mx158/df0/fn4909D0/lv16/v1 17:st0/hp187/mx187/df0/fn4909D0/lv20/v1 18:st0/hp0/mx0/df0/fn0/lv0/v0 19:st0/hp0/mx0/df0/fn0/lv0/v0 
autobattle PET turn=0 myNo=0 row=0 si=0 seed=-2 target=17 validEnemy=3 minLv=16 pcEnable=0 cmd=W|0|11
autobattle CHAR t=107706578 turn=1 cliT=1 myNo=0 afl=18000 cb=0 pb=0 subP=5 procN=10 actInf=0 menuF=0 tgtSel=0 resW=0 self=hp227/st0 pet=hp287/st0 validEnemy=2 fallback=15 delay=0 cmd=H|F heal[en=1 tf=3 c=87 p=87 a=87 mag=3 selfP=100/mx227 petP=94/mx305] | enemies=10:st0/hp0/mx0/df0/fn0/lv0/v0 11:st0/hp0/mx0/df0/fn0/lv0/v0 12:st0/hp0/mx0/df0/fn0/lv0/v0 13:st0/hp0/mx0/df0/fn0/lv0/v0 14:st0/hp0/mx0/df0/fn0/lv0/v0 15:st0/hp174/mx174/df0/fn4909D0/lv19/v1 16:st0/hp158/mx158/df0/fn4909D0/lv16/v1 17:st0/hp0/mx187/df0/fn0/lv20/v0 18:st0/hp0/mx0/df0/fn0/lv0/v0 19:st0/hp0/mx0/df0/fn0/lv0/v0 
autobattle PET turn=1 myNo=0 row=0 si=0 seed=-2 target=15 validEnemy=2 minLv=16 pcEnable=0 cmd=W|0|F
autobattle tick cnt=758 smto=1 res=0 battling=1 ctype=0 ptype=0
autobattle CHAR t=107707687 turn=2 cliT=2 myNo=0 afl=18000 cb=0 pb=0 subP=5 procN=10 actInf=0 menuF=0 tgtSel=0 resW=0 self=hp226/st0 pet=hp287/st0 validEnemy=2 fallback=15 delay=0 cmd=H|F heal[en=1 tf=3 c=87 p=87 a=87 mag=3 selfP=99/mx227 petP=94/mx305] | enemies=10:st0/hp0/mx0/df0/fn0/lv0/v0 11:st0/hp0/mx0/df0/fn0/lv0/v0 12:st0/hp0/mx0/df0/fn0/lv0/v0 13:st0/hp0/mx0/df0/fn0/lv0/v0 14:st0/hp0/mx0/df0/fn0/lv0/v0 15:st0/hp34/mx174/df0/fn4909D0/lv19/v1 16:st0/hp158/mx158/df0/fn4909D0/lv16/v1 17:st0/hp0/mx187/df0/fn0/lv20/v0 18:st0/hp0/mx0/df0/fn0/lv0/v0 19:st0/hp0/mx0/df0/fn0/lv0/v0 
autobattle PET turn=2 myNo=0 row=0 si=0 seed=-2 target=15 validEnemy=2 minLv=16 pcEnable=0 cmd=W|0|F
autobattle tick cnt=775 smto=1 res=0 battling=1 ctype=0 ptype=0
autobattle tick cnt=792 smto=1 res=0 battling=1 ctype=0 ptype=0
autobattle tick cnt=803 smto=1 res=0 battling=1 ctype=0 ptype=0
autobattle CHAR t=107711500 turn=0 cliT=0 myNo=0 afl=38000 cb=0 pb=0 subP=3 procN=10 actInf=0 menuF=0 tgtSel=0 resW=0 self=hp226/st0 pet=hp287/st0 validEnemy=3 fallback=17 delay=0 cmd=H|11 heal[en=1 tf=3 c=87 p=87 a=87 mag=3 selfP=99/mx227 petP=94/mx305] | enemies=10:st0/hp0/mx0/df0/fn0/lv0/v0 11:st0/hp0/mx0/df0/fn0/lv0/v0 12:st0/hp0/mx0/df0/fn0/lv0/v0 13:st0/hp0/mx0/df0/fn0/lv0/v0 14:st0/hp0/mx0/df0/fn0/lv0/v0 15:st0/hp160/mx160/df0/fn4909D0/lv16/v1 16:st0/hp195/mx195/df0/fn4909D0/lv19/v1 17:st0/hp173/mx173/df0/fn4909D0/lv17/v1 18:st0/hp0/mx0/df0/fn0/lv0/v0 19:st0/hp0/mx0/df0/fn0/lv0/v0 
autobattle PET turn=0 myNo=0 row=0 si=0 seed=-2 target=17 validEnemy=3 minLv=16 pcEnable=0 cmd=W|0|11
autobattle tick cnt=820 smto=1 res=0 battling=1 ctype=0 ptype=0
autobattle CHAR t=107712609 turn=1 cliT=1 myNo=0 afl=18000 cb=0 pb=0 subP=5 procN=10 actInf=0 menuF=0 tgtSel=0 resW=0 self=hp226/st0 pet=hp263/st0 validEnemy=2 fallback=15 delay=0 cmd=J|0|14 heal[en=1 tf=3 c=87 p=87 a=87 mag=3 selfP=99/mx227 petP=86/mx305] | enemies=10:st0/hp0/mx0/df0/fn0/lv0/v0 11:st0/hp0/mx0/df0/fn0/lv0/v0 12:st0/hp0/mx0/df0/fn0/lv0/v0 13:st0/hp0/mx0/df0/fn0/lv0/v0 14:st0/hp0/mx0/df0/fn0/lv0/v0 15:st0/hp160/mx160/df0/fn4909D0/lv16/v1 16:st0/hp195/mx195/df0/fn4909D0/lv19/v1 17:st0/hp0/mx173/df0/fn0/lv17/v0 18:st0/hp0/mx0/df0/fn0/lv0/v0 19:st0/hp0/mx0/df0/fn0/lv0/v0 
autobattle PET turn=1 myNo=0 row=0 si=0 seed=-2 target=15 validEnemy=2 minLv=16 pcEnable=0 cmd=W|0|F
autobattle tick cnt=837 smto=1 res=0 battling=1 ctype=0 ptype=0
autobattle CHAR t=107713843 turn=2 cliT=2 myNo=0 afl=18000 cb=0 pb=0 subP=5 procN=10 actInf=0 menuF=0 tgtSel=0 resW=0 self=hp226/st0 pet=hp277/st0 validEnemy=2 fallback=15 delay=0 cmd=H|F heal[en=1 tf=3 c=87 p=87 a=87 mag=3 selfP=99/mx227 petP=90/mx305] | enemies=10:st0/hp0/mx0/df0/fn0/lv0/v0 11:st0/hp0/mx0/df0/fn0/lv0/v0 12:st0/hp0/mx0/df0/fn0/lv0/v0 13:st0/hp0/mx0/df0/fn0/lv0/v0 14:st0/hp0/mx0/df0/fn0/lv0/v0 15:st0/hp42/mx160/df0/fn4909D0/lv16/v1 16:st0/hp195/mx195/df0/fn4909D0/lv19/v1 17:st0/hp0/mx173/df0/fn0/lv17/v0 18:st0/hp0/mx0/df0/fn0/lv0/v0 19:st0/hp0/mx0/df0/fn0/lv0/v0 
autobattle PET turn=2 myNo=0 row=0 si=0 seed=-2 target=15 validEnemy=2 minLv=16 pcEnable=0 cmd=W|0|F
autobattle tick cnt=854 smto=1 res=0 battling=1 ctype=0 ptype=0
autobattle CHAR t=107714703 turn=3 cliT=3 myNo=0 afl=10000 cb=0 pb=0 subP=5 procN=10 actInf=0 menuF=0 tgtSel=0 resW=0 self=hp225/st0 pet=hp277/st0 validEnemy=1 fallback=16 delay=0 cmd=H|10 heal[en=1 tf=3 c=87 p=87 a=87 mag=3 selfP=99/mx227 petP=90/mx305] | enemies=10:st0/hp0/mx0/df0/fn0/lv0/v0 11:st0/hp0/mx0/df0/fn0/lv0/v0 12:st0/hp0/mx0/df0/fn0/lv0/v0 13:st0/hp0/mx0/df0/fn0/lv0/v0 14:st0/hp0/mx0/df0/fn0/lv0/v0 15:st0/hp0/mx160/df0/fn0/lv16/v0 16:st0/hp195/mx195/df0/fn4909D0/lv19/v1 17:st0/hp0/mx173/df0/fn0/lv17/v0 18:st0/hp0/mx0/df0/fn0/lv0/v0 19:st0/hp0/mx0/df0/fn0/lv0/v0 
autobattle PET turn=3 myNo=0 row=0 si=0 seed=-2 target=16 validEnemy=1 minLv=19 pcEnable=0 cmd=W|0|10
autobattle tick cnt=871 smto=1 res=0 battling=1 ctype=0 ptype=0
autobattle CHAR t=107716968 turn=0 cliT=0 myNo=0 afl=18000 cb=0 pb=0 subP=3 procN=10 actInf=0 menuF=0 tgtSel=0 resW=0 self=hp225/st0 pet=hp277/st0 validEnemy=2 fallback=15 delay=0 cmd=H|F heal[en=1 tf=3 c=87 p=87 a=87 mag=3 selfP=99/mx227 petP=90/mx305] | enemies=10:st0/hp0/mx0/df0/fn0/lv0/v0 11:st0/hp0/mx0/df0/fn0/lv0/v0 12:st0/hp0/mx0/df0/fn0/lv0/v0 13:st0/hp0/mx0/df0/fn0/lv0/v0 14:st0/hp0/mx0/df0/fn0/lv0/v0 15:st0/hp162/mx162/df0/fn4909D0/lv17/v1 16:st0/hp175/mx175/df0/fn4909D0/lv18/v1 17:st0/hp0/mx0/df0/fn0/lv0/v0 18:st0/hp0/mx0/df0/fn0/lv0/v0 19:st0/hp0/mx0/df0/fn0/lv0/v0 
autobattle PET turn=0 myNo=0 row=0 si=0 seed=-2 target=15 validEnemy=2 minLv=17 pcEnable=0 cmd=W|0|F
autobattle tick cnt=888 smto=1 res=0 battling=1 ctype=0 ptype=0
autobattle CHAR t=107718140 turn=1 cliT=1 myNo=0 afl=10000 cb=0 pb=0 subP=5 procN=10 actInf=0 menuF=0 tgtSel=0 resW=0 self=hp225/st0 pet=hp277/st0 validEnemy=1 fallback=16 delay=0 cmd=H|10 heal[en=1 tf=3 c=87 p=87 a=87 mag=3 selfP=99/mx227 petP=90/mx305] | enemies=10:st0/hp0/mx0/df0/fn0/lv0/v0 11:st0/hp0/mx0/df0/fn0/lv0/v0 12:st0/hp0/mx0/df0/fn0/lv0/v0 13:st0/hp0/mx0/df0/fn0/lv0/v0 14:st0/hp0/mx0/df0/fn0/lv0/v0 15:st0/hp0/mx162/df0/fn0/lv17/v0 16:st0/hp114/mx175/df0/fn4909D0/lv18/v1 17:st0/hp0/mx0/df0/fn0/lv0/v0 18:st0/hp0/mx0/df0/fn0/lv0/v0 19:st0/hp0/mx0/df0/fn0/lv0/v0 
autobattle PET turn=1 myNo=0 row=0 si=0 seed=-2 target=16 validEnemy=1 minLv=18 pcEnable=0 cmd=W|0|10
autobattle tick cnt=903 smto=1 res=0 battling=1 ctype=0 ptype=0
autobattle CHAR t=107720609 turn=0 cliT=0 myNo=0 afl=F8000 cb=0 pb=0 subP=3 procN=10 actInf=0 menuF=0 tgtSel=0 resW=0 self=hp225/st0 pet=hp277/st0 validEnemy=5 fallback=19 delay=0 cmd=H|13 heal[en=1 tf=3 c=87 p=87 a=87 mag=3 selfP=99/mx227 petP=90/mx305] | enemies=10:st0/hp0/mx0/df0/fn0/lv0/v0 11:st0/hp0/mx0/df0/fn0/lv0/v0 12:st0/hp0/mx0/df0/fn0/lv0/v0 13:st0/hp0/mx0/df0/fn0/lv0/v0 14:st0/hp0/mx0/df0/fn0/lv0/v0 15:st0/hp178/mx178/df0/fn4909D0/lv17/v1 16:st0/hp183/mx183/df0/fn4909D0/lv18/v1 17:st0/hp183/mx183/df0/fn4909D0/lv18/v1 18:st0/hp177/mx177/df0/fn4909D0/lv17/v1 19:st0/hp159/mx159/df0/fn4909D0/lv15/v1 
autobattle PET turn=0 myNo=0 row=0 si=0 seed=-2 target=19 validEnemy=5 minLv=15 pcEnable=0 cmd=W|0|13
autobattle tick cnt=920 smto=1 res=0 battling=1 ctype=0 ptype=0
autobattle CHAR t=107721953 turn=1 cliT=1 myNo=0 afl=F8000 cb=0 pb=0 subP=5 procN=10 actInf=0 menuF=0 tgtSel=0 resW=0 self=hp224/st0 pet=hp238/st0 validEnemy=4 fallback=17 delay=0 cmd=J|0|14 heal[en=1 tf=3 c=87 p=87 a=87 mag=3 selfP=98/mx227 petP=78/mx305] | enemies=10:st0/hp0/mx0/df0/fn0/lv0/v0 11:st0/hp0/mx0/df0/fn0/lv0/v0 12:st0/hp0/mx0/df0/fn0/lv0/v0 13:st0/hp0/mx0/df0/fn0/lv0/v0 14:st0/hp0/mx0/df0/fn0/lv0/v0 15:st0/hp178/mx178/df0/fn4909D0/lv17/v1 16:st0/hp183/mx183/df0/fn4909D0/lv18/v1 17:st0/hp183/mx183/df0/fn4909D0/lv18/v1 18:st0/hp177/mx177/df0/fn4909D0/lv17/v1 19:st0/hp0/mx159/df0/fn4909D0/lv15/v0 
autobattle PET turn=1 myNo=0 row=0 si=0 seed=-2 target=17 validEnemy=4 minLv=17 pcEnable=0 cmd=W|0|11
autobattle tick cnt=937 smto=1 res=0 battling=1 ctype=0 ptype=0
autobattle CHAR t=107723250 turn=2 cliT=2 myNo=0 afl=F8000 cb=0 pb=0 subP=5 procN=10 actInf=0 menuF=0 tgtSel=0 resW=0 self=hp225/st0 pet=hp283/st0 validEnemy=4 fallback=17 delay=0 cmd=H|11 heal[en=1 tf=3 c=87 p=87 a=87 mag=3 selfP=99/mx227 petP=92/mx305] | enemies=10:st0/hp0/mx0/df0/fn0/lv0/v0 11:st0/hp0/mx0/df0/fn0/lv0/v0 12:st0/hp0/mx0/df0/fn0/lv0/v0 13:st0/hp0/mx0/df0/fn0/lv0/v0 14:st0/hp0/mx0/df0/fn0/lv0/v0 15:st0/hp178/mx178/df0/fn4909D0/lv17/v1 16:st0/hp183/mx183/df0/fn4909D0/lv18/v1 17:st0/hp183/mx183/df0/fn4909D0/lv18/v1 18:st0/hp177/mx177/df0/fn4909D0/lv17/v1 19:st0/hp0/mx159/df0/fn4909D0/lv15/v0 
autobattle PET turn=2 myNo=0 row=0 si=0 seed=-2 target=17 validEnemy=4 minLv=17 pcEnable=0 cmd=W|0|11
autobattle tick cnt=954 smto=1 res=0 battling=1 ctype=0 ptype=0
autobattle tick cnt=971 smto=1 res=0 battling=1 ctype=0 ptype=0
autobattle CHAR t=107724906 turn=3 cliT=3 myNo=0 afl=F8000 cb=0 pb=0 subP=5 procN=10 actInf=0 menuF=0 tgtSel=0 resW=0 self=hp224/st0 pet=hp242/st0 validEnemy=3 fallback=15 delay=0 cmd=J|0|14 heal[en=1 tf=3 c=87 p=87 a=87 mag=3 selfP=98/mx227 petP=79/mx305] | enemies=10:st0/hp0/mx0/df0/fn0/lv0/v0 11:st0/hp0/mx0/df0/fn0/lv0/v0 12:st0/hp0/mx0/df0/fn0/lv0/v0 13:st0/hp0/mx0/df0/fn0/lv0/v0 14:st0/hp0/mx0/df0/fn0/lv0/v0 15:st0/hp178/mx178/df0/fn4909D0/lv17/v1 16:st0/hp108/mx183/df0/fn4909D0/lv18/v1 17:st0/hp0/mx183/df0/fn4909D0/lv18/v0 18:st0/hp177/mx177/df0/fn4909D0/lv17/v1 19:st0/hp0/mx159/df0/fn4909D0/lv15/v0 
autobattle PET turn=3 myNo=0 row=0 si=0 seed=-2 target=15 validEnemy=3 minLv=17 pcEnable=0 cmd=W|0|F
autobattle tick cnt=988 smto=1 res=0 battling=1 ctype=0 ptype=0
autobattle CHAR t=107726265 turn=4 cliT=4 myNo=0 afl=F8000 cb=0 pb=0 subP=5 procN=10 actInf=0 menuF=0 tgtSel=0 resW=0 self=hp227/st0 pet=hp287/st0 validEnemy=3 fallback=15 delay=0 cmd=H|F heal[en=1 tf=3 c=87 p=87 a=87 mag=3 selfP=100/mx227 petP=94/mx305] | enemies=10:st0/hp0/mx0/df0/fn0/lv0/v0 11:st0/hp0/mx0/df0/fn0/lv0/v0 12:st0/hp0/mx0/df0/fn0/lv0/v0 13:st0/hp0/mx0/df0/fn0/lv0/v0 14:st0/hp0/mx0/df0/fn0/lv0/v0 15:st0/hp78/mx178/df0/fn4909D0/lv17/v1 16:st0/hp108/mx183/df0/fn4909D0/lv18/v1 17:st0/hp0/mx183/df0/fn4909D0/lv18/v0 18:st0/hp177/mx177/df0/fn4909D0/lv17/v1 19:st0/hp0/mx159/df0/fn4909D0/lv15/v0 
autobattle PET turn=4 myNo=0 row=0 si=0 seed=-2 target=15 validEnemy=3 minLv=17 pcEnable=0 cmd=W|0|F
autobattle tick cnt=1005 smto=1 res=0 battling=1 ctype=0 ptype=0
autobattle CHAR t=107727546 turn=5 cliT=5 myNo=0 afl=F8000 cb=0 pb=0 subP=5 procN=10 actInf=0 menuF=0 tgtSel=0 resW=0 self=hp226/st0 pet=hp262/st0 validEnemy=2 fallback=16 delay=0 cmd=J|0|14 heal[en=1 tf=3 c=87 p=87 a=87 mag=3 selfP=99/mx227 petP=85/mx305] | enemies=10:st0/hp0/mx0/df0/fn0/lv0/v0 11:st0/hp0/mx0/df0/fn0/lv0/v0 12:st0/hp0/mx0/df0/fn0/lv0/v0 13:st0/hp0/mx0/df0/fn0/lv0/v0 14:st0/hp0/mx0/df0/fn0/lv0/v0 15:st0/hp0/mx178/df0/fn4909D0/lv17/v0 16:st0/hp108/mx183/df0/fn4909D0/lv18/v1 17:st0/hp0/mx183/df0/fn4909D0/lv18/v0 18:st0/hp18/mx177/df0/fn4909D0/lv17/v1 19:st0/hp0/mx159/df0/fn4909D0/lv15/v0 
autobattle PET turn=5 myNo=0 row=0 si=0 seed=-2 target=16 validEnemy=2 minLv=17 pcEnable=0 cmd=W|0|10
autobattle tick cnt=1022 smto=1 res=0 battling=1 ctype=0 ptype=0
autobattle CHAR t=107728718 turn=6 cliT=6 myNo=0 afl=F8000 cb=0 pb=0 subP=5 procN=10 actInf=0 menuF=0 tgtSel=0 resW=0 self=hp227/st0 pet=hp288/st0 validEnemy=2 fallback=16 delay=0 cmd=H|10 heal[en=1 tf=3 c=87 p=87 a=87 mag=3 selfP=100/mx227 petP=94/mx305] | enemies=10:st0/hp0/mx0/df0/fn0/lv0/v0 11:st0/hp0/mx0/df0/fn0/lv0/v0 12:st0/hp0/mx0/df0/fn0/lv0/v0 13:st0/hp0/mx0/df0/fn0/lv0/v0 14:st0/hp0/mx0/df0/fn0/lv0/v0 15:st0/hp0/mx178/df0/fn4909D0/lv17/v0 16:st0/hp11/mx183/df0/fn4909D0/lv18/v1 17:st0/hp0/mx183/df0/fn4909D0/lv18/v0 18:st0/hp18/mx177/df0/fn4909D0/lv17/v1 19:st0/hp0/mx159/df0/fn4909D0/lv15/v0 
autobattle PET turn=6 myNo=0 row=0 si=0 seed=-2 target=16 validEnemy=2 minLv=17 pcEnable=0 cmd=W|0|10
autobattle tick cnt=1039 smto=1 res=0 battling=1 ctype=0 ptype=0
autobattle CHAR t=107729515 turn=7 cliT=7 myNo=0 afl=E8000 cb=0 pb=0 subP=4 procN=10 actInf=0 menuF=0 tgtSel=0 resW=0 self=hp227/st0 pet=hp288/st0 validEnemy=1 fallback=18 delay=0 cmd=H|12 heal[en=1 tf=3 c=87 p=87 a=87 mag=3 selfP=100/mx227 petP=94/mx305] | enemies=10:st0/hp0/mx0/df0/fn0/lv0/v0 11:st0/hp0/mx0/df0/fn0/lv0/v0 12:st0/hp0/mx0/df0/fn0/lv0/v0 13:st0/hp0/mx0/df0/fn0/lv0/v0 14:st0/hp0/mx0/df0/fn0/lv0/v0 15:st0/hp0/mx178/df0/fn4909D0/lv17/v0 16:st0/hp0/mx183/df0/fn0/lv18/v0 17:st0/hp0/mx183/df0/fn4909D0/lv18/v0 18:st0/hp18/mx177/df0/fn4909D0/lv17/v1 19:st0/hp0/mx159/df0/fn4909D0/lv15/v0 
autobattle PET turn=7 myNo=0 row=0 si=0 seed=-2 target=18 validEnemy=1 minLv=17 pcEnable=0 cmd=W|0|12
autobattle tick cnt=1056 smto=1 res=0 battling=1 ctype=0 ptype=0
autobattle CHAR t=107730687 turn=0 cliT=0 myNo=0 afl=38000 cb=0 pb=0 subP=3 procN=10 actInf=0 menuF=0 tgtSel=0 resW=0 self=hp227/st0 pet=hp288/st0 validEnemy=3 fallback=17 delay=0 cmd=H|11 heal[en=1 tf=3 c=87 p=87 a=87 mag=3 selfP=100/mx227 petP=94/mx305] | enemies=10:st0/hp0/mx0/df0/fn0/lv0/v0 11:st0/hp0/mx0/df0/fn0/lv0/v0 12:st0/hp0/mx0/df0/fn0/lv0/v0 13:st0/hp0/mx0/df0/fn0/lv0/v0 14:st0/hp0/mx0/df0/fn0/lv0/v0 15:st0/hp173/mx173/df0/fn4909D0/lv18/v1 16:st0/hp187/mx187/df0/fn4909D0/lv18/v1 17:st0/hp182/mx182/df0/fn4909D0/lv19/v1 18:st0/hp0/mx0/df0/fn0/lv0/v0 19:st0/hp0/mx0/df0/fn0/lv0/v0 
autobattle PET turn=0 myNo=0 row=0 si=0 seed=-2 target=17 validEnemy=3 minLv=18 pcEnable=0 cmd=W|0|11
autobattle tick cnt=1067 smto=1 res=0 battling=1 ctype=0 ptype=0
autobattle CHAR t=107731734 turn=1 cliT=1 myNo=0 afl=38000 cb=0 pb=0 subP=5 procN=10 actInf=0 menuF=0 tgtSel=0 resW=0 self=hp227/st0 pet=hp288/st0 validEnemy=2 fallback=15 delay=0 cmd=H|F heal[en=1 tf=3 c=87 p=87 a=87 mag=3 selfP=100/mx227 petP=94/mx305] | enemies=10:st0/hp0/mx0/df0/fn0/lv0/v0 11:st0/hp0/mx0/df0/fn0/lv0/v0 12:st0/hp0/mx0/df0/fn0/lv0/v0 13:st0/hp0/mx0/df0/fn0/lv0/v0 14:st0/hp0/mx0/df0/fn0/lv0/v0 15:st0/hp173/mx173/df0/fn4909D0/lv18/v1 16:st0/hp187/mx187/df0/fn4909D0/lv18/v1 17:st0/hp0/mx182/df0/fn4909D0/lv19/v0 18:st0/hp0/mx0/df0/fn0/lv0/v0 19:st0/hp0/mx0/df0/fn0/lv0/v0 
autobattle PET turn=1 myNo=0 row=0 si=0 seed=-2 target=15 validEnemy=2 minLv=18 pcEnable=0 cmd=W|0|F
autobattle tick cnt=1084 smto=1 res=0 battling=1 ctype=0 ptype=0
autobattle CHAR t=107732781 turn=2 cliT=2 myNo=0 afl=38000 cb=0 pb=0 subP=5 procN=10 actInf=0 menuF=0 tgtSel=0 resW=0 self=hp227/st0 pet=hp288/st0 validEnemy=1 fallback=16 delay=0 cmd=H|10 heal[en=1 tf=3 c=87 p=87 a=87 mag=3 selfP=100/mx227 petP=94/mx305] | enemies=10:st0/hp0/mx0/df0/fn0/lv0/v0 11:st0/hp0/mx0/df0/fn0/lv0/v0 12:st0/hp0/mx0/df0/fn0/lv0/v0 13:st0/hp0/mx0/df0/fn0/lv0/v0 14:st0/hp0/mx0/df0/fn0/lv0/v0 15:st0/hp0/mx173/df0/fn4909D0/lv18/v0 16:st0/hp187/mx187/df0/fn4909D0/lv18/v1 17:st0/hp0/mx182/df0/fn4909D0/lv19/v0 18:st0/hp0/mx0/df0/fn0/lv0/v0 19:st0/hp0/mx0/df0/fn0/lv0/v0 
autobattle PET turn=2 myNo=0 row=0 si=0 seed=-2 target=16 validEnemy=1 minLv=18 pcEnable=0 cmd=W|0|10
autobattle tick cnt=1101 smto=1 res=0 battling=1 ctype=0 ptype=0
autobattle tick cnt=1112 smto=1 res=0 battling=1 ctype=0 ptype=0
autobattle CHAR t=107734687 turn=0 cliT=0 myNo=0 afl=18000 cb=0 pb=0 subP=3 procN=10 actInf=0 menuF=0 tgtSel=0 resW=0 self=hp227/st0 pet=hp315/st0 validEnemy=2 fallback=15 delay=0 cmd=H|F heal[en=1 tf=3 c=87 p=87 a=87 mag=3 selfP=100/mx227 petP=100/mx315] | enemies=10:st0/hp0/mx0/df0/fn0/lv0/v0 11:st0/hp0/mx0/df0/fn0/lv0/v0 12:st0/hp0/mx0/df0/fn0/lv0/v0 13:st0/hp0/mx0/df0/fn0/lv0/v0 14:st0/hp0/mx0/df0/fn0/lv0/v0 15:st0/hp180/mx180/df0/fn4909D0/lv18/v1 16:st0/hp179/mx179/df0/fn4909D0/lv19/v1 17:st0/hp0/mx0/df0/fn0/lv0/v0 18:st0/hp0/mx0/df0/fn0/lv0/v0 19:st0/hp0/mx0/df0/fn0/lv0/v0 
autobattle PET turn=0 myNo=0 row=0 si=0 seed=-2 target=15 validEnemy=2 minLv=18 pcEnable=0 cmd=W|0|F
autobattle tick cnt=1129 smto=1 res=0 battling=1 ctype=0 ptype=0
autobattle CHAR t=107735921 turn=1 cliT=1 myNo=0 afl=18000 cb=0 pb=0 subP=5 procN=10 actInf=0 menuF=0 tgtSel=0 resW=0 self=hp227/st0 pet=hp315/st0 validEnemy=1 fallback=16 delay=0 cmd=H|10 heal[en=1 tf=3 c=87 p=87 a=87 mag=3 selfP=100/mx227 petP=100/mx315] | enemies=10:st0/hp0/mx0/df0/fn0/lv0/v0 11:st0/hp0/mx0/df0/fn0/lv0/v0 12:st0/hp0/mx0/df0/fn0/lv0/v0 13:st0/hp0/mx0/df0/fn0/lv0/v0 14:st0/hp0/mx0/df0/fn0/lv0/v0 15:st0/hp0/mx180/df0/fn4909D0/lv18/v0 16:st0/hp104/mx179/df0/fn4909D0/lv19/v1 17:st0/hp0/mx0/df0/fn0/lv0/v0 18:st0/hp0/mx0/df0/fn0/lv0/v0 19:st0/hp0/mx0/df0/fn0/lv0/v0 
autobattle PET turn=1 myNo=0 row=0 si=0 seed=-2 target=16 validEnemy=1 minLv=19 pcEnable=0 cmd=W|0|10
autobattle tick cnt=1145 smto=1 res=0 battling=1 ctype=0 ptype=0
autobattle CHAR t=107742875 turn=0 cliT=0 myNo=0 afl=38000 cb=0 pb=0 subP=3 procN=10 actInf=0 menuF=0 tgtSel=0 resW=0 self=hp227/st0 pet=hp315/st0 validEnemy=3 fallback=17 delay=0 cmd=H|11 heal[en=1 tf=3 c=87 p=87 a=87 mag=3 selfP=100/mx227 petP=100/mx315] | enemies=10:st0/hp0/mx0/df0/fn0/lv0/v0 11:st0/hp0/mx0/df0/fn0/lv0/v0 12:st0/hp0/mx0/df0/fn0/lv0/v0 13:st0/hp0/mx0/df0/fn0/lv0/v0 14:st0/hp0/mx0/df0/fn0/lv0/v0 15:st0/hp171/mx171/df0/fn4909D0/lv19/v1 16:st0/hp174/mx174/df0/fn4909D0/lv18/v1 17:st0/hp184/mx184/df0/fn4909D0/lv20/v1 18:st0/hp0/mx0/df0/fn0/lv0/v0 19:st0/hp0/mx0/df0/fn0/lv0/v0 
autobattle PET turn=0 myNo=0 row=0 si=0 seed=-2 target=17 validEnemy=3 minLv=18 pcEnable=0 cmd=W|0|11
autobattle tick cnt=1162 smto=1 res=0 battling=1 ctype=0 ptype=0
autobattle CHAR t=107744046 turn=1 cliT=1 myNo=0 afl=38000 cb=0 pb=0 subP=5 procN=10 actInf=0 menuF=0 tgtSel=0 resW=0 self=hp227/st0 pet=hp315/st0 validEnemy=3 fallback=17 delay=0 cmd=H|11 heal[en=1 tf=3 c=87 p=87 a=87 mag=3 selfP=100/mx227 petP=100/mx315] | enemies=10:st0/hp0/mx0/df0/fn0/lv0/v0 11:st0/hp0/mx0/df0/fn0/lv0/v0 12:st0/hp0/mx0/df0/fn0/lv0/v0 13:st0/hp0/mx0/df0/fn0/lv0/v0 14:st0/hp0/mx0/df0/fn0/lv0/v0 15:st0/hp171/mx171/df0/fn4909D0/lv19/v1 16:st0/hp174/mx174/df0/fn4909D0/lv18/v1 17:st0/hp155/mx184/df0/fn4909D0/lv20/v1 18:st0/hp0/mx0/df0/fn0/lv0/v0 19:st0/hp0/mx0/df0/fn0/lv0/v0 
autobattle PET turn=1 myNo=0 row=0 si=0 seed=-2 target=17 validEnemy=3 minLv=18 pcEnable=0 cmd=W|0|11
autobattle tick cnt=1179 smto=1 res=0 battling=1 ctype=0 ptype=0
autobattle CHAR t=107745093 turn=2 cliT=2 myNo=0 afl=38000 cb=0 pb=0 subP=5 procN=10 actInf=0 menuF=0 tgtSel=0 resW=0 self=hp227/st0 pet=hp304/st0 validEnemy=2 fallback=15 delay=0 cmd=H|F heal[en=1 tf=3 c=87 p=87 a=87 mag=3 selfP=100/mx227 petP=96/mx315] | enemies=10:st0/hp0/mx0/df0/fn0/lv0/v0 11:st0/hp0/mx0/df0/fn0/lv0/v0 12:st0/hp0/mx0/df0/fn0/lv0/v0 13:st0/hp0/mx0/df0/fn0/lv0/v0 14:st0/hp0/mx0/df0/fn0/lv0/v0 15:st0/hp171/mx171/df0/fn4909D0/lv19/v1 16:st0/hp174/mx174/df0/fn4909D0/lv18/v1 17:st0/hp0/mx184/df0/fn4909D0/lv20/v0 18:st0/hp0/mx0/df0/fn0/lv0/v0 19:st0/hp0/mx0/df0/fn0/lv0/v0 
autobattle PET turn=2 myNo=0 row=0 si=0 seed=-2 target=15 validEnemy=2 minLv=18 pcEnable=0 cmd=W|0|F
autobattle tick cnt=1196 smto=1 res=0 battling=1 ctype=0 ptype=0
autobattle CHAR t=107746140 turn=3 cliT=3 myNo=0 afl=38000 cb=0 pb=0 subP=5 procN=10 actInf=0 menuF=0 tgtSel=0 resW=0 self=hp227/st0 pet=hp304/st0 validEnemy=1 fallback=16 delay=0 cmd=H|10 heal[en=1 tf=3 c=87 p=87 a=87 mag=3 selfP=100/mx227 petP=96/mx315] | enemies=10:st0/hp0/mx0/df0/fn0/lv0/v0 11:st0/hp0/mx0/df0/fn0/lv0/v0 12:st0/hp0/mx0/df0/fn0/lv0/v0 13:st0/hp0/mx0/df0/fn0/lv0/v0 14:st0/hp0/mx0/df0/fn0/lv0/v0 15:st0/hp0/mx171/df0/fn4909D0/lv19/v0 16:st0/hp174/mx174/df0/fn4909D0/lv18/v1 17:st0/hp0/mx184/df0/fn4909D0/lv20/v0 18:st0/hp0/mx0/df0/fn0/lv0/v0 19:st0/hp0/mx0/df0/fn0/lv0/v0 
autobattle PET turn=3 myNo=0 row=0 si=0 seed=-2 target=16 validEnemy=1 minLv=18 pcEnable=0 cmd=W|0|10
autobattle CHAR t=107746937 turn=4 cliT=4 myNo=0 afl=38000 cb=0 pb=0 subP=5 procN=10 actInf=0 menuF=0 tgtSel=0 resW=0 self=hp227/st0 pet=hp294/st0 validEnemy=1 fallback=16 delay=0 cmd=H|10 heal[en=1 tf=3 c=87 p=87 a=87 mag=3 selfP=100/mx227 petP=93/mx315] | enemies=10:st0/hp0/mx0/df0/fn0/lv0/v0 11:st0/hp0/mx0/df0/fn0/lv0/v0 12:st0/hp0/mx0/df0/fn0/lv0/v0 13:st0/hp0/mx0/df0/fn0/lv0/v0 14:st0/hp0/mx0/df0/fn0/lv0/v0 15:st0/hp0/mx171/df0/fn4909D0/lv19/v0 16:st0/hp174/mx174/df0/fn4909D0/lv18/v1 17:st0/hp0/mx184/df0/fn4909D0/lv20/v0 18:st0/hp0/mx0/df0/fn0/lv0/v0 19:st0/hp0/mx0/df0/fn0/lv0/v0 
autobattle PET turn=4 myNo=0 row=0 si=0 seed=-2 target=16 validEnemy=1 minLv=18 pcEnable=0 cmd=W|0|10
autobattle tick cnt=1213 smto=1 res=0 battling=1 ctype=0 ptype=0
autobattle CHAR t=107747796 turn=5 cliT=5 myNo=0 afl=38000 cb=0 pb=0 subP=5 procN=10 actInf=0 menuF=0 tgtSel=0 resW=0 self=hp227/st0 pet=hp294/st0 validEnemy=1 fallback=16 delay=0 cmd=H|10 heal[en=1 tf=3 c=87 p=87 a=87 mag=3 selfP=100/mx227 petP=93/mx315] | enemies=10:st0/hp0/mx0/df0/fn0/lv0/v0 11:st0/hp0/mx0/df0/fn0/lv0/v0 12:st0/hp0/mx0/df0/fn0/lv0/v0 13:st0/hp0/mx0/df0/fn0/lv0/v0 14:st0/hp0/mx0/df0/fn0/lv0/v0 15:st0/hp0/mx171/df0/fn4909D0/lv19/v0 16:st0/hp94/mx174/df0/fn4909D0/lv18/v1 17:st0/hp0/mx184/df0/fn4909D0/lv20/v0 18:st0/hp0/mx0/df0/fn0/lv0/v0 19:st0/hp0/mx0/df0/fn0/lv0/v0 
autobattle PET turn=5 myNo=0 row=0 si=0 seed=-2 target=16 validEnemy=1 minLv=18 pcEnable=0 cmd=W|0|10
autobattle tick cnt=1230 smto=1 res=0 battling=1 ctype=0 ptype=0
autobattle tick cnt=1241 smto=1 res=0 battling=1 ctype=0 ptype=0
autobattle CHAR t=107750390 turn=0 cliT=0 myNo=0 afl=18000 cb=0 pb=0 subP=3 procN=10 actInf=0 menuF=0 tgtSel=0 resW=0 self=hp227/st0 pet=hp294/st0 validEnemy=2 fallback=15 delay=0 cmd=H|F heal[en=1 tf=3 c=87 p=87 a=87 mag=3 selfP=100/mx227 petP=93/mx315] | enemies=10:st0/hp0/mx0/df0/fn0/lv0/v0 11:st0/hp0/mx0/df0/fn0/lv0/v0 12:st0/hp0/mx0/df0/fn0/lv0/v0 13:st0/hp0/mx0/df0/fn0/lv0/v0 14:st0/hp0/mx0/df0/fn0/lv0/v0 15:st0/hp192/mx192/df0/fn4909D0/lv20/v1 16:st0/hp182/mx182/df0/fn4909D0/lv19/v1 17:st0/hp0/mx0/df0/fn0/lv0/v0 18:st0/hp0/mx0/df0/fn0/lv0/v0 19:st0/hp0/mx0/df0/fn0/lv0/v0 
autobattle PET turn=0 myNo=0 row=0 si=0 seed=-2 target=15 validEnemy=2 minLv=19 pcEnable=0 cmd=W|0|F
autobattle tick cnt=1258 smto=1 res=0 battling=1 ctype=0 ptype=0
autobattle CHAR t=107751437 turn=1 cliT=1 myNo=0 afl=18000 cb=0 pb=0 subP=5 procN=10 actInf=0 menuF=0 tgtSel=0 resW=0 self=hp226/st0 pet=hp294/st0 validEnemy=1 fallback=16 delay=0 cmd=H|10 heal[en=1 tf=3 c=87 p=87 a=87 mag=3 selfP=99/mx227 petP=93/mx315] | enemies=10:st0/hp0/mx0/df0/fn0/lv0/v0 11:st0/hp0/mx0/df0/fn0/lv0/v0 12:st0/hp0/mx0/df0/fn0/lv0/v0 13:st0/hp0/mx0/df0/fn0/lv0/v0 14:st0/hp0/mx0/df0/fn0/lv0/v0 15:st0/hp0/mx192/df0/fn4909D0/lv20/v0 16:st0/hp182/mx182/df0/fn4909D0/lv19/v1 17:st0/hp0/mx0/df0/fn0/lv0/v0 18:st0/hp0/mx0/df0/fn0/lv0/v0 19:st0/hp0/mx0/df0/fn0/lv0/v0 
autobattle PET turn=1 myNo=0 row=0 si=0 seed=-2 target=16 validEnemy=1 minLv=19 pcEnable=0 cmd=W|0|10
autobattle tick cnt=1275 smto=1 res=0 battling=1 ctype=0 ptype=0
autobattle CHAR t=107753218 turn=0 cliT=0 myNo=0 afl=78000 cb=0 pb=0 subP=3 procN=10 actInf=0 menuF=0 tgtSel=0 resW=0 self=hp227/st0 pet=hp294/st0 validEnemy=4 fallback=17 delay=0 cmd=H|11 heal[en=1 tf=3 c=87 p=87 a=87 mag=3 selfP=100/mx227 petP=93/mx315] | enemies=10:st0/hp0/mx0/df0/fn0/lv0/v0 11:st0/hp0/mx0/df0/fn0/lv0/v0 12:st0/hp0/mx0/df0/fn0/lv0/v0 13:st0/hp0/mx0/df0/fn0/lv0/v0 14:st0/hp0/mx0/df0/fn0/lv0/v0 15:st0/hp187/mx187/df0/fn4909D0/lv19/v1 16:st0/hp158/mx158/df0/fn4909D0/lv15/v1 17:st0/hp160/mx160/df0/fn4909D0/lv17/v1 18:st0/hp159/mx159/df0/fn4909D0/lv17/v1 19:st0/hp0/mx0/df0/fn0/lv0/v0 
autobattle PET turn=0 myNo=0 row=0 si=0 seed=-2 target=17 validEnemy=4 minLv=15 pcEnable=0 cmd=W|0|11
autobattle tick cnt=1281 smto=1 res=0 battling=1 ctype=0 ptype=0
autobattle CHAR t=107754437 turn=1 cliT=1 myNo=0 afl=78000 cb=0 pb=0 subP=5 procN=10 actInf=0 menuF=0 tgtSel=0 resW=0 self=hp225/st0 pet=hp294/st0 validEnemy=4 fallback=17 delay=0 cmd=H|11 heal[en=1 tf=3 c=87 p=87 a=87 mag=3 selfP=99/mx227 petP=93/mx315] | enemies=10:st0/hp0/mx0/df0/fn0/lv0/v0 11:st0/hp0/mx0/df0/fn0/lv0/v0 12:st0/hp0/mx0/df0/fn0/lv0/v0 13:st0/hp0/mx0/df0/fn0/lv0/v0 14:st0/hp0/mx0/df0/fn0/lv0/v0 15:st0/hp187/mx187/df0/fn4909D0/lv19/v1 16:st0/hp158/mx158/df0/fn4909D0/lv15/v1 17:st0/hp121/mx160/df0/fn4909D0/lv17/v1 18:st0/hp159/mx159/df0/fn4909D0/lv17/v1 19:st0/hp0/mx0/df0/fn0/lv0/v0 
autobattle tick cnt=1298 smto=1 res=0 battling=1 ctype=0 ptype=0
autobattle PET turn=1 myNo=0 row=0 si=0 seed=-2 target=17 validEnemy=4 minLv=15 pcEnable=0 cmd=W|0|11
autobattle tick cnt=1315 smto=1 res=0 battling=1 ctype=0 ptype=0
autobattle CHAR t=107755734 turn=2 cliT=2 myNo=0 afl=58000 cb=0 pb=0 subP=5 procN=10 actInf=0 menuF=0 tgtSel=0 resW=0 self=hp224/st0 pet=hp282/st0 validEnemy=3 fallback=15 delay=0 cmd=H|F heal[en=1 tf=3 c=87 p=87 a=87 mag=3 selfP=98/mx227 petP=89/mx315] | enemies=10:st0/hp0/mx0/df0/fn0/lv0/v0 11:st0/hp0/mx0/df0/fn0/lv0/v0 12:st0/hp0/mx0/df0/fn0/lv0/v0 13:st0/hp0/mx0/df0/fn0/lv0/v0 14:st0/hp0/mx0/df0/fn0/lv0/v0 15:st0/hp187/mx187/df0/fn4909D0/lv19/v1 16:st0/hp158/mx158/df0/fn4909D0/lv15/v1 17:st0/hp0/mx160/df0/fn0/lv17/v0 18:st0/hp159/mx159/df0/fn4909D0/lv17/v1 19:st0/hp0/mx0/df0/fn0/lv0/v0 
autobattle PET turn=2 myNo=0 row=0 si=0 seed=-2 target=15 validEnemy=3 minLv=15 pcEnable=0 cmd=W|0|F
autobattle tick cnt=1332 smto=1 res=0 battling=1 ctype=0 ptype=0
autobattle CHAR t=107756968 turn=3 cliT=3 myNo=0 afl=58000 cb=0 pb=0 subP=4 procN=10 actInf=0 menuF=0 tgtSel=0 resW=0 self=hp223/st0 pet=hp273/st0 validEnemy=2 fallback=16 delay=0 cmd=J|0|14 heal[en=1 tf=3 c=87 p=87 a=87 mag=3 selfP=98/mx227 petP=86/mx315] | enemies=10:st0/hp0/mx0/df0/fn0/lv0/v0 11:st0/hp0/mx0/df0/fn0/lv0/v0 12:st0/hp0/mx0/df0/fn0/lv0/v0 13:st0/hp0/mx0/df0/fn0/lv0/v0 14:st0/hp0/mx0/df0/fn0/lv0/v0 15:st0/hp0/mx187/df0/fn4909D0/lv19/v0 16:st0/hp158/mx158/df0/fn4909D0/lv15/v1 17:st0/hp0/mx160/df0/fn0/lv17/v0 18:st0/hp159/mx159/df0/fn4909D0/lv17/v1 19:st0/hp0/mx0/df0/fn0/lv0/v0 
autobattle PET turn=3 myNo=0 row=0 si=0 seed=-2 target=16 validEnemy=2 minLv=15 pcEnable=0 cmd=W|0|10
autobattle tick cnt=1349 smto=1 res=0 battling=1 ctype=0 ptype=0
autobattle CHAR t=107758203 turn=4 cliT=4 myNo=0 afl=58000 cb=0 pb=0 subP=5 procN=10 actInf=0 menuF=0 tgtSel=0 resW=0 self=hp225/st0 pet=hp315/st0 validEnemy=2 fallback=16 delay=0 cmd=H|10 heal[en=1 tf=3 c=87 p=87 a=87 mag=3 selfP=99/mx227 petP=100/mx315] | enemies=10:st0/hp0/mx0/df0/fn0/lv0/v0 11:st0/hp0/mx0/df0/fn0/lv0/v0 12:st0/hp0/mx0/df0/fn0/lv0/v0 13:st0/hp0/mx0/df0/fn0/lv0/v0 14:st0/hp0/mx0/df0/fn0/lv0/v0 15:st0/hp0/mx187/df0/fn4909D0/lv19/v0 16:st0/hp52/mx158/df0/fn4909D0/lv15/v1 17:st0/hp0/mx160/df0/fn0/lv17/v0 18:st0/hp159/mx159/df0/fn4909D0/lv17/v1 19:st0/hp0/mx0/df0/fn0/lv0/v0 
autobattle PET turn=4 myNo=0 row=0 si=0 seed=-2 target=16 validEnemy=2 minLv=15 pcEnable=0 cmd=W|0|10
autobattle tick cnt=1366 smto=1 res=0 battling=1 ctype=0 ptype=0
autobattle CHAR t=107759187 turn=5 cliT=5 myNo=0 afl=48000 cb=0 pb=0 subP=5 procN=10 actInf=0 menuF=0 tgtSel=0 resW=0 self=hp225/st0 pet=hp315/st0 validEnemy=1 fallback=18 delay=0 cmd=H|12 heal[en=1 tf=3 c=87 p=87 a=87 mag=3 selfP=99/mx227 petP=100/mx315] | enemies=10:st0/hp0/mx0/df0/fn0/lv0/v0 11:st0/hp0/mx0/df0/fn0/lv0/v0 12:st0/hp0/mx0/df0/fn0/lv0/v0 13:st0/hp0/mx0/df0/fn0/lv0/v0 14:st0/hp0/mx0/df0/fn0/lv0/v0 15:st0/hp0/mx187/df0/fn4909D0/lv19/v0 16:st0/hp0/mx158/df0/fn0/lv15/v0 17:st0/hp0/mx160/df0/fn0/lv17/v0 18:st0/hp19/mx159/df0/fn4909D0/lv17/v1 19:st0/hp0/mx0/df0/fn0/lv0/v0 
autobattle PET turn=5 myNo=0 row=0 si=0 seed=-2 target=18 validEnemy=1 minLv=17 pcEnable=0 cmd=W|0|12
autobattle tick cnt=1383 smto=1 res=0 battling=1 ctype=0 ptype=0
autobattle tick cnt=1388 smto=1 res=0 battling=1 ctype=0 ptype=0
autobattle CHAR t=107762687 turn=0 cliT=0 myNo=0 afl=18000 cb=0 pb=0 subP=3 procN=10 actInf=0 menuF=0 tgtSel=0 resW=0 self=hp225/st0 pet=hp315/st0 validEnemy=2 fallback=15 delay=0 cmd=H|F heal[en=1 tf=3 c=87 p=87 a=87 mag=3 selfP=99/mx227 petP=100/mx315] | enemies=10:st0/hp0/mx0/df0/fn0/lv0/v0 11:st0/hp0/mx0/df0/fn0/lv0/v0 12:st0/hp0/mx0/df0/fn0/lv0/v0 13:st0/hp0/mx0/df0/fn0/lv0/v0 14:st0/hp0/mx0/df0/fn0/lv0/v0 15:st0/hp180/mx180/df0/fn4909D0/lv19/v1 16:st0/hp171/mx171/df0/fn4909D0/lv18/v1 17:st0/hp0/mx0/df0/fn0/lv0/v0 18:st0/hp0/mx0/df0/fn0/lv0/v0 19:st0/hp0/mx0/df0/fn0/lv0/v0 
autobattle PET turn=0 myNo=0 row=0 si=0 seed=-2 target=15 validEnemy=2 minLv=18 pcEnable=0 cmd=W|0|F
autobattle tick cnt=1405 smto=1 res=0 battling=1 ctype=0 ptype=0
autobattle CHAR t=107763859 turn=1 cliT=1 myNo=0 afl=18000 cb=0 pb=0 subP=2 procN=10 actInf=0 menuF=0 tgtSel=0 resW=0 self=hp225/st0 pet=hp315/st0 validEnemy=1 fallback=16 delay=0 cmd=H|10 heal[en=1 tf=3 c=87 p=87 a=87 mag=3 selfP=99/mx227 petP=100/mx315] | enemies=10:st0/hp0/mx0/df0/fn0/lv0/v0 11:st0/hp0/mx0/df0/fn0/lv0/v0 12:st0/hp0/mx0/df0/fn0/lv0/v0 13:st0/hp0/mx0/df0/fn0/lv0/v0 14:st0/hp0/mx0/df0/fn0/lv0/v0 15:st0/hp0/mx180/df0/fn4909D0/lv19/v0 16:st0/hp55/mx171/df0/fn4909D0/lv18/v1 17:st0/hp0/mx0/df0/fn0/lv0/v0 18:st0/hp0/mx0/df0/fn0/lv0/v0 19:st0/hp0/mx0/df0/fn0/lv0/v0 
autobattle PET turn=1 myNo=0 row=0 si=0 seed=-2 target=16 validEnemy=1 minLv=18 pcEnable=0 cmd=W|0|10
autobattle tick cnt=1421 smto=1 res=0 battling=1 ctype=0 ptype=0
autobattle CHAR t=107764906 turn=0 cliT=0 myNo=0 afl=18000 cb=0 pb=0 subP=3 procN=10 actInf=0 menuF=0 tgtSel=0 resW=0 self=hp225/st0 pet=hp315/st0 validEnemy=2 fallback=15 delay=0 cmd=H|F heal[en=1 tf=3 c=87 p=87 a=87 mag=3 selfP=99/mx227 petP=100/mx315] | enemies=10:st0/hp0/mx0/df0/fn0/lv0/v0 11:st0/hp0/mx0/df0/fn0/lv0/v0 12:st0/hp0/mx0/df0/fn0/lv0/v0 13:st0/hp0/mx0/df0/fn0/lv0/v0 14:st0/hp0/mx0/df0/fn0/lv0/v0 15:st0/hp149/mx149/df0/fn4909D0/lv15/v1 16:st0/hp152/mx152/df0/fn4909D0/lv15/v1 17:st0/hp0/mx0/df0/fn0/lv0/v0 18:st0/hp0/mx0/df0/fn0/lv0/v0 19:st0/hp0/mx0/df0/fn0/lv0/v0 
autobattle PET turn=0 myNo=0 row=0 si=0 seed=-2 target=15 validEnemy=2 minLv=15 pcEnable=0 cmd=W|0|F
autobattle tick cnt=1437 smto=1 res=0 battling=1 ctype=0 ptype=0
autobattle CHAR t=107765968 turn=1 cliT=1 myNo=0 afl=18000 cb=0 pb=0 subP=5 procN=10 actInf=0 menuF=0 tgtSel=0 resW=0 self=hp225/st0 pet=hp315/st0 validEnemy=1 fallback=16 delay=0 cmd=H|10 heal[en=1 tf=3 c=87 p=87 a=87 mag=3 selfP=99/mx227 petP=100/mx315] | enemies=10:st0/hp0/mx0/df0/fn0/lv0/v0 11:st0/hp0/mx0/df0/fn0/lv0/v0 12:st0/hp0/mx0/df0/fn0/lv0/v0 13:st0/hp0/mx0/df0/fn0/lv0/v0 14:st0/hp0/mx0/df0/fn0/lv0/v0 15:st0/hp0/mx149/df0/fn4909D0/lv15/v0 16:st0/hp152/mx152/df0/fn4909D0/lv15/v1 17:st0/hp0/mx0/df0/fn0/lv0/v0 18:st0/hp0/mx0/df0/fn0/lv0/v0 19:st0/hp0/mx0/df0/fn0/lv0/v0 
autobattle PET turn=1 myNo=0 row=0 si=0 seed=-2 target=16 validEnemy=1 minLv=15 pcEnable=0 cmd=W|0|10
autobattle tick cnt=1454 smto=1 res=0 battling=1 ctype=0 ptype=0
autobattle CHAR t=107767687 turn=0 cliT=0 myNo=0 afl=F8000 cb=0 pb=0 subP=3 procN=10 actInf=0 menuF=0 tgtSel=0 resW=0 self=hp225/st0 pet=hp315/st0 validEnemy=5 fallback=19 delay=0 cmd=H|13 heal[en=1 tf=3 c=87 p=87 a=87 mag=3 selfP=99/mx227 petP=100/mx315] | enemies=10:st0/hp0/mx0/df0/fn0/lv0/v0 11:st0/hp0/mx0/df0/fn0/lv0/v0 12:st0/hp0/mx0/df0/fn0/lv0/v0 13:st0/hp0/mx0/df0/fn0/lv0/v0 14:st0/hp0/mx0/df0/fn0/lv0/v0 15:st0/hp160/mx160/df0/fn4909D0/lv16/v1 16:st0/hp185/mx185/df0/fn4909D0/lv19/v1 17:st0/hp156/mx156/df0/fn4909D0/lv16/v1 18:st0/hp159/mx159/df0/fn4909D0/lv15/v1 19:st0/hp155/mx155/df0/fn4909D0/lv15/v1 
autobattle PET turn=0 myNo=0 row=0 si=0 seed=-2 target=19 validEnemy=5 minLv=15 pcEnable=0 cmd=W|0|13
autobattle tick cnt=1463 smto=1 res=0 battling=1 ctype=0 ptype=0
autobattle tick cnt=1480 smto=1 res=0 battling=1 ctype=0 ptype=0
autobattle CHAR t=107769281 turn=1 cliT=1 myNo=0 afl=78000 cb=0 pb=0 subP=5 procN=10 actInf=0 menuF=0 tgtSel=0 resW=0 self=hp223/st0 pet=hp278/st0 validEnemy=4 fallback=17 delay=0 cmd=H|11 heal[en=1 tf=3 c=87 p=87 a=87 mag=3 selfP=98/mx227 petP=88/mx315] | enemies=10:st0/hp0/mx0/df0/fn0/lv0/v0 11:st0/hp0/mx0/df0/fn0/lv0/v0 12:st0/hp0/mx0/df0/fn0/lv0/v0 13:st0/hp0/mx0/df0/fn0/lv0/v0 14:st0/hp0/mx0/df0/fn0/lv0/v0 15:st0/hp160/mx160/df0/fn4909D0/lv16/v1 16:st0/hp185/mx185/df0/fn4909D0/lv19/v1 17:st0/hp156/mx156/df0/fn4909D0/lv16/v1 18:st0/hp159/mx159/df0/fn4909D0/lv15/v1 19:st0/hp0/mx155/df0/fn0/lv15/v0 
autobattle PET turn=1 myNo=0 row=0 si=0 seed=-2 target=17 validEnemy=4 minLv=15 pcEnable=0 cmd=W|0|11
autobattle tick cnt=1497 smto=1 res=0 battling=1 ctype=0 ptype=0
autobattle CHAR t=107770328 turn=2 cliT=2 myNo=0 afl=58000 cb=0 pb=0 subP=5 procN=10 actInf=0 menuF=0 tgtSel=0 resW=0 self=hp223/st0 pet=hp278/st0 validEnemy=3 fallback=15 delay=0 cmd=H|F heal[en=1 tf=3 c=87 p=87 a=87 mag=3 selfP=98/mx227 petP=88/mx315] | enemies=10:st0/hp0/mx0/df0/fn0/lv0/v0 11:st0/hp0/mx0/df0/fn0/lv0/v0 12:st0/hp0/mx0/df0/fn0/lv0/v0 13:st0/hp0/mx0/df0/fn0/lv0/v0 14:st0/hp0/mx0/df0/fn0/lv0/v0 15:st0/hp160/mx160/df0/fn4909D0/lv16/v1 16:st0/hp185/mx185/df0/fn4909D0/lv19/v1 17:st0/hp0/mx156/df0/fn0/lv16/v0 18:st0/hp159/mx159/df0/fn4909D0/lv15/v1 19:st0/hp0/mx155/df0/fn0/lv15/v0 
autobattle PET turn=2 myNo=0 row=0 si=0 seed=-2 target=15 validEnemy=3 minLv=15 pcEnable=0 cmd=W|0|F
autobattle tick cnt=1514 smto=1 res=0 battling=1 ctype=0 ptype=0
autobattle CHAR t=107771375 turn=3 cliT=3 myNo=0 afl=50000 cb=0 pb=0 subP=5 procN=10 actInf=0 menuF=0 tgtSel=0 resW=0 self=hp223/st0 pet=hp278/st0 validEnemy=2 fallback=16 delay=0 cmd=H|10 heal[en=1 tf=3 c=87 p=87 a=87 mag=3 selfP=98/mx227 petP=88/mx315] | enemies=10:st0/hp0/mx0/df0/fn0/lv0/v0 11:st0/hp0/mx0/df0/fn0/lv0/v0 12:st0/hp0/mx0/df0/fn0/lv0/v0 13:st0/hp0/mx0/df0/fn0/lv0/v0 14:st0/hp0/mx0/df0/fn0/lv0/v0 15:st0/hp0/mx160/df0/fn0/lv16/v0 16:st0/hp185/mx185/df0/fn4909D0/lv19/v1 17:st0/hp0/mx156/df0/fn0/lv16/v0 18:st0/hp159/mx159/df0/fn4909D0/lv15/v1 19:st0/hp0/mx155/df0/fn0/lv15/v0 
autobattle PET turn=3 myNo=0 row=0 si=0 seed=-2 target=16 validEnemy=2 minLv=15 pcEnable=0 cmd=W|0|10
autobattle tick cnt=1531 smto=1 res=0 battling=1 ctype=0 ptype=0
autobattle CHAR t=107772609 turn=4 cliT=4 myNo=0 afl=50000 cb=0 pb=0 subP=5 procN=10 actInf=0 menuF=0 tgtSel=0 resW=0 self=hp223/st0 pet=hp278/st0 validEnemy=1 fallback=18 delay=0 cmd=H|12 heal[en=1 tf=3 c=87 p=87 a=87 mag=3 selfP=98/mx227 petP=88/mx315] | enemies=10:st0/hp0/mx0/df0/fn0/lv0/v0 11:st0/hp0/mx0/df0/fn0/lv0/v0 12:st0/hp0/mx0/df0/fn0/lv0/v0 13:st0/hp0/mx0/df0/fn0/lv0/v0 14:st0/hp0/mx0/df0/fn0/lv0/v0 15:st0/hp0/mx160/df0/fn0/lv16/v0 16:st0/hp0/mx185/df0/fn4909D0/lv19/v0 17:st0/hp0/mx156/df0/fn0/lv16/v0 18:st0/hp57/mx159/df0/fn4909D0/lv15/v1 19:st0/hp0/mx155/df0/fn0/lv15/v0 
autobattle PET turn=4 myNo=0 row=0 si=0 seed=-2 target=18 validEnemy=1 minLv=15 pcEnable=0 cmd=W|0|12
autobattle tick cnt=1548 smto=1 res=0 battling=1 ctype=0 ptype=0
autobattle tick cnt=1553 smto=1 res=0 battling=1 ctype=0 ptype=0
autobattle CHAR t=107774203 turn=0 cliT=0 myNo=0 afl=78000 cb=0 pb=0 subP=3 procN=10 actInf=0 menuF=0 tgtSel=0 resW=0 self=hp223/st0 pet=hp278/st0 validEnemy=4 fallback=17 delay=0 cmd=H|11 heal[en=1 tf=3 c=87 p=87 a=87 mag=3 selfP=98/mx227 petP=88/mx315] | enemies=10:st0/hp0/mx0/df0/fn0/lv0/v0 11:st0/hp0/mx0/df0/fn0/lv0/v0 12:st0/hp0/mx0/df0/fn0/lv0/v0 13:st0/hp0/mx0/df0/fn0/lv0/v0 14:st0/hp0/mx0/df0/fn0/lv0/v0 15:st0/hp183/mx183/df0/fn4909D0/lv18/v1 16:st0/hp200/mx200/df0/fn4909D0/lv20/v1 17:st0/hp182/mx182/df0/fn4909D0/lv20/v1 18:st0/hp146/mx146/df0/fn4909D0/lv16/v1 19:st0/hp0/mx0/df0/fn0/lv0/v0 
autobattle PET turn=0 myNo=0 row=0 si=0 seed=-2 target=17 validEnemy=4 minLv=16 pcEnable=0 cmd=W|0|11
autobattle tick cnt=1569 smto=1 res=0 battling=1 ctype=0 ptype=0
autobattle CHAR t=107775875 turn=1 cliT=1 myNo=0 afl=78000 cb=0 pb=0 subP=5 procN=10 actInf=0 menuF=0 tgtSel=0 resW=0 self=hp221/st0 pet=hp278/st0 validEnemy=3 fallback=15 delay=0 cmd=H|F heal[en=1 tf=3 c=87 p=87 a=87 mag=3 selfP=97/mx227 petP=88/mx315] | enemies=10:st0/hp0/mx0/df0/fn0/lv0/v0 11:st0/hp0/mx0/df0/fn0/lv0/v0 12:st0/hp0/mx0/df0/fn0/lv0/v0 13:st0/hp0/mx0/df0/fn0/lv0/v0 14:st0/hp0/mx0/df0/fn0/lv0/v0 15:st0/hp106/mx183/df0/fn4909D0/lv18/v1 16:st0/hp200/mx200/df0/fn4909D0/lv20/v1 17:st0/hp0/mx182/df0/fn4909D0/lv20/v0 18:st0/hp146/mx146/df0/fn4909D0/lv16/v1 19:st0/hp0/mx0/df0/fn0/lv0/v0 
autobattle PET turn=1 myNo=0 row=0 si=0 seed=-2 target=15 validEnemy=3 minLv=16 pcEnable=0 cmd=W|0|F
autobattle tick cnt=1586 smto=1 res=0 battling=1 ctype=0 ptype=0
autobattle CHAR t=107776796 turn=2 cliT=2 myNo=0 afl=70000 cb=0 pb=0 subP=5 procN=10 actInf=0 menuF=0 tgtSel=0 resW=0 self=hp219/st0 pet=hp278/st0 validEnemy=2 fallback=16 delay=0 cmd=H|10 heal[en=1 tf=3 c=87 p=87 a=87 mag=3 selfP=96/mx227 petP=88/mx315] | enemies=10:st0/hp0/mx0/df0/fn0/lv0/v0 11:st0/hp0/mx0/df0/fn0/lv0/v0 12:st0/hp0/mx0/df0/fn0/lv0/v0 13:st0/hp0/mx0/df0/fn0/lv0/v0 14:st0/hp0/mx0/df0/fn0/lv0/v0 15:st0/hp0/mx183/df0/fn0/lv18/v0 16:st0/hp200/mx200/df0/fn4909D0/lv20/v1 17:st0/hp0/mx182/df0/fn4909D0/lv20/v0 18:st0/hp146/mx146/df0/fn4909D0/lv16/v1 19:st0/hp0/mx0/df0/fn0/lv0/v0 
autobattle PET turn=2 myNo=0 row=0 si=0 seed=-2 target=16 validEnemy=2 minLv=16 pcEnable=0 cmd=W|0|10
autobattle tick cnt=1603 smto=1 res=0 battling=1 ctype=0 ptype=0
autobattle CHAR t=107777656 turn=3 cliT=3 myNo=0 afl=60000 cb=0 pb=0 subP=3 procN=10 actInf=3 menuF=0 tgtSel=0 resW=0 self=hp219/st0 pet=hp278/st0 validEnemy=1 fallback=18 delay=0 cmd=H|12 heal[en=1 tf=3 c=87 p=87 a=87 mag=3 selfP=96/mx227 petP=88/mx315] | enemies=10:st0/hp0/mx0/df0/fn0/lv0/v0 11:st0/hp0/mx0/df0/fn0/lv0/v0 12:st0/hp0/mx0/df0/fn0/lv0/v0 13:st0/hp0/mx0/df0/fn0/lv0/v0 14:st0/hp0/mx0/df0/fn0/lv0/v0 15:st0/hp0/mx183/df0/fn0/lv18/v0 16:st0/hp0/mx200/df0/fn0/lv20/v0 17:st0/hp0/mx182/df0/fn4909D0/lv20/v0 18:st0/hp146/mx146/df0/fn4909D0/lv16/v1 19:st0/hp0/mx0/df0/fn0/lv0/v0 
autobattle PET turn=3 myNo=0 row=0 si=0 seed=-2 target=18 validEnemy=1 minLv=16 pcEnable=0 cmd=W|0|12
autobattle tick cnt=1620 smto=1 res=0 battling=1 ctype=0 ptype=0
autobattle tick cnt=1624 smto=1 res=0 battling=1 ctype=0 ptype=0
autobattle CHAR t=107779687 turn=0 cliT=0 myNo=0 afl=F8000 cb=0 pb=0 subP=3 procN=10 actInf=0 menuF=0 tgtSel=0 resW=0 self=hp219/st0 pet=hp278/st0 validEnemy=5 fallback=19 delay=0 cmd=H|13 heal[en=1 tf=3 c=87 p=87 a=87 mag=3 selfP=96/mx227 petP=88/mx315] | enemies=10:st0/hp0/mx0/df0/fn0/lv0/v0 11:st0/hp0/mx0/df0/fn0/lv0/v0 12:st0/hp0/mx0/df0/fn0/lv0/v0 13:st0/hp0/mx0/df0/fn0/lv0/v0 14:st0/hp0/mx0/df0/fn0/lv0/v0 15:st0/hp184/mx184/df0/fn4909D0/lv19/v1 16:st0/hp161/mx161/df0/fn4909D0/lv15/v1 17:st0/hp160/mx160/df0/fn4909D0/lv15/v1 18:st0/hp188/mx188/df0/fn4909D0/lv18/v1 19:st0/hp178/mx178/df0/fn4909D0/lv18/v1 
autobattle PET turn=0 myNo=0 row=0 si=0 seed=-2 target=19 validEnemy=5 minLv=15 pcEnable=0 cmd=W|0|13
autobattle tick cnt=1641 smto=1 res=0 battling=1 ctype=0 ptype=0
autobattle CHAR t=107781234 turn=1 cliT=1 myNo=0 afl=F8000 cb=0 pb=0 subP=5 procN=10 actInf=0 menuF=0 tgtSel=0 resW=0 self=hp219/st0 pet=hp278/st0 validEnemy=4 fallback=17 delay=0 cmd=H|11 heal[en=1 tf=3 c=87 p=87 a=87 mag=3 selfP=96/mx227 petP=88/mx315] | enemies=10:st0/hp0/mx0/df0/fn0/lv0/v0 11:st0/hp0/mx0/df0/fn0/lv0/v0 12:st0/hp0/mx0/df0/fn0/lv0/v0 13:st0/hp0/mx0/df0/fn0/lv0/v0 14:st0/hp0/mx0/df0/fn0/lv0/v0 15:st0/hp184/mx184/df0/fn4909D0/lv19/v1 16:st0/hp161/mx161/df0/fn4909D0/lv15/v1 17:st0/hp160/mx160/df0/fn4909D0/lv15/v1 18:st0/hp188/mx188/df0/fn4909D0/lv18/v1 19:st0/hp0/mx178/df0/fn4909D0/lv18/v0 
autobattle PET turn=1 myNo=0 row=0 si=0 seed=-2 target=17 validEnemy=4 minLv=15 pcEnable=0 cmd=W|0|11
autobattle tick cnt=1658 smto=1 res=0 battling=1 ctype=0 ptype=0
autobattle tick cnt=1675 smto=1 res=0 battling=1 ctype=0 ptype=0
autobattle CHAR t=107782828 turn=2 cliT=2 myNo=0 afl=F8000 cb=0 pb=0 subP=5 procN=10 actInf=0 menuF=0 tgtSel=0 resW=0 self=hp219/st0 pet=hp278/st0 validEnemy=3 fallback=15 delay=0 cmd=H|F heal[en=1 tf=3 c=87 p=87 a=87 mag=3 selfP=96/mx227 petP=88/mx315] | enemies=10:st0/hp0/mx0/df0/fn0/lv0/v0 11:st0/hp0/mx0/df0/fn0/lv0/v0 12:st0/hp0/mx0/df0/fn0/lv0/v0 13:st0/hp0/mx0/df0/fn0/lv0/v0 14:st0/hp0/mx0/df0/fn0/lv0/v0 15:st0/hp184/mx184/df0/fn4909D0/lv19/v1 16:st0/hp161/mx161/df0/fn4909D0/lv15/v1 17:st0/hp0/mx160/df0/fn4909D0/lv15/v0 18:st0/hp73/mx188/df0/fn4909D0/lv18/v1 19:st0/hp0/mx178/df0/fn4909D0/lv18/v0 
autobattle PET turn=2 myNo=0 row=0 si=0 seed=-2 target=15 validEnemy=3 minLv=15 pcEnable=0 cmd=W|0|F
autobattle tick cnt=1692 smto=1 res=0 battling=1 ctype=0 ptype=0
autobattle CHAR t=107784125 turn=3 cliT=3 myNo=0 afl=F8000 cb=0 pb=0 subP=5 procN=10 actInf=0 menuF=0 tgtSel=0 resW=0 self=hp219/st0 pet=hp261/st0 validEnemy=2 fallback=16 delay=0 cmd=J|0|14 heal[en=1 tf=3 c=87 p=87 a=87 mag=3 selfP=96/mx227 petP=82/mx315] | enemies=10:st0/hp0/mx0/df0/fn0/lv0/v0 11:st0/hp0/mx0/df0/fn0/lv0/v0 12:st0/hp0/mx0/df0/fn0/lv0/v0 13:st0/hp0/mx0/df0/fn0/lv0/v0 14:st0/hp0/mx0/df0/fn0/lv0/v0 15:st0/hp0/mx184/df0/fn4909D0/lv19/v0 16:st0/hp161/mx161/df0/fn4909D0/lv15/v1 17:st0/hp0/mx160/df0/fn4909D0/lv15/v0 18:st0/hp73/mx188/df0/fn4909D0/lv18/v1 19:st0/hp0/mx178/df0/fn4909D0/lv18/v0 
autobattle PET turn=3 myNo=0 row=0 si=0 seed=-2 target=16 validEnemy=2 minLv=15 pcEnable=0 cmd=W|0|10
autobattle tick cnt=1709 smto=1 res=0 battling=1 ctype=0 ptype=0
autobattle CHAR t=107785281 turn=4 cliT=4 myNo=0 afl=F8000 cb=0 pb=0 subP=5 procN=10 actInf=0 menuF=0 tgtSel=0 resW=0 self=hp227/st0 pet=hp315/st0 validEnemy=2 fallback=16 delay=0 cmd=H|10 heal[en=1 tf=3 c=87 p=87 a=87 mag=3 selfP=100/mx227 petP=100/mx315] | enemies=10:st0/hp0/mx0/df0/fn0/lv0/v0 11:st0/hp0/mx0/df0/fn0/lv0/v0 12:st0/hp0/mx0/df0/fn0/lv0/v0 13:st0/hp0/mx0/df0/fn0/lv0/v0 14:st0/hp0/mx0/df0/fn0/lv0/v0 15:st0/hp0/mx184/df0/fn4909D0/lv19/v0 16:st0/hp51/mx161/df0/fn4909D0/lv15/v1 17:st0/hp0/mx160/df0/fn4909D0/lv15/v0 18:st0/hp73/mx188/df0/fn4909D0/lv18/v1 19:st0/hp0/mx178/df0/fn4909D0/lv18/v0 
autobattle PET turn=4 myNo=0 row=0 si=0 seed=-2 target=16 validEnemy=2 minLv=15 pcEnable=0 cmd=W|0|10
autobattle tick cnt=1726 smto=1 res=0 battling=1 ctype=0 ptype=0
autobattle CHAR t=107786281 turn=5 cliT=5 myNo=0 afl=F8000 cb=0 pb=0 subP=5 procN=10 actInf=0 menuF=0 tgtSel=0 resW=0 self=hp227/st0 pet=hp315/st0 validEnemy=1 fallback=18 delay=0 cmd=H|12 heal[en=1 tf=3 c=87 p=87 a=87 mag=3 selfP=100/mx227 petP=100/mx315] | enemies=10:st0/hp0/mx0/df0/fn0/lv0/v0 11:st0/hp0/mx0/df0/fn0/lv0/v0 12:st0/hp0/mx0/df0/fn0/lv0/v0 13:st0/hp0/mx0/df0/fn0/lv0/v0 14:st0/hp0/mx0/df0/fn0/lv0/v0 15:st0/hp0/mx184/df0/fn4909D0/lv19/v0 16:st0/hp0/mx161/df0/fn4909D0/lv15/v0 17:st0/hp0/mx160/df0/fn4909D0/lv15/v0 18:st0/hp73/mx188/df0/fn4909D0/lv18/v1 19:st0/hp0/mx178/df0/fn4909D0/lv18/v0 
autobattle PET turn=5 myNo=0 row=0 si=0 seed=-2 target=18 validEnemy=1 minLv=18 pcEnable=0 cmd=W|0|12
autobattle tick cnt=1742 smto=1 res=0 battling=1 ctype=0 ptype=0
autobattle CHAR t=107787703 turn=0 cliT=0 myNo=0 afl=38000 cb=0 pb=0 subP=3 procN=10 actInf=0 menuF=0 tgtSel=0 resW=0 self=hp227/st0 pet=hp315/st0 validEnemy=3 fallback=17 delay=0 cmd=H|11 heal[en=1 tf=3 c=87 p=87 a=87 mag=3 selfP=100/mx227 petP=100/mx315] | enemies=10:st0/hp0/mx0/df0/fn0/lv0/v0 11:st0/hp0/mx0/df0/fn0/lv0/v0 12:st0/hp0/mx0/df0/fn0/lv0/v0 13:st0/hp0/mx0/df0/fn0/lv0/v0 14:st0/hp0/mx0/df0/fn0/lv0/v0 15:st0/hp166/mx166/df0/fn4909D0/lv18/v1 16:st0/hp158/mx158/df0/fn4909D0/lv16/v1 17:st0/hp165/mx165/df0/fn4909D0/lv18/v1 18:st0/hp0/mx0/df0/fn0/lv0/v0 19:st0/hp0/mx0/df0/fn0/lv0/v0 
autobattle PET turn=0 myNo=0 row=0 si=0 seed=-2 target=17 validEnemy=3 minLv=16 pcEnable=0 cmd=W|0|11
autobattle tick cnt=1749 smto=1 res=0 battling=1 ctype=0 ptype=0
autobattle CHAR t=107788875 turn=1 cliT=1 myNo=0 afl=18000 cb=0 pb=0 subP=5 procN=10 actInf=0 menuF=0 tgtSel=0 resW=0 self=hp226/st0 pet=hp315/st0 validEnemy=2 fallback=15 delay=0 cmd=H|F heal[en=1 tf=3 c=87 p=87 a=87 mag=3 selfP=99/mx227 petP=100/mx315] | enemies=10:st0/hp0/mx0/df0/fn0/lv0/v0 11:st0/hp0/mx0/df0/fn0/lv0/v0 12:st0/hp0/mx0/df0/fn0/lv0/v0 13:st0/hp0/mx0/df0/fn0/lv0/v0 14:st0/hp0/mx0/df0/fn0/lv0/v0 15:st0/hp166/mx166/df0/fn4909D0/lv18/v1 16:st0/hp158/mx158/df0/fn4909D0/lv16/v1 17:st0/hp0/mx165/df0/fn0/lv18/v0 18:st0/hp0/mx0/df0/fn0/lv0/v0 19:st0/hp0/mx0/df0/fn0/lv0/v0 
autobattle PET turn=1 myNo=0 row=0 si=0 seed=-2 target=15 validEnemy=2 minLv=16 pcEnable=0 cmd=W|0|F
autobattle tick cnt=1766 smto=1 res=0 battling=1 ctype=0 ptype=0
autobattle CHAR t=107789796 turn=2 cliT=2 myNo=0 afl=10000 cb=0 pb=0 subP=5 procN=10 actInf=0 menuF=0 tgtSel=0 resW=0 self=hp225/st0 pet=hp315/st0 validEnemy=1 fallback=16 delay=0 cmd=H|10 heal[en=1 tf=3 c=87 p=87 a=87 mag=3 selfP=99/mx227 petP=100/mx315] | enemies=10:st0/hp0/mx0/df0/fn0/lv0/v0 11:st0/hp0/mx0/df0/fn0/lv0/v0 12:st0/hp0/mx0/df0/fn0/lv0/v0 13:st0/hp0/mx0/df0/fn0/lv0/v0 14:st0/hp0/mx0/df0/fn0/lv0/v0 15:st0/hp0/mx166/df0/fn0/lv18/v0 16:st0/hp158/mx158/df0/fn4909D0/lv16/v1 17:st0/hp0/mx165/df0/fn0/lv18/v0 18:st0/hp0/mx0/df0/fn0/lv0/v0 19:st0/hp0/mx0/df0/fn0/lv0/v0 
autobattle PET turn=2 myNo=0 row=0 si=0 seed=-2 target=16 validEnemy=1 minLv=16 pcEnable=0 cmd=W|0|10
autobattle tick cnt=1783 smto=1 res=0 battling=1 ctype=0 ptype=0
autobattle tick cnt=1798 smto=1 res=0 battling=1 ctype=0 ptype=0
autobattle CHAR t=107792500 turn=0 cliT=0 myNo=0 afl=78000 cb=0 pb=0 subP=3 procN=10 actInf=0 menuF=0 tgtSel=0 resW=0 self=hp225/st0 pet=hp315/st0 validEnemy=4 fallback=17 delay=0 cmd=H|11 heal[en=1 tf=3 c=87 p=87 a=87 mag=3 selfP=99/mx227 petP=100/mx315] | enemies=10:st0/hp0/mx0/df0/fn0/lv0/v0 11:st0/hp0/mx0/df0/fn0/lv0/v0 12:st0/hp0/mx0/df0/fn0/lv0/v0 13:st0/hp0/mx0/df0/fn0/lv0/v0 14:st0/hp0/mx0/df0/fn0/lv0/v0 15:st0/hp164/mx164/df0/fn4909D0/lv16/v1 16:st0/hp178/mx178/df0/fn4909D0/lv18/v1 17:st0/hp182/mx182/df0/fn4909D0/lv18/v1 18:st0/hp164/mx164/df0/fn4909D0/lv16/v1 19:st0/hp0/mx0/df0/fn0/lv0/v0 
autobattle PET turn=0 myNo=0 row=0 si=0 seed=-2 target=17 validEnemy=4 minLv=16 pcEnable=0 cmd=W|0|11
autobattle tick cnt=1815 smto=1 res=0 battling=1 ctype=0 ptype=0
autobattle CHAR t=107793796 turn=1 cliT=1 myNo=0 afl=58000 cb=0 pb=0 subP=5 procN=10 actInf=0 menuF=0 tgtSel=0 resW=0 self=hp225/st0 pet=hp301/st0 validEnemy=3 fallback=15 delay=0 cmd=H|F heal[en=1 tf=3 c=87 p=87 a=87 mag=3 selfP=99/mx227 petP=95/mx315] | enemies=10:st0/hp0/mx0/df0/fn0/lv0/v0 11:st0/hp0/mx0/df0/fn0/lv0/v0 12:st0/hp0/mx0/df0/fn0/lv0/v0 13:st0/hp0/mx0/df0/fn0/lv0/v0 14:st0/hp0/mx0/df0/fn0/lv0/v0 15:st0/hp164/mx164/df0/fn4909D0/lv16/v1 16:st0/hp178/mx178/df0/fn4909D0/lv18/v1 17:st0/hp0/mx182/df0/fn0/lv18/v0 18:st0/hp164/mx164/df0/fn4909D0/lv16/v1 19:st0/hp0/mx0/df0/fn0/lv0/v0 
autobattle PET turn=1 myNo=0 row=0 si=0 seed=-2 target=15 validEnemy=3 minLv=16 pcEnable=0 cmd=W|0|F
autobattle tick cnt=1832 smto=1 res=0 battling=1 ctype=0 ptype=0
autobattle CHAR t=107794593 turn=2 cliT=2 myNo=0 afl=50000 cb=0 pb=0 subP=5 procN=10 actInf=0 menuF=0 tgtSel=0 resW=0 self=hp225/st0 pet=hp288/st0 validEnemy=2 fallback=16 delay=0 cmd=H|10 heal[en=1 tf=3 c=87 p=87 a=87 mag=3 selfP=99/mx227 petP=91/mx315] | enemies=10:st0/hp0/mx0/df0/fn0/lv0/v0 11:st0/hp0/mx0/df0/fn0/lv0/v0 12:st0/hp0/mx0/df0/fn0/lv0/v0 13:st0/hp0/mx0/df0/fn0/lv0/v0 14:st0/hp0/mx0/df0/fn0/lv0/v0 15:st0/hp0/mx164/df0/fn0/lv16/v0 16:st0/hp178/mx178/df0/fn4909D0/lv18/v1 17:st0/hp0/mx182/df0/fn0/lv18/v0 18:st0/hp164/mx164/df0/fn4909D0/lv16/v1 19:st0/hp0/mx0/df0/fn0/lv0/v0 
autobattle PET turn=2 myNo=0 row=0 si=0 seed=-2 target=16 validEnemy=2 minLv=16 pcEnable=0 cmd=W|0|10
autobattle CHAR t=107795515 turn=3 cliT=3 myNo=0 afl=40000 cb=0 pb=0 subP=5 procN=10 actInf=0 menuF=0 tgtSel=0 resW=0 self=hp225/st0 pet=hp277/st0 validEnemy=1 fallback=18 delay=0 cmd=J|0|14 heal[en=1 tf=3 c=87 p=87 a=87 mag=3 selfP=99/mx227 petP=87/mx315] | enemies=10:st0/hp0/mx0/df0/fn0/lv0/v0 11:st0/hp0/mx0/df0/fn0/lv0/v0 12:st0/hp0/mx0/df0/fn0/lv0/v0 13:st0/hp0/mx0/df0/fn0/lv0/v0 14:st0/hp0/mx0/df0/fn0/lv0/v0 15:st0/hp0/mx164/df0/fn0/lv16/v0 16:st0/hp0/mx178/df0/fn0/lv18/v0 17:st0/hp0/mx182/df0/fn0/lv18/v0 18:st0/hp164/mx164/df0/fn4909D0/lv16/v1 19:st0/hp0/mx0/df0/fn0/lv0/v0 
autobattle tick cnt=1849 smto=1 res=0 battling=1 ctype=0 ptype=0
autobattle PET turn=3 myNo=0 row=0 si=0 seed=-2 target=18 validEnemy=1 minLv=16 pcEnable=0 cmd=W|0|12
autobattle CHAR t=107796437 turn=4 cliT=4 myNo=0 afl=40000 cb=0 pb=0 subP=5 procN=10 actInf=0 menuF=0 tgtSel=0 resW=0 self=hp227/st0 pet=hp313/st0 validEnemy=1 fallback=18 delay=0 cmd=H|12 heal[en=1 tf=3 c=87 p=87 a=87 mag=3 selfP=100/mx227 petP=99/mx315] | enemies=10:st0/hp0/mx0/df0/fn0/lv0/v0 11:st0/hp0/mx0/df0/fn0/lv0/v0 12:st0/hp0/mx0/df0/fn0/lv0/v0 13:st0/hp0/mx0/df0/fn0/lv0/v0 14:st0/hp0/mx0/df0/fn0/lv0/v0 15:st0/hp0/mx164/df0/fn0/lv16/v0 16:st0/hp0/mx178/df0/fn0/lv18/v0 17:st0/hp0/mx182/df0/fn0/lv18/v0 18:st0/hp164/mx164/df0/fn4909D0/lv16/v1 19:st0/hp0/mx0/df0/fn0/lv0/v0 
autobattle PET turn=4 myNo=0 row=0 si=0 seed=-2 target=18 validEnemy=1 minLv=16 pcEnable=0 cmd=W|0|12
autobattle tick cnt=1866 smto=1 res=0 battling=1 ctype=0 ptype=0
autobattle tick cnt=1876 smto=1 res=0 battling=1 ctype=0 ptype=0
autobattle CHAR t=107799093 turn=0 cliT=0 myNo=0 afl=8000 cb=0 pb=0 subP=3 procN=10 actInf=0 menuF=0 tgtSel=0 resW=0 self=hp227/st0 pet=hp313/st0 validEnemy=1 fallback=15 delay=0 cmd=H|F heal[en=1 tf=3 c=87 p=87 a=87 mag=3 selfP=100/mx227 petP=99/mx315] | enemies=10:st0/hp0/mx0/df0/fn0/lv0/v0 11:st0/hp0/mx0/df0/fn0/lv0/v0 12:st0/hp0/mx0/df0/fn0/lv0/v0 13:st0/hp0/mx0/df0/fn0/lv0/v0 14:st0/hp0/mx0/df0/fn0/lv0/v0 15:st0/hp188/mx188/df0/fn4909D0/lv19/v1 16:st0/hp0/mx0/df0/fn0/lv0/v0 17:st0/hp0/mx0/df0/fn0/lv0/v0 18:st0/hp0/mx0/df0/fn0/lv0/v0 19:st0/hp0/mx0/df0/fn0/lv0/v0 
autobattle PET turn=0 myNo=0 row=0 si=0 seed=-2 target=15 validEnemy=1 minLv=19 pcEnable=0 cmd=W|0|F
autobattle tick cnt=1890 smto=1 res=0 battling=1 ctype=0 ptype=0
autobattle CHAR t=107800531 turn=0 cliT=0 myNo=0 afl=8000 cb=0 pb=0 subP=3 procN=10 actInf=0 menuF=0 tgtSel=0 resW=0 self=hp227/st0 pet=hp313/st0 validEnemy=1 fallback=15 delay=0 cmd=H|F heal[en=1 tf=3 c=87 p=87 a=87 mag=3 selfP=100/mx227 petP=99/mx315] | enemies=10:st0/hp0/mx0/df0/fn0/lv0/v0 11:st0/hp0/mx0/df0/fn0/lv0/v0 12:st0/hp0/mx0/df0/fn0/lv0/v0 13:st0/hp0/mx0/df0/fn0/lv0/v0 14:st0/hp0/mx0/df0/fn0/lv0/v0 15:st0/hp190/mx190/df0/fn4909D0/lv18/v1 16:st0/hp0/mx0/df0/fn0/lv0/v0 17:st0/hp0/mx0/df0/fn0/lv0/v0 18:st0/hp0/mx0/df0/fn0/lv0/v0 19:st0/hp0/mx0/df0/fn0/lv0/v0 
autobattle PET turn=0 myNo=0 row=0 si=0 seed=-2 target=15 validEnemy=1 minLv=18 pcEnable=0 cmd=W|0|F
autobattle tick cnt=1907 smto=1 res=0 battling=1 ctype=0 ptype=0
autobattle tick cnt=1910 smto=1 res=0 battling=1 ctype=0 ptype=0
autobattle CHAR t=107806875 turn=0 cliT=0 myNo=0 afl=F8000 cb=0 pb=0 subP=3 procN=10 actInf=0 menuF=0 tgtSel=0 resW=0 self=hp227/st0 pet=hp313/st0 validEnemy=5 fallback=19 delay=0 cmd=H|13 heal[en=1 tf=3 c=87 p=87 a=87 mag=3 selfP=100/mx227 petP=99/mx315] | enemies=10:st0/hp0/mx0/df0/fn0/lv0/v0 11:st0/hp0/mx0/df0/fn0/lv0/v0 12:st0/hp0/mx0/df0/fn0/lv0/v0 13:st0/hp0/mx0/df0/fn0/lv0/v0 14:st0/hp0/mx0/df0/fn0/lv0/v0 15:st0/hp166/mx166/df0/fn4909D0/lv19/v1 16:st0/hp184/mx184/df0/fn4909D0/lv19/v1 17:st0/hp165/mx165/df0/fn4909D0/lv16/v1 18:st0/hp188/mx188/df0/fn4909D0/lv19/v1 19:st0/hp166/mx166/df0/fn4909D0/lv17/v1 
autobattle PET turn=0 myNo=0 row=0 si=0 seed=-2 target=19 validEnemy=5 minLv=16 pcEnable=0 cmd=W|0|13
autobattle tick cnt=1927 smto=1 res=0 battling=1 ctype=0 ptype=0
autobattle CHAR t=107808468 turn=1 cliT=1 myNo=0 afl=F8000 cb=0 pb=0 subP=5 procN=10 actInf=0 menuF=0 tgtSel=0 resW=0 self=hp227/st0 pet=hp247/st0 validEnemy=5 fallback=19 delay=0 cmd=J|0|14 heal[en=1 tf=3 c=87 p=87 a=87 mag=3 selfP=100/mx227 petP=78/mx315] | enemies=10:st0/hp0/mx0/df0/fn0/lv0/v0 11:st0/hp0/mx0/df0/fn0/lv0/v0 12:st0/hp0/mx0/df0/fn0/lv0/v0 13:st0/hp0/mx0/df0/fn0/lv0/v0 14:st0/hp0/mx0/df0/fn0/lv0/v0 15:st0/hp166/mx166/df0/fn4909D0/lv19/v1 16:st0/hp184/mx184/df0/fn4909D0/lv19/v1 17:st0/hp165/mx165/df0/fn4909D0/lv16/v1 18:st0/hp188/mx188/df0/fn4909D0/lv19/v1 19:st0/hp31/mx166/df0/fn4909D0/lv17/v1 
autobattle PET turn=1 myNo=0 row=0 si=0 seed=-2 target=19 validEnemy=5 minLv=16 pcEnable=0 cmd=W|0|13
autobattle tick cnt=1944 smto=1 res=0 battling=1 ctype=0 ptype=0
autobattle CHAR t=107809953 turn=2 cliT=2 myNo=0 afl=F8000 cb=0 pb=0 subP=5 procN=10 actInf=0 menuF=0 tgtSel=0 resW=0 self=hp227/st0 pet=hp275/st0 validEnemy=4 fallback=17 delay=0 cmd=J|0|14 heal[en=1 tf=3 c=87 p=87 a=87 mag=3 selfP=100/mx227 petP=87/mx315] | enemies=10:st0/hp0/mx0/df0/fn0/lv0/v0 11:st0/hp0/mx0/df0/fn0/lv0/v0 12:st0/hp0/mx0/df0/fn0/lv0/v0 13:st0/hp0/mx0/df0/fn0/lv0/v0 14:st0/hp0/mx0/df0/fn0/lv0/v0 15:st0/hp166/mx166/df0/fn4909D0/lv19/v1 16:st0/hp184/mx184/df0/fn4909D0/lv19/v1 17:st0/hp165/mx165/df0/fn4909D0/lv16/v1 18:st0/hp188/mx188/df0/fn4909D0/lv19/v1 19:st0/hp0/mx166/df0/fn4909D0/lv17/v0 
autobattle tick cnt=1961 smto=1 res=0 battling=1 ctype=0 ptype=0
autobattle PET turn=2 myNo=0 row=0 si=0 seed=-2 target=17 validEnemy=4 minLv=16 pcEnable=0 cmd=W|0|11
autobattle tick cnt=1978 smto=1 res=0 battling=1 ctype=0 ptype=0
autobattle CHAR t=107811546 turn=3 cliT=3 myNo=0 afl=F8000 cb=0 pb=0 subP=5 procN=10 actInf=0 menuF=0 tgtSel=0 resW=0 self=hp225/st0 pet=hp283/st0 validEnemy=4 fallback=17 delay=0 cmd=H|11 heal[en=1 tf=3 c=87 p=87 a=87 mag=3 selfP=99/mx227 petP=89/mx315] | enemies=10:st0/hp0/mx0/df0/fn0/lv0/v0 11:st0/hp0/mx0/df0/fn0/lv0/v0 12:st0/hp0/mx0/df0/fn0/lv0/v0 13:st0/hp0/mx0/df0/fn0/lv0/v0 14:st0/hp0/mx0/df0/fn0/lv0/v0 15:st0/hp166/mx166/df0/fn4909D0/lv19/v1 16:st0/hp184/mx184/df0/fn4909D0/lv19/v1 17:st0/hp50/mx165/df0/fn4909D0/lv16/v1 18:st0/hp188/mx188/df0/fn4909D0/lv19/v1 19:st0/hp0/mx166/df0/fn4909D0/lv17/v0 
autobattle PET turn=3 myNo=0 row=0 si=0 seed=-2 target=17 validEnemy=4 minLv=16 pcEnable=0 cmd=W|0|11
autobattle tick cnt=1995 smto=1 res=0 battling=1 ctype=0 ptype=0
autobattle tick cnt=2012 smto=1 res=0 battling=1 ctype=0 ptype=0
autobattle CHAR t=107813218 turn=4 cliT=4 myNo=0 afl=F8000 cb=0 pb=0 subP=5 procN=10 actInf=0 menuF=0 tgtSel=0 resW=0 self=hp224/st0 pet=hp283/st0 validEnemy=2 fallback=16 delay=0 cmd=H|10 heal[en=1 tf=3 c=87 p=87 a=87 mag=3 selfP=98/mx227 petP=89/mx315] | enemies=10:st0/hp0/mx0/df0/fn0/lv0/v0 11:st0/hp0/mx0/df0/fn0/lv0/v0 12:st0/hp0/mx0/df0/fn0/lv0/v0 13:st0/hp0/mx0/df0/fn0/lv0/v0 14:st0/hp0/mx0/df0/fn0/lv0/v0 15:st0/hp0/mx166/df0/fn4909D0/lv19/v0 16:st0/hp184/mx184/df0/fn4909D0/lv19/v1 17:st0/hp0/mx165/df0/fn4909D0/lv16/v0 18:st0/hp188/mx188/df0/fn4909D0/lv19/v1 19:st0/hp0/mx166/df0/fn4909D0/lv17/v0 
autobattle PET turn=4 myNo=0 row=0 si=0 seed=-2 target=16 validEnemy=2 minLv=19 pcEnable=0 cmd=W|0|10
autobattle tick cnt=2029 smto=1 res=0 battling=1 ctype=0 ptype=0
autobattle CHAR t=107814250 turn=5 cliT=5 myNo=0 afl=F8000 cb=0 pb=0 subP=5 procN=10 actInf=0 menuF=0 tgtSel=0 resW=0 self=hp224/st0 pet=hp268/st0 validEnemy=2 fallback=16 delay=0 cmd=J|0|14 heal[en=1 tf=3 c=87 p=87 a=87 mag=3 selfP=98/mx227 petP=85/mx315] | enemies=10:st0/hp0/mx0/df0/fn0/lv0/v0 11:st0/hp0/mx0/df0/fn0/lv0/v0 12:st0/hp0/mx0/df0/fn0/lv0/v0 13:st0/hp0/mx0/df0/fn0/lv0/v0 14:st0/hp0/mx0/df0/fn0/lv0/v0 15:st0/hp0/mx166/df0/fn4909D0/lv19/v0 16:st0/hp107/mx184/df0/fn4909D0/lv19/v1 17:st0/hp0/mx165/df0/fn4909D0/lv16/v0 18:st0/hp188/mx188/df0/fn4909D0/lv19/v1 19:st0/hp0/mx166/df0/fn4909D0/lv17/v0 
autobattle PET turn=5 myNo=0 row=0 si=0 seed=-2 target=16 validEnemy=2 minLv=19 pcEnable=0 cmd=W|0|10
autobattle tick cnt=2046 smto=1 res=0 battling=1 ctype=0 ptype=0
autobattle CHAR t=107815359 turn=6 cliT=6 myNo=0 afl=E8000 cb=0 pb=0 subP=5 procN=10 actInf=0 menuF=0 tgtSel=0 resW=0 self=hp226/st0 pet=hp315/st0 validEnemy=1 fallback=18 delay=0 cmd=H|12 heal[en=1 tf=3 c=87 p=87 a=87 mag=3 selfP=99/mx227 petP=100/mx315] | enemies=10:st0/hp0/mx0/df0/fn0/lv0/v0 11:st0/hp0/mx0/df0/fn0/lv0/v0 12:st0/hp0/mx0/df0/fn0/lv0/v0 13:st0/hp0/mx0/df0/fn0/lv0/v0 14:st0/hp0/mx0/df0/fn0/lv0/v0 15:st0/hp0/mx166/df0/fn4909D0/lv19/v0 16:st0/hp0/mx184/df0/fn0/lv19/v0 17:st0/hp0/mx165/df0/fn4909D0/lv16/v0 18:st0/hp188/mx188/df0/fn4909D0/lv19/v1 19:st0/hp0/mx166/df0/fn4909D0/lv17/v0 
autobattle PET turn=6 myNo=0 row=0 si=0 seed=-2 target=18 validEnemy=1 minLv=19 pcEnable=0 cmd=W|0|12
autobattle CHAR t=107816109 turn=7 cliT=7 myNo=0 afl=E8000 cb=0 pb=0 subP=5 procN=10 actInf=0 menuF=0 tgtSel=0 resW=0 self=hp226/st0 pet=hp315/st0 validEnemy=1 fallback=18 delay=0 cmd=H|12 heal[en=1 tf=3 c=87 p=87 a=87 mag=3 selfP=99/mx227 petP=100/mx315] | enemies=10:st0/hp0/mx0/df0/fn0/lv0/v0 11:st0/hp0/mx0/df0/fn0/lv0/v0 12:st0/hp0/mx0/df0/fn0/lv0/v0 13:st0/hp0/mx0/df0/fn0/lv0/v0 14:st0/hp0/mx0/df0/fn0/lv0/v0 15:st0/hp0/mx166/df0/fn4909D0/lv19/v0 16:st0/hp0/mx184/df0/fn0/lv19/v0 17:st0/hp0/mx165/df0/fn4909D0/lv16/v0 18:st0/hp121/mx188/df0/fn4909D0/lv19/v1 19:st0/hp0/mx166/df0/fn4909D0/lv17/v0 
autobattle PET turn=7 myNo=0 row=0 si=0 seed=-2 target=18 validEnemy=1 minLv=19 pcEnable=0 cmd=W|0|12
autobattle tick cnt=2063 smto=1 res=0 battling=1 ctype=0 ptype=0
autobattle tick cnt=2076 smto=1 res=0 battling=1 ctype=0 ptype=0
autobattle CHAR t=107817828 turn=0 cliT=0 myNo=0 afl=8000 cb=0 pb=0 subP=3 procN=10 actInf=0 menuF=0 tgtSel=0 resW=0 self=hp226/st0 pet=hp315/st0 validEnemy=1 fallback=15 delay=0 cmd=H|F heal[en=1 tf=3 c=87 p=87 a=87 mag=3 selfP=99/mx227 petP=100/mx315] | enemies=10:st0/hp0/mx0/df0/fn0/lv0/v0 11:st0/hp0/mx0/df0/fn0/lv0/v0 12:st0/hp0/mx0/df0/fn0/lv0/v0 13:st0/hp0/mx0/df0/fn0/lv0/v0 14:st0/hp0/mx0/df0/fn0/lv0/v0 15:st0/hp159/mx159/df0/fn4909D0/lv17/v1 16:st0/hp0/mx0/df0/fn0/lv0/v0 17:st0/hp0/mx0/df0/fn0/lv0/v0 18:st0/hp0/mx0/df0/fn0/lv0/v0 19:st0/hp0/mx0/df0/fn0/lv0/v0 
autobattle PET turn=0 myNo=0 row=0 si=0 seed=-2 target=15 validEnemy=1 minLv=17 pcEnable=0 cmd=W|0|F
autobattle tick cnt=2089 smto=1 res=0 battling=1 ctype=0 ptype=0
autobattle CHAR t=107819000 turn=0 cliT=0 myNo=0 afl=38000 cb=0 pb=0 subP=3 procN=10 actInf=0 menuF=0 tgtSel=0 resW=0 self=hp226/st0 pet=hp315/st0 validEnemy=3 fallback=17 delay=0 cmd=H|11 heal[en=1 tf=3 c=87 p=87 a=87 mag=3 selfP=99/mx227 petP=100/mx315] | enemies=10:st0/hp0/mx0/df0/fn0/lv0/v0 11:st0/hp0/mx0/df0/fn0/lv0/v0 12:st0/hp0/mx0/df0/fn0/lv0/v0 13:st0/hp0/mx0/df0/fn0/lv0/v0 14:st0/hp0/mx0/df0/fn0/lv0/v0 15:st0/hp158/mx158/df0/fn4909D0/lv16/v1 16:st0/hp179/mx179/df0/fn4909D0/lv19/v1 17:st0/hp148/mx148/df0/fn4909D0/lv16/v1 18:st0/hp0/mx0/df0/fn0/lv0/v0 19:st0/hp0/mx0/df0/fn0/lv0/v0 
autobattle PET turn=0 myNo=0 row=0 si=0 seed=-2 target=17 validEnemy=3 minLv=16 pcEnable=0 cmd=W|0|11
autobattle tick cnt=2106 smto=1 res=0 battling=1 ctype=0 ptype=0
autobattle CHAR t=107820093 turn=1 cliT=1 myNo=0 afl=18000 cb=0 pb=0 subP=5 procN=10 actInf=0 menuF=0 tgtSel=0 resW=0 self=hp226/st0 pet=hp315/st0 validEnemy=2 fallback=15 delay=0 cmd=H|F heal[en=1 tf=3 c=87 p=87 a=87 mag=3 selfP=99/mx227 petP=100/mx315] | enemies=10:st0/hp0/mx0/df0/fn0/lv0/v0 11:st0/hp0/mx0/df0/fn0/lv0/v0 12:st0/hp0/mx0/df0/fn0/lv0/v0 13:st0/hp0/mx0/df0/fn0/lv0/v0 14:st0/hp0/mx0/df0/fn0/lv0/v0 15:st0/hp158/mx158/df0/fn4909D0/lv16/v1 16:st0/hp179/mx179/df0/fn4909D0/lv19/v1 17:st0/hp0/mx148/df0/fn0/lv16/v0 18:st0/hp0/mx0/df0/fn0/lv0/v0 19:st0/hp0/mx0/df0/fn0/lv0/v0 
autobattle PET turn=1 myNo=0 row=0 si=0 seed=-2 target=15 validEnemy=2 minLv=16 pcEnable=0 cmd=W|0|F
autobattle CHAR t=107821015 turn=2 cliT=2 myNo=0 afl=10000 cb=0 pb=0 subP=5 procN=10 actInf=0 menuF=0 tgtSel=0 resW=0 self=hp225/st0 pet=hp315/st0 validEnemy=1 fallback=16 delay=0 cmd=H|10 heal[en=1 tf=3 c=87 p=87 a=87 mag=3 selfP=99/mx227 petP=100/mx315] | enemies=10:st0/hp0/mx0/df0/fn0/lv0/v0 11:st0/hp0/mx0/df0/fn0/lv0/v0 12:st0/hp0/mx0/df0/fn0/lv0/v0 13:st0/hp0/mx0/df0/fn0/lv0/v0 14:st0/hp0/mx0/df0/fn0/lv0/v0 15:st0/hp0/mx158/df0/fn0/lv16/v0 16:st0/hp179/mx179/df0/fn4909D0/lv19/v1 17:st0/hp0/mx148/df0/fn0/lv16/v0 18:st0/hp0/mx0/df0/fn0/lv0/v0 19:st0/hp0/mx0/df0/fn0/lv0/v0 
autobattle tick cnt=2123 smto=1 res=0 battling=1 ctype=0 ptype=0
autobattle PET turn=2 myNo=0 row=0 si=0 seed=-2 target=16 validEnemy=1 minLv=19 pcEnable=0 cmd=W|0|10
autobattle CHAR t=107821890 turn=3 cliT=3 myNo=0 afl=10000 cb=0 pb=0 subP=5 procN=10 actInf=0 menuF=0 tgtSel=0 resW=0 self=hp224/st0 pet=hp315/st0 validEnemy=1 fallback=16 delay=0 cmd=H|10 heal[en=1 tf=3 c=87 p=87 a=87 mag=3 selfP=98/mx227 petP=100/mx315] | enemies=10:st0/hp0/mx0/df0/fn0/lv0/v0 11:st0/hp0/mx0/df0/fn0/lv0/v0 12:st0/hp0/mx0/df0/fn0/lv0/v0 13:st0/hp0/mx0/df0/fn0/lv0/v0 14:st0/hp0/mx0/df0/fn0/lv0/v0 15:st0/hp0/mx158/df0/fn0/lv16/v0 16:st0/hp179/mx179/df0/fn4909D0/lv19/v1 17:st0/hp0/mx148/df0/fn0/lv16/v0 18:st0/hp0/mx0/df0/fn0/lv0/v0 19:st0/hp0/mx0/df0/fn0/lv0/v0 
autobattle PET turn=3 myNo=0 row=0 si=0 seed=-2 target=16 validEnemy=1 minLv=19 pcEnable=0 cmd=W|0|10
autobattle tick cnt=2140 smto=1 res=0 battling=1 ctype=0 ptype=0
autobattle tick cnt=2155 smto=1 res=0 battling=1 ctype=0 ptype=0
autobattle CHAR t=107823671 turn=0 cliT=0 myNo=0 afl=78000 cb=0 pb=0 subP=3 procN=10 actInf=0 menuF=0 tgtSel=0 resW=0 self=hp224/st0 pet=hp325/st0 validEnemy=4 fallback=17 delay=0 cmd=H|11 heal[en=1 tf=3 c=87 p=87 a=87 mag=3 selfP=98/mx227 petP=100/mx325] | enemies=10:st0/hp0/mx0/df0/fn0/lv0/v0 11:st0/hp0/mx0/df0/fn0/lv0/v0 12:st0/hp0/mx0/df0/fn0/lv0/v0 13:st0/hp0/mx0/df0/fn0/lv0/v0 14:st0/hp0/mx0/df0/fn0/lv0/v0 15:st0/hp151/mx151/df0/fn4909D0/lv16/v1 16:st0/hp166/mx166/df0/fn4909D0/lv17/v1 17:st0/hp168/mx168/df0/fn4909D0/lv16/v1 18:st0/hp173/mx173/df0/fn4909D0/lv18/v1 19:st0/hp0/mx0/df0/fn0/lv0/v0 
autobattle PET turn=0 myNo=0 row=0 si=0 seed=-2 target=17 validEnemy=4 minLv=16 pcEnable=0 cmd=W|0|11
autobattle tick cnt=2172 smto=1 res=0 battling=1 ctype=0 ptype=0
autobattle CHAR t=107825015 turn=1 cliT=1 myNo=0 afl=58000 cb=0 pb=0 subP=5 procN=10 actInf=0 menuF=0 tgtSel=0 resW=0 self=hp224/st0 pet=hp325/st0 validEnemy=3 fallback=15 delay=0 cmd=H|F heal[en=1 tf=3 c=87 p=87 a=87 mag=3 selfP=98/mx227 petP=100/mx325] | enemies=10:st0/hp0/mx0/df0/fn0/lv0/v0 11:st0/hp0/mx0/df0/fn0/lv0/v0 12:st0/hp0/mx0/df0/fn0/lv0/v0 13:st0/hp0/mx0/df0/fn0/lv0/v0 14:st0/hp0/mx0/df0/fn0/lv0/v0 15:st0/hp151/mx151/df0/fn4909D0/lv16/v1 16:st0/hp166/mx166/df0/fn4909D0/lv17/v1 17:st0/hp0/mx168/df0/fn0/lv16/v0 18:st0/hp173/mx173/df0/fn4909D0/lv18/v1 19:st0/hp0/mx0/df0/fn0/lv0/v0 
autobattle PET turn=1 myNo=0 row=0 si=0 seed=-2 target=15 validEnemy=3 minLv=16 pcEnable=0 cmd=W|0|F
autobattle tick cnt=2189 smto=1 res=0 battling=1 ctype=0 ptype=0
autobattle CHAR t=107826375 turn=2 cliT=2 myNo=0 afl=58000 cb=0 pb=0 subP=5 procN=10 actInf=0 menuF=0 tgtSel=0 resW=0 self=hp224/st0 pet=hp319/st0 validEnemy=2 fallback=16 delay=0 cmd=H|10 heal[en=1 tf=3 c=87 p=87 a=87 mag=3 selfP=98/mx227 petP=98/mx325] | enemies=10:st0/hp0/mx0/df0/fn0/lv0/v0 11:st0/hp0/mx0/df0/fn0/lv0/v0 12:st0/hp0/mx0/df0/fn0/lv0/v0 13:st0/hp0/mx0/df0/fn0/lv0/v0 14:st0/hp0/mx0/df0/fn0/lv0/v0 15:st0/hp0/mx151/df0/fn4909D0/lv16/v0 16:st0/hp166/mx166/df0/fn4909D0/lv17/v1 17:st0/hp0/mx168/df0/fn0/lv16/v0 18:st0/hp53/mx173/df0/fn4909D0/lv18/v1 19:st0/hp0/mx0/df0/fn0/lv0/v0 
autobattle PET turn=2 myNo=0 row=0 si=0 seed=-2 target=16 validEnemy=2 minLv=17 pcEnable=0 cmd=W|0|10
autobattle tick cnt=2206 smto=1 res=0 battling=1 ctype=0 ptype=0
autobattle CHAR t=107827296 turn=3 cliT=3 myNo=0 afl=48000 cb=0 pb=0 subP=5 procN=10 actInf=0 menuF=0 tgtSel=0 resW=0 self=hp224/st0 pet=hp319/st0 validEnemy=1 fallback=18 delay=0 cmd=H|12 heal[en=1 tf=3 c=87 p=87 a=87 mag=3 selfP=98/mx227 petP=98/mx325] | enemies=10:st0/hp0/mx0/df0/fn0/lv0/v0 11:st0/hp0/mx0/df0/fn0/lv0/v0 12:st0/hp0/mx0/df0/fn0/lv0/v0 13:st0/hp0/mx0/df0/fn0/lv0/v0 14:st0/hp0/mx0/df0/fn0/lv0/v0 15:st0/hp0/mx151/df0/fn4909D0/lv16/v0 16:st0/hp0/mx166/df0/fn0/lv17/v0 17:st0/hp0/mx168/df0/fn0/lv16/v0 18:st0/hp53/mx173/df0/fn4909D0/lv18/v1 19:st0/hp0/mx0/df0/fn0/lv0/v0 
autobattle PET turn=3 myNo=0 row=0 si=0 seed=-2 target=18 validEnemy=1 minLv=18 pcEnable=0 cmd=W|0|12
autobattle tick cnt=2223 smto=1 res=0 battling=1 ctype=0 ptype=0
autobattle CHAR t=107828765 turn=0 cliT=0 myNo=0 afl=38000 cb=0 pb=0 subP=3 procN=10 actInf=0 menuF=0 tgtSel=0 resW=0 self=hp224/st0 pet=hp319/st0 validEnemy=3 fallback=17 delay=0 cmd=H|11 heal[en=1 tf=3 c=87 p=87 a=87 mag=3 selfP=98/mx227 petP=98/mx325] | enemies=10:st0/hp0/mx0/df0/fn0/lv0/v0 11:st0/hp0/mx0/df0/fn0/lv0/v0 12:st0/hp0/mx0/df0/fn0/lv0/v0 13:st0/hp0/mx0/df0/fn0/lv0/v0 14:st0/hp0/mx0/df0/fn0/lv0/v0 15:st0/hp148/mx148/df0/fn4909D0/lv15/v1 16:st0/hp191/mx191/df0/fn4909D0/lv19/v1 17:st0/hp147/mx147/df0/fn4909D0/lv15/v1 18:st0/hp0/mx0/df0/fn0/lv0/v0 19:st0/hp0/mx0/df0/fn0/lv0/v0 
autobattle PET turn=0 myNo=0 row=0 si=0 seed=-2 target=17 validEnemy=3 minLv=15 pcEnable=0 cmd=W|0|11
autobattle tick cnt=2232 smto=1 res=0 battling=1 ctype=0 ptype=0
autobattle CHAR t=107829875 turn=1 cliT=1 myNo=0 afl=18000 cb=0 pb=0 subP=5 procN=10 actInf=0 menuF=0 tgtSel=0 resW=0 self=hp224/st0 pet=hp319/st0 validEnemy=2 fallback=15 delay=0 cmd=H|F heal[en=1 tf=3 c=87 p=87 a=87 mag=3 selfP=98/mx227 petP=98/mx325] | enemies=10:st0/hp0/mx0/df0/fn0/lv0/v0 11:st0/hp0/mx0/df0/fn0/lv0/v0 12:st0/hp0/mx0/df0/fn0/lv0/v0 13:st0/hp0/mx0/df0/fn0/lv0/v0 14:st0/hp0/mx0/df0/fn0/lv0/v0 15:st0/hp148/mx148/df0/fn4909D0/lv15/v1 16:st0/hp191/mx191/df0/fn4909D0/lv19/v1 17:st0/hp0/mx147/df0/fn0/lv15/v0 18:st0/hp0/mx0/df0/fn0/lv0/v0 19:st0/hp0/mx0/df0/fn0/lv0/v0 
autobattle tick cnt=2249 smto=1 res=0 battling=1 ctype=0 ptype=0
autobattle PET turn=1 myNo=0 row=0 si=0 seed=-2 target=15 validEnemy=2 minLv=15 pcEnable=0 cmd=W|0|F
autobattle CHAR t=107830859 turn=2 cliT=2 myNo=0 afl=18000 cb=0 pb=0 subP=2 procN=10 actInf=0 menuF=0 tgtSel=0 resW=0 self=hp224/st0 pet=hp319/st0 validEnemy=1 fallback=16 delay=0 cmd=H|10 heal[en=1 tf=3 c=87 p=87 a=87 mag=3 selfP=98/mx227 petP=98/mx325] | enemies=10:st0/hp0/mx0/df0/fn0/lv0/v0 11:st0/hp0/mx0/df0/fn0/lv0/v0 12:st0/hp0/mx0/df0/fn0/lv0/v0 13:st0/hp0/mx0/df0/fn0/lv0/v0 14:st0/hp0/mx0/df0/fn0/lv0/v0 15:st0/hp0/mx148/df0/fn4909D0/lv15/v0 16:st0/hp191/mx191/df0/fn4909D0/lv19/v1 17:st0/hp0/mx147/df0/fn0/lv15/v0 18:st0/hp0/mx0/df0/fn0/lv0/v0 19:st0/hp0/mx0/df0/fn0/lv0/v0 
autobattle PET turn=2 myNo=0 row=0 si=0 seed=-2 target=16 validEnemy=1 minLv=19 pcEnable=0 cmd=W|0|10
autobattle tick cnt=2266 smto=1 res=0 battling=1 ctype=0 ptype=0
autobattle tick cnt=2283 smto=1 res=0 battling=1 ctype=0 ptype=0
autobattle CHAR t=107832343 turn=0 cliT=0 myNo=0 afl=8000 cb=0 pb=0 subP=3 procN=10 actInf=0 menuF=0 tgtSel=0 resW=0 self=hp224/st0 pet=hp319/st0 validEnemy=1 fallback=15 delay=0 cmd=H|F heal[en=1 tf=3 c=87 p=87 a=87 mag=3 selfP=98/mx227 petP=98/mx325] | enemies=10:st0/hp0/mx0/df0/fn0/lv0/v0 11:st0/hp0/mx0/df0/fn0/lv0/v0 12:st0/hp0/mx0/df0/fn0/lv0/v0 13:st0/hp0/mx0/df0/fn0/lv0/v0 14:st0/hp0/mx0/df0/fn0/lv0/v0 15:st0/hp187/mx187/df0/fn4909D0/lv20/v1 16:st0/hp0/mx0/df0/fn0/lv0/v0 17:st0/hp0/mx0/df0/fn0/lv0/v0 18:st0/hp0/mx0/df0/fn0/lv0/v0 19:st0/hp0/mx0/df0/fn0/lv0/v0 
autobattle PET turn=0 myNo=0 row=0 si=0 seed=-2 target=15 validEnemy=1 minLv=20 pcEnable=0 cmd=W|0|F
autobattle tick cnt=2300 smto=1 res=0 battling=1 ctype=0 ptype=0
autobattle CHAR t=107834125 turn=0 cliT=0 myNo=0 afl=18000 cb=0 pb=0 subP=3 procN=10 actInf=0 menuF=0 tgtSel=0 resW=0 self=hp224/st0 pet=hp319/st0 validEnemy=2 fallback=15 delay=0 cmd=H|F heal[en=1 tf=3 c=87 p=87 a=87 mag=3 selfP=98/mx227 petP=98/mx325] | enemies=10:st0/hp0/mx0/df0/fn0/lv0/v0 11:st0/hp0/mx0/df0/fn0/lv0/v0 12:st0/hp0/mx0/df0/fn0/lv0/v0 13:st0/hp0/mx0/df0/fn0/lv0/v0 14:st0/hp0/mx0/df0/fn0/lv0/v0 15:st0/hp153/mx153/df0/fn4909D0/lv17/v1 16:st0/hp161/mx161/df0/fn4909D0/lv17/v1 17:st0/hp0/mx0/df0/fn0/lv0/v0 18:st0/hp0/mx0/df0/fn0/lv0/v0 19:st0/hp0/mx0/df0/fn0/lv0/v0 
autobattle PET turn=0 myNo=0 row=0 si=0 seed=-2 target=15 validEnemy=2 minLv=17 pcEnable=0 cmd=W|0|F
autobattle tick cnt=2317 smto=1 res=0 battling=1 ctype=0 ptype=0
autobattle CHAR t=107835234 turn=1 cliT=1 myNo=0 afl=10000 cb=0 pb=0 subP=5 procN=10 actInf=0 menuF=0 tgtSel=0 resW=0 self=hp224/st0 pet=hp319/st0 validEnemy=1 fallback=16 delay=0 cmd=H|10 heal[en=1 tf=3 c=87 p=87 a=87 mag=3 selfP=98/mx227 petP=98/mx325] | enemies=10:st0/hp0/mx0/df0/fn0/lv0/v0 11:st0/hp0/mx0/df0/fn0/lv0/v0 12:st0/hp0/mx0/df0/fn0/lv0/v0 13:st0/hp0/mx0/df0/fn0/lv0/v0 14:st0/hp0/mx0/df0/fn0/lv0/v0 15:st0/hp0/mx153/df0/fn0/lv17/v0 16:st0/hp161/mx161/df0/fn4909D0/lv17/v1 17:st0/hp0/mx0/df0/fn0/lv0/v0 18:st0/hp0/mx0/df0/fn0/lv0/v0 19:st0/hp0/mx0/df0/fn0/lv0/v0 
autobattle PET turn=1 myNo=0 row=0 si=0 seed=-2 target=16 validEnemy=1 minLv=17 pcEnable=0 cmd=W|0|10
autobattle tick cnt=2331 smto=1 res=0 battling=1 ctype=0 ptype=0
autobattle CHAR t=107837328 turn=0 cliT=0 myNo=0 afl=F8000 cb=0 pb=0 subP=3 procN=10 actInf=0 menuF=0 tgtSel=0 resW=0 self=hp224/st0 pet=hp319/st0 validEnemy=5 fallback=19 delay=0 cmd=H|13 heal[en=1 tf=3 c=87 p=87 a=87 mag=3 selfP=98/mx227 petP=98/mx325] | enemies=10:st0/hp0/mx0/df0/fn0/lv0/v0 11:st0/hp0/mx0/df0/fn0/lv0/v0 12:st0/hp0/mx0/df0/fn0/lv0/v0 13:st0/hp0/mx0/df0/fn0/lv0/v0 14:st0/hp0/mx0/df0/fn0/lv0/v0 15:st0/hp183/mx183/df0/fn4909D0/lv18/v1 16:st0/hp180/mx180/df0/fn4909D0/lv18/v1 17:st0/hp169/mx169/df0/fn4909D0/lv16/v1 18:st0/hp164/mx164/df0/fn4909D0/lv16/v1 19:st0/hp151/mx151/df0/fn4909D0/lv15/v1 
autobattle PET turn=0 myNo=0 row=0 si=0 seed=-2 target=19 validEnemy=5 minLv=15 pcEnable=0 cmd=W|0|13
autobattle tick cnt=2348 smto=1 res=0 battling=1 ctype=0 ptype=0
autobattle CHAR t=107839046 turn=1 cliT=1 myNo=0 afl=F8000 cb=0 pb=0 subP=5 procN=10 actInf=0 menuF=0 tgtSel=0 resW=0 self=hp222/st0 pet=hp319/st0 validEnemy=4 fallback=17 delay=0 cmd=H|11 heal[en=1 tf=3 c=87 p=87 a=87 mag=3 selfP=97/mx227 petP=98/mx325] | enemies=10:st0/hp0/mx0/df0/fn0/lv0/v0 11:st0/hp0/mx0/df0/fn0/lv0/v0 12:st0/hp0/mx0/df0/fn0/lv0/v0 13:st0/hp0/mx0/df0/fn0/lv0/v0 14:st0/hp0/mx0/df0/fn0/lv0/v0 15:st0/hp183/mx183/df0/fn4909D0/lv18/v1 16:st0/hp180/mx180/df0/fn4909D0/lv18/v1 17:st0/hp169/mx169/df0/fn4909D0/lv16/v1 18:st0/hp164/mx164/df0/fn4909D0/lv16/v1 19:st0/hp0/mx151/df0/fn4909D0/lv15/v0 
autobattle PET turn=1 myNo=0 row=0 si=0 seed=-2 target=17 validEnemy=4 minLv=16 pcEnable=0 cmd=W|0|11
autobattle tick cnt=2365 smto=1 res=0 battling=1 ctype=0 ptype=0
autobattle CHAR t=107840328 turn=2 cliT=2 myNo=0 afl=D8000 cb=0 pb=0 subP=5 procN=10 actInf=0 menuF=0 tgtSel=0 resW=0 self=hp221/st0 pet=hp293/st0 validEnemy=3 fallback=15 delay=0 cmd=H|F heal[en=1 tf=3 c=87 p=87 a=87 mag=3 selfP=97/mx227 petP=90/mx325] | enemies=10:st0/hp0/mx0/df0/fn0/lv0/v0 11:st0/hp0/mx0/df0/fn0/lv0/v0 12:st0/hp0/mx0/df0/fn0/lv0/v0 13:st0/hp0/mx0/df0/fn0/lv0/v0 14:st0/hp0/mx0/df0/fn0/lv0/v0 15:st0/hp183/mx183/df0/fn4909D0/lv18/v1 16:st0/hp180/mx180/df0/fn4909D0/lv18/v1 17:st0/hp0/mx169/df0/fn0/lv16/v0 18:st0/hp164/mx164/df0/fn4909D0/lv16/v1 19:st0/hp0/mx151/df0/fn4909D0/lv15/v0 
autobattle tick cnt=2382 smto=1 res=0 battling=1 ctype=0 ptype=0
autobattle PET turn=2 myNo=0 row=0 si=0 seed=-2 target=15 validEnemy=3 minLv=16 pcEnable=0 cmd=W|0|F
autobattle tick cnt=2399 smto=1 res=0 battling=1 ctype=0 ptype=0
autobattle CHAR t=107841437 turn=3 cliT=3 myNo=0 afl=D0000 cb=0 pb=0 subP=5 procN=10 actInf=0 menuF=0 tgtSel=0 resW=0 self=hp221/st0 pet=hp274/st0 validEnemy=2 fallback=16 delay=0 cmd=J|0|14 heal[en=1 tf=3 c=87 p=87 a=87 mag=3 selfP=97/mx227 petP=84/mx325] | enemies=10:st0/hp0/mx0/df0/fn0/lv0/v0 11:st0/hp0/mx0/df0/fn0/lv0/v0 12:st0/hp0/mx0/df0/fn0/lv0/v0 13:st0/hp0/mx0/df0/fn0/lv0/v0 14:st0/hp0/mx0/df0/fn0/lv0/v0 15:st0/hp0/mx183/df0/fn0/lv18/v0 16:st0/hp180/mx180/df0/fn4909D0/lv18/v1 17:st0/hp0/mx169/df0/fn0/lv16/v0 18:st0/hp164/mx164/df0/fn4909D0/lv16/v1 19:st0/hp0/mx151/df0/fn4909D0/lv15/v0 
autobattle PET turn=3 myNo=0 row=0 si=0 seed=-2 target=16 validEnemy=2 minLv=16 pcEnable=0 cmd=W|0|10
autobattle tick cnt=2416 smto=1 res=0 battling=1 ctype=0 ptype=0
autobattle CHAR t=107842609 turn=4 cliT=4 myNo=0 afl=D0000 cb=0 pb=0 subP=5 procN=10 actInf=0 menuF=0 tgtSel=0 resW=0 self=hp227/st0 pet=hp300/st0 validEnemy=2 fallback=16 delay=0 cmd=H|10 heal[en=1 tf=3 c=87 p=87 a=87 mag=3 selfP=100/mx227 petP=92/mx325] | enemies=10:st0/hp0/mx0/df0/fn0/lv0/v0 11:st0/hp0/mx0/df0/fn0/lv0/v0 12:st0/hp0/mx0/df0/fn0/lv0/v0 13:st0/hp0/mx0/df0/fn0/lv0/v0 14:st0/hp0/mx0/df0/fn0/lv0/v0 15:st0/hp0/mx183/df0/fn0/lv18/v0 16:st0/hp81/mx180/df0/fn4909D0/lv18/v1 17:st0/hp0/mx169/df0/fn0/lv16/v0 18:st0/hp164/mx164/df0/fn4909D0/lv16/v1 19:st0/hp0/mx151/df0/fn4909D0/lv15/v0 
autobattle PET turn=4 myNo=0 row=0 si=0 seed=-2 target=16 validEnemy=2 minLv=16 pcEnable=0 cmd=W|0|10
autobattle tick cnt=2433 smto=1 res=0 battling=1 ctype=0 ptype=0
autobattle CHAR t=107843593 turn=5 cliT=5 myNo=0 afl=D0000 cb=0 pb=0 subP=5 procN=10 actInf=0 menuF=0 tgtSel=0 resW=0 self=hp227/st0 pet=hp300/st0 validEnemy=1 fallback=18 delay=0 cmd=H|12 heal[en=1 tf=3 c=87 p=87 a=87 mag=3 selfP=100/mx227 petP=92/mx325] | enemies=10:st0/hp0/mx0/df0/fn0/lv0/v0 11:st0/hp0/mx0/df0/fn0/lv0/v0 12:st0/hp0/mx0/df0/fn0/lv0/v0 13:st0/hp0/mx0/df0/fn0/lv0/v0 14:st0/hp0/mx0/df0/fn0/lv0/v0 15:st0/hp0/mx183/df0/fn0/lv18/v0 16:st0/hp0/mx180/df0/fn4909D0/lv18/v0 17:st0/hp0/mx169/df0/fn0/lv16/v0 18:st0/hp164/mx164/df0/fn4909D0/lv16/v1 19:st0/hp0/mx151/df0/fn4909D0/lv15/v0 
autobattle PET turn=5 myNo=0 row=0 si=0 seed=-2 target=18 validEnemy=1 minLv=16 pcEnable=0 cmd=W|0|12
autobattle tick cnt=2448 smto=1 res=0 battling=1 ctype=0 ptype=0
autobattle CHAR t=107845875 turn=0 cliT=0 myNo=0 afl=18000 cb=0 pb=0 subP=3 procN=10 actInf=0 menuF=0 tgtSel=0 resW=0 self=hp227/st0 pet=hp300/st0 validEnemy=2 fallback=15 delay=0 cmd=H|F heal[en=1 tf=3 c=87 p=87 a=87 mag=3 selfP=100/mx227 petP=92/mx325] | enemies=10:st0/hp0/mx0/df0/fn0/lv0/v0 11:st0/hp0/mx0/df0/fn0/lv0/v0 12:st0/hp0/mx0/df0/fn0/lv0/v0 13:st0/hp0/mx0/df0/fn0/lv0/v0 14:st0/hp0/mx0/df0/fn0/lv0/v0 15:st0/hp158/mx158/df0/fn4909D0/lv16/v1 16:st0/hp174/mx174/df0/fn4909D0/lv17/v1 17:st0/hp0/mx0/df0/fn0/lv0/v0 18:st0/hp0/mx0/df0/fn0/lv0/v0 19:st0/hp0/mx0/df0/fn0/lv0/v0 
autobattle PET turn=0 myNo=0 row=0 si=0 seed=-2 target=15 validEnemy=2 minLv=16 pcEnable=0 cmd=W|0|F
autobattle CHAR t=107846796 turn=1 cliT=1 myNo=0 afl=10000 cb=0 pb=0 subP=5 procN=10 actInf=0 menuF=0 tgtSel=0 resW=0 self=hp227/st0 pet=hp300/st0 validEnemy=1 fallback=16 delay=0 cmd=H|10 heal[en=1 tf=3 c=87 p=87 a=87 mag=3 selfP=100/mx227 petP=92/mx325] | enemies=10:st0/hp0/mx0/df0/fn0/lv0/v0 11:st0/hp0/mx0/df0/fn0/lv0/v0 12:st0/hp0/mx0/df0/fn0/lv0/v0 13:st0/hp0/mx0/df0/fn0/lv0/v0 14:st0/hp0/mx0/df0/fn0/lv0/v0 15:st0/hp0/mx158/df0/fn0/lv16/v0 16:st0/hp174/mx174/df0/fn4909D0/lv17/v1 17:st0/hp0/mx0/df0/fn0/lv0/v0 18:st0/hp0/mx0/df0/fn0/lv0/v0 19:st0/hp0/mx0/df0/fn0/lv0/v0 
autobattle tick cnt=2465 smto=1 res=0 battling=1 ctype=0 ptype=0
autobattle PET turn=1 myNo=0 row=0 si=0 seed=-2 target=16 validEnemy=1 minLv=17 pcEnable=0 cmd=W|0|10
autobattle tick cnt=2482 smto=1 res=0 battling=1 ctype=0 ptype=0
autobattle tick cnt=2483 smto=1 res=0 battling=1 ctype=0 ptype=0
autobattle CHAR t=107851546 turn=0 cliT=0 myNo=0 afl=38000 cb=0 pb=0 subP=3 procN=10 actInf=0 menuF=0 tgtSel=0 resW=0 self=hp227/st0 pet=hp300/st0 validEnemy=3 fallback=17 delay=0 cmd=H|11 heal[en=1 tf=3 c=87 p=87 a=87 mag=3 selfP=100/mx227 petP=92/mx325] | enemies=10:st0/hp0/mx0/df0/fn0/lv0/v0 11:st0/hp0/mx0/df0/fn0/lv0/v0 12:st0/hp0/mx0/df0/fn0/lv0/v0 13:st0/hp0/mx0/df0/fn0/lv0/v0 14:st0/hp0/mx0/df0/fn0/lv0/v0 15:st0/hp181/mx181/df0/fn4909D0/lv19/v1 16:st0/hp185/mx185/df0/fn4909D0/lv18/v1 17:st0/hp175/mx175/df0/fn4909D0/lv18/v1 18:st0/hp0/mx0/df0/fn0/lv0/v0 19:st0/hp0/mx0/df0/fn0/lv0/v0 
autobattle PET turn=0 myNo=0 row=0 si=0 seed=-2 target=17 validEnemy=3 minLv=18 pcEnable=0 cmd=W|0|11
autobattle tick cnt=2500 smto=1 res=0 battling=1 ctype=0 ptype=0
autobattle CHAR t=107852656 turn=1 cliT=1 myNo=0 afl=38000 cb=0 pb=0 subP=5 procN=10 actInf=0 menuF=0 tgtSel=0 resW=0 self=hp225/st0 pet=hp300/st0 validEnemy=2 fallback=15 delay=0 cmd=H|F heal[en=1 tf=3 c=87 p=87 a=87 mag=3 selfP=99/mx227 petP=92/mx325] | enemies=10:st0/hp0/mx0/df0/fn0/lv0/v0 11:st0/hp0/mx0/df0/fn0/lv0/v0 12:st0/hp0/mx0/df0/fn0/lv0/v0 13:st0/hp0/mx0/df0/fn0/lv0/v0 14:st0/hp0/mx0/df0/fn0/lv0/v0 15:st0/hp181/mx181/df0/fn4909D0/lv19/v1 16:st0/hp185/mx185/df0/fn4909D0/lv18/v1 17:st0/hp0/mx175/df0/fn4909D0/lv18/v0 18:st0/hp0/mx0/df0/fn0/lv0/v0 19:st0/hp0/mx0/df0/fn0/lv0/v0 
autobattle PET turn=1 myNo=0 row=0 si=0 seed=-2 target=15 validEnemy=2 minLv=18 pcEnable=0 cmd=W|0|F
autobattle CHAR t=107853515 turn=2 cliT=2 myNo=0 afl=30000 cb=0 pb=0 subP=5 procN=10 actInf=0 menuF=0 tgtSel=0 resW=0 self=hp225/st0 pet=hp300/st0 validEnemy=1 fallback=16 delay=0 cmd=H|10 heal[en=1 tf=3 c=87 p=87 a=87 mag=3 selfP=99/mx227 petP=92/mx325] | enemies=10:st0/hp0/mx0/df0/fn0/lv0/v0 11:st0/hp0/mx0/df0/fn0/lv0/v0 12:st0/hp0/mx0/df0/fn0/lv0/v0 13:st0/hp0/mx0/df0/fn0/lv0/v0 14:st0/hp0/mx0/df0/fn0/lv0/v0 15:st0/hp0/mx181/df0/fn0/lv19/v0 16:st0/hp185/mx185/df0/fn4909D0/lv18/v1 17:st0/hp0/mx175/df0/fn4909D0/lv18/v0 18:st0/hp0/mx0/df0/fn0/lv0/v0 19:st0/hp0/mx0/df0/fn0/lv0/v0 
autobattle tick cnt=2517 smto=1 res=0 battling=1 ctype=0 ptype=0
autobattle PET turn=2 myNo=0 row=0 si=0 seed=-2 target=16 validEnemy=1 minLv=18 pcEnable=0 cmd=W|0|10
autobattle tick cnt=2534 smto=1 res=0 battling=1 ctype=0 ptype=0
autobattle tick cnt=2535 smto=1 res=0 battling=1 ctype=0 ptype=0
autobattle CHAR t=107857265 turn=0 cliT=0 myNo=0 afl=38000 cb=0 pb=0 subP=3 procN=10 actInf=0 menuF=0 tgtSel=0 resW=0 self=hp225/st0 pet=hp300/st0 validEnemy=3 fallback=17 delay=0 cmd=H|11 heal[en=1 tf=3 c=87 p=87 a=87 mag=3 selfP=99/mx227 petP=92/mx325] | enemies=10:st0/hp0/mx0/df0/fn0/lv0/v0 11:st0/hp0/mx0/df0/fn0/lv0/v0 12:st0/hp0/mx0/df0/fn0/lv0/v0 13:st0/hp0/mx0/df0/fn0/lv0/v0 14:st0/hp0/mx0/df0/fn0/lv0/v0 15:st0/hp148/mx148/df0/fn4909D0/lv15/v1 16:st0/hp183/mx183/df0/fn4909D0/lv17/v1 17:st0/hp149/mx149/df0/fn4909D0/lv15/v1 18:st0/hp0/mx0/df0/fn0/lv0/v0 19:st0/hp0/mx0/df0/fn0/lv0/v0 
autobattle PET turn=0 myNo=0 row=0 si=0 seed=-2 target=17 validEnemy=3 minLv=15 pcEnable=0 cmd=W|0|11
autobattle tick cnt=2552 smto=1 res=0 battling=1 ctype=0 ptype=0
autobattle CHAR t=107858562 turn=1 cliT=1 myNo=0 afl=38000 cb=0 pb=0 subP=5 procN=10 actInf=0 menuF=0 tgtSel=0 resW=0 self=hp224/st0 pet=hp300/st0 validEnemy=3 fallback=17 delay=0 cmd=H|11 heal[en=1 tf=3 c=87 p=87 a=87 mag=3 selfP=98/mx227 petP=92/mx325] | enemies=10:st0/hp0/mx0/df0/fn0/lv0/v0 11:st0/hp0/mx0/df0/fn0/lv0/v0 12:st0/hp0/mx0/df0/fn0/lv0/v0 13:st0/hp0/mx0/df0/fn0/lv0/v0 14:st0/hp0/mx0/df0/fn0/lv0/v0 15:st0/hp148/mx148/df0/fn4909D0/lv15/v1 16:st0/hp86/mx183/df0/fn4909D0/lv17/v1 17:st0/hp80/mx149/df0/fn4909D0/lv15/v1 18:st0/hp0/mx0/df0/fn0/lv0/v0 19:st0/hp0/mx0/df0/fn0/lv0/v0 
autobattle PET turn=1 myNo=0 row=0 si=0 seed=-2 target=17 validEnemy=3 minLv=15 pcEnable=0 cmd=W|0|11
autobattle tick cnt=2569 smto=1 res=0 battling=1 ctype=0 ptype=0
autobattle CHAR t=107859656 turn=2 cliT=2 myNo=0 afl=38000 cb=0 pb=0 subP=5 procN=10 actInf=0 menuF=0 tgtSel=0 resW=0 self=hp224/st0 pet=hp300/st0 validEnemy=1 fallback=15 delay=0 cmd=H|F heal[en=1 tf=3 c=87 p=87 a=87 mag=3 selfP=98/mx227 petP=92/mx325] | enemies=10:st0/hp0/mx0/df0/fn0/lv0/v0 11:st0/hp0/mx0/df0/fn0/lv0/v0 12:st0/hp0/mx0/df0/fn0/lv0/v0 13:st0/hp0/mx0/df0/fn0/lv0/v0 14:st0/hp0/mx0/df0/fn0/lv0/v0 15:st0/hp148/mx148/df0/fn4909D0/lv15/v1 16:st0/hp0/mx183/df0/fn4909D0/lv17/v0 17:st0/hp0/mx149/df0/fn4909D0/lv15/v0 18:st0/hp0/mx0/df0/fn0/lv0/v0 19:st0/hp0/mx0/df0/fn0/lv0/v0 
autobattle PET turn=2 myNo=0 row=0 si=0 seed=-2 target=15 validEnemy=1 minLv=15 pcEnable=0 cmd=W|0|F
autobattle tick cnt=2586 smto=1 res=0 battling=1 ctype=0 ptype=0
autobattle CHAR t=107860406 turn=3 cliT=3 myNo=0 afl=38000 cb=0 pb=0 subP=5 procN=10 actInf=0 menuF=0 tgtSel=0 resW=0 self=hp224/st0 pet=hp300/st0 validEnemy=1 fallback=15 delay=0 cmd=H|F heal[en=1 tf=3 c=87 p=87 a=87 mag=3 selfP=98/mx227 petP=92/mx325] | enemies=10:st0/hp0/mx0/df0/fn0/lv0/v0 11:st0/hp0/mx0/df0/fn0/lv0/v0 12:st0/hp0/mx0/df0/fn0/lv0/v0 13:st0/hp0/mx0/df0/fn0/lv0/v0 14:st0/hp0/mx0/df0/fn0/lv0/v0 15:st0/hp136/mx148/df0/fn4909D0/lv15/v1 16:st0/hp0/mx183/df0/fn4909D0/lv17/v0 17:st0/hp0/mx149/df0/fn4909D0/lv15/v0 18:st0/hp0/mx0/df0/fn0/lv0/v0 19:st0/hp0/mx0/df0/fn0/lv0/v0 
autobattle PET turn=3 myNo=0 row=0 si=0 seed=-2 target=15 validEnemy=1 minLv=15 pcEnable=0 cmd=W|0|F
autobattle tick cnt=2599 smto=1 res=0 battling=1 ctype=0 ptype=0
autobattle CHAR t=107864906 turn=0 cliT=0 myNo=0 afl=8000 cb=0 pb=0 subP=3 procN=10 actInf=0 menuF=0 tgtSel=0 resW=0 self=hp227/st0 pet=hp300/st0 validEnemy=1 fallback=15 delay=0 cmd=H|F heal[en=1 tf=3 c=87 p=87 a=87 mag=3 selfP=100/mx227 petP=92/mx325] | enemies=10:st0/hp0/mx0/df0/fn0/lv0/v0 11:st0/hp0/mx0/df0/fn0/lv0/v0 12:st0/hp0/mx0/df0/fn0/lv0/v0 13:st0/hp0/mx0/df0/fn0/lv0/v0 14:st0/hp0/mx0/df0/fn0/lv0/v0 15:st0/hp176/mx176/df0/fn4909D0/lv17/v1 16:st0/hp0/mx0/df0/fn0/lv0/v0 17:st0/hp0/mx0/df0/fn0/lv0/v0 18:st0/hp0/mx0/df0/fn0/lv0/v0 19:st0/hp0/mx0/df0/fn0/lv0/v0 
autobattle PET turn=0 myNo=0 row=0 si=0 seed=-2 target=15 validEnemy=1 minLv=17 pcEnable=0 cmd=W|0|F
autobattle tick cnt=2616 smto=1 res=0 battling=1 ctype=0 ptype=0
autobattle tick cnt=2619 smto=1 res=0 battling=1 ctype=0 ptype=0
autobattle CHAR t=107867062 turn=0 cliT=0 myNo=0 afl=78000 cb=0 pb=0 subP=3 procN=10 actInf=0 menuF=0 tgtSel=0 resW=0 self=hp227/st0 pet=hp300/st0 validEnemy=4 fallback=17 delay=0 cmd=H|11 heal[en=1 tf=3 c=87 p=87 a=87 mag=3 selfP=100/mx227 petP=92/mx325] | enemies=10:st0/hp0/mx0/df0/fn0/lv0/v0 11:st0/hp0/mx0/df0/fn0/lv0/v0 12:st0/hp0/mx0/df0/fn0/lv0/v0 13:st0/hp0/mx0/df0/fn0/lv0/v0 14:st0/hp0/mx0/df0/fn0/lv0/v0 15:st0/hp158/mx158/df0/fn4909D0/lv17/v1 16:st0/hp186/mx186/df0/fn4909D0/lv20/v1 17:st0/hp167/mx167/df0/fn4909D0/lv19/v1 18:st0/hp177/mx177/df0/fn4909D0/lv19/v1 19:st0/hp0/mx0/df0/fn0/lv0/v0 
autobattle PET turn=0 myNo=0 row=0 si=0 seed=-2 target=17 validEnemy=4 minLv=17 pcEnable=0 cmd=W|0|11
autobattle tick cnt=2636 smto=1 res=0 battling=1 ctype=0 ptype=0
autobattle CHAR t=107868468 turn=1 cliT=1 myNo=0 afl=78000 cb=0 pb=0 subP=5 procN=10 actInf=0 menuF=0 tgtSel=0 resW=0 self=hp227/st0 pet=hp288/st0 validEnemy=3 fallback=15 delay=0 cmd=H|F heal[en=1 tf=3 c=87 p=87 a=87 mag=3 selfP=100/mx227 petP=88/mx325] | enemies=10:st0/hp0/mx0/df0/fn0/lv0/v0 11:st0/hp0/mx0/df0/fn0/lv0/v0 12:st0/hp0/mx0/df0/fn0/lv0/v0 13:st0/hp0/mx0/df0/fn0/lv0/v0 14:st0/hp0/mx0/df0/fn0/lv0/v0 15:st0/hp42/mx158/df0/fn4909D0/lv17/v1 16:st0/hp186/mx186/df0/fn4909D0/lv20/v1 17:st0/hp0/mx167/df0/fn4909D0/lv19/v0 18:st0/hp177/mx177/df0/fn4909D0/lv19/v1 19:st0/hp0/mx0/df0/fn0/lv0/v0 
autobattle PET turn=1 myNo=0 row=0 si=0 seed=-2 target=15 validEnemy=3 minLv=17 pcEnable=0 cmd=W|0|F
autobattle tick cnt=2653 smto=1 res=0 battling=1 ctype=0 ptype=0
autobattle CHAR t=107869640 turn=2 cliT=2 myNo=0 afl=38000 cb=0 pb=0 subP=5 procN=10 actInf=0 menuF=0 tgtSel=0 resW=0 self=hp227/st0 pet=hp274/st0 validEnemy=1 fallback=16 delay=0 cmd=J|0|14 heal[en=1 tf=3 c=87 p=87 a=87 mag=3 selfP=100/mx227 petP=84/mx325] | enemies=10:st0/hp0/mx0/df0/fn0/lv0/v0 11:st0/hp0/mx0/df0/fn0/lv0/v0 12:st0/hp0/mx0/df0/fn0/lv0/v0 13:st0/hp0/mx0/df0/fn0/lv0/v0 14:st0/hp0/mx0/df0/fn0/lv0/v0 15:st0/hp0/mx158/df0/fn4909D0/lv17/v0 16:st0/hp186/mx186/df0/fn4909D0/lv20/v1 17:st0/hp0/mx167/df0/fn4909D0/lv19/v0 18:st0/hp20/mx177/df0/fn0/lv19/v0 19:st0/hp0/mx0/df0/fn0/lv0/v0 
autobattle PET turn=2 myNo=0 row=0 si=0 seed=-2 target=16 validEnemy=1 minLv=20 pcEnable=0 cmd=W|0|10
autobattle tick cnt=2670 smto=1 res=0 battling=1 ctype=0 ptype=0
autobattle CHAR t=107870562 turn=3 cliT=3 myNo=0 afl=38000 cb=0 pb=0 subP=5 procN=10 actInf=0 menuF=0 tgtSel=0 resW=0 self=hp226/st0 pet=hp325/st0 validEnemy=1 fallback=16 delay=0 cmd=H|10 heal[en=1 tf=3 c=87 p=87 a=87 mag=3 selfP=99/mx227 petP=100/mx325] | enemies=10:st0/hp0/mx0/df0/fn0/lv0/v0 11:st0/hp0/mx0/df0/fn0/lv0/v0 12:st0/hp0/mx0/df0/fn0/lv0/v0 13:st0/hp0/mx0/df0/fn0/lv0/v0 14:st0/hp0/mx0/df0/fn0/lv0/v0 15:st0/hp0/mx158/df0/fn4909D0/lv17/v0 16:st0/hp39/mx186/df0/fn4909D0/lv20/v1 17:st0/hp0/mx167/df0/fn4909D0/lv19/v0 18:st0/hp20/mx177/df0/fn0/lv19/v0 19:st0/hp0/mx0/df0/fn0/lv0/v0 
autobattle PET turn=3 myNo=0 row=0 si=0 seed=-2 target=16 validEnemy=1 minLv=20 pcEnable=0 cmd=W|0|10
autobattle tick cnt=2687 smto=1 res=0 battling=1 ctype=0 ptype=0
autobattle CHAR t=107871859 turn=0 cliT=0 myNo=0 afl=F8000 cb=0 pb=0 subP=3 procN=10 actInf=0 menuF=0 tgtSel=0 resW=0 self=hp226/st0 pet=hp325/st0 validEnemy=5 fallback=19 delay=0 cmd=H|13 heal[en=1 tf=3 c=87 p=87 a=87 mag=3 selfP=99/mx227 petP=100/mx325] | enemies=10:st0/hp0/mx0/df0/fn0/lv0/v0 11:st0/hp0/mx0/df0/fn0/lv0/v0 12:st0/hp0/mx0/df0/fn0/lv0/v0 13:st0/hp0/mx0/df0/fn0/lv0/v0 14:st0/hp0/mx0/df0/fn0/lv0/v0 15:st0/hp176/mx176/df0/fn4909D0/lv18/v1 16:st0/hp164/mx164/df0/fn4909D0/lv17/v1 17:st0/hp169/mx169/df0/fn4909D0/lv15/v1 18:st0/hp179/mx179/df0/fn4909D0/lv19/v1 19:st0/hp146/mx146/df0/fn4909D0/lv15/v1 
autobattle PET turn=0 myNo=0 row=0 si=0 seed=-2 target=19 validEnemy=5 minLv=15 pcEnable=0 cmd=W|0|13
autobattle tick cnt=2696 smto=1 res=0 battling=1 ctype=0 ptype=0
autobattle tick cnt=2713 smto=1 res=0 battling=1 ctype=0 ptype=0
autobattle CHAR t=107873890 turn=1 cliT=1 myNo=0 afl=F8000 cb=0 pb=0 subP=5 procN=10 actInf=0 menuF=0 tgtSel=0 resW=0 self=hp225/st0 pet=hp304/st0 validEnemy=3 fallback=17 delay=0 cmd=H|11 heal[en=1 tf=3 c=87 p=87 a=87 mag=3 selfP=99/mx227 petP=93/mx325] | enemies=10:st0/hp0/mx0/df0/fn0/lv0/v0 11:st0/hp0/mx0/df0/fn0/lv0/v0 12:st0/hp0/mx0/df0/fn0/lv0/v0 13:st0/hp0/mx0/df0/fn0/lv0/v0 14:st0/hp0/mx0/df0/fn0/lv0/v0 15:st0/hp0/mx176/df0/fn4909D0/lv18/v0 16:st0/hp164/mx164/df0/fn4909D0/lv17/v1 17:st0/hp58/mx169/df0/fn4909D0/lv15/v1 18:st0/hp179/mx179/df0/fn4909D0/lv19/v1 19:st0/hp0/mx146/df0/fn4909D0/lv15/v0 
autobattle PET turn=1 myNo=0 row=0 si=0 seed=-2 target=17 validEnemy=3 minLv=15 pcEnable=0 cmd=W|0|11
autobattle tick cnt=2730 smto=1 res=0 battling=1 ctype=0 ptype=0
autobattle CHAR t=107875046 turn=2 cliT=2 myNo=0 afl=D8000 cb=0 pb=0 subP=5 procN=10 actInf=0 menuF=0 tgtSel=0 resW=0 self=hp225/st0 pet=hp304/st0 validEnemy=2 fallback=16 delay=0 cmd=H|10 heal[en=1 tf=3 c=87 p=87 a=87 mag=3 selfP=99/mx227 petP=93/mx325] | enemies=10:st0/hp0/mx0/df0/fn0/lv0/v0 11:st0/hp0/mx0/df0/fn0/lv0/v0 12:st0/hp0/mx0/df0/fn0/lv0/v0 13:st0/hp0/mx0/df0/fn0/lv0/v0 14:st0/hp0/mx0/df0/fn0/lv0/v0 15:st0/hp0/mx176/df0/fn4909D0/lv18/v0 16:st0/hp164/mx164/df0/fn4909D0/lv17/v1 17:st0/hp0/mx169/df0/fn0/lv15/v0 18:st0/hp179/mx179/df0/fn4909D0/lv19/v1 19:st0/hp0/mx146/df0/fn4909D0/lv15/v0 
autobattle PET turn=2 myNo=0 row=0 si=0 seed=-2 target=16 validEnemy=2 minLv=17 pcEnable=0 cmd=W|0|10
autobattle tick cnt=2747 smto=1 res=0 battling=1 ctype=0 ptype=0
autobattle CHAR t=107876093 turn=3 cliT=3 myNo=0 afl=D8000 cb=0 pb=0 subP=2 procN=10 actInf=0 menuF=0 tgtSel=0 resW=0 self=hp224/st0 pet=hp303/st0 validEnemy=2 fallback=16 delay=0 cmd=H|10 heal[en=1 tf=3 c=87 p=87 a=87 mag=3 selfP=98/mx227 petP=93/mx325] | enemies=10:st0/hp0/mx0/df0/fn0/lv0/v0 11:st0/hp0/mx0/df0/fn0/lv0/v0 12:st0/hp0/mx0/df0/fn0/lv0/v0 13:st0/hp0/mx0/df0/fn0/lv0/v0 14:st0/hp0/mx0/df0/fn0/lv0/v0 15:st0/hp0/mx176/df0/fn4909D0/lv18/v0 16:st0/hp24/mx164/df0/fn4909D0/lv17/v1 17:st0/hp0/mx169/df0/fn0/lv15/v0 18:st0/hp179/mx179/df0/fn4909D0/lv19/v1 19:st0/hp0/mx146/df0/fn4909D0/lv15/v0 
autobattle PET turn=3 myNo=0 row=0 si=0 seed=-2 target=16 validEnemy=2 minLv=17 pcEnable=0 cmd=W|0|10
autobattle tick cnt=2764 smto=1 res=0 battling=1 ctype=0 ptype=0
autobattle CHAR t=107877140 turn=4 cliT=4 myNo=0 afl=D8000 cb=0 pb=0 subP=5 procN=10 actInf=0 menuF=0 tgtSel=0 resW=0 self=hp224/st0 pet=hp303/st0 validEnemy=1 fallback=18 delay=0 cmd=H|12 heal[en=1 tf=3 c=87 p=87 a=87 mag=3 selfP=98/mx227 petP=93/mx325] | enemies=10:st0/hp0/mx0/df0/fn0/lv0/v0 11:st0/hp0/mx0/df0/fn0/lv0/v0 12:st0/hp0/mx0/df0/fn0/lv0/v0 13:st0/hp0/mx0/df0/fn0/lv0/v0 14:st0/hp0/mx0/df0/fn0/lv0/v0 15:st0/hp0/mx176/df0/fn4909D0/lv18/v0 16:st0/hp0/mx164/df0/fn4909D0/lv17/v0 17:st0/hp0/mx169/df0/fn0/lv15/v0 18:st0/hp70/mx179/df0/fn4909D0/lv19/v1 19:st0/hp0/mx146/df0/fn4909D0/lv15/v0 
autobattle PET turn=4 myNo=0 row=0 si=0 seed=-2 target=18 validEnemy=1 minLv=19 pcEnable=0 cmd=W|0|12
autobattle tick cnt=2781 smto=1 res=0 battling=1 ctype=0 ptype=0
autobattle tick cnt=2789 smto=1 res=0 battling=1 ctype=0 ptype=0
autobattle CHAR t=107879671 turn=0 cliT=0 myNo=0 afl=78000 cb=0 pb=0 subP=3 procN=10 actInf=0 menuF=0 tgtSel=0 resW=0 self=hp224/st0 pet=hp303/st0 validEnemy=4 fallback=17 delay=0 cmd=H|11 heal[en=1 tf=3 c=87 p=87 a=87 mag=3 selfP=98/mx227 petP=93/mx325] | enemies=10:st0/hp0/mx0/df0/fn0/lv0/v0 11:st0/hp0/mx0/df0/fn0/lv0/v0 12:st0/hp0/mx0/df0/fn0/lv0/v0 13:st0/hp0/mx0/df0/fn0/lv0/v0 14:st0/hp0/mx0/df0/fn0/lv0/v0 15:st0/hp157/mx157/df0/fn4909D0/lv17/v1 16:st0/hp185/mx185/df0/fn4909D0/lv20/v1 17:st0/hp185/mx185/df0/fn4909D0/lv20/v1 18:st0/hp179/mx179/df0/fn4909D0/lv19/v1 19:st0/hp0/mx0/df0/fn0/lv0/v0 
autobattle PET turn=0 myNo=0 row=0 si=0 seed=-2 target=17 validEnemy=4 minLv=17 pcEnable=0 cmd=W|0|11
autobattle tick cnt=2806 smto=1 res=0 battling=1 ctype=0 ptype=0
autobattle CHAR t=107881265 turn=1 cliT=1 myNo=0 afl=78000 cb=0 pb=0 subP=2 procN=10 actInf=0 menuF=0 tgtSel=0 resW=0 self=hp223/st0 pet=hp277/st0 validEnemy=4 fallback=17 delay=0 cmd=J|0|14 heal[en=1 tf=3 c=87 p=87 a=87 mag=3 selfP=98/mx227 petP=85/mx325] | enemies=10:st0/hp0/mx0/df0/fn0/lv0/v0 11:st0/hp0/mx0/df0/fn0/lv0/v0 12:st0/hp0/mx0/df0/fn0/lv0/v0 13:st0/hp0/mx0/df0/fn0/lv0/v0 14:st0/hp0/mx0/df0/fn0/lv0/v0 15:st0/hp157/mx157/df0/fn4909D0/lv17/v1 16:st0/hp185/mx185/df0/fn4909D0/lv20/v1 17:st0/hp106/mx185/df0/fn4909D0/lv20/v1 18:st0/hp122/mx179/df0/fn4909D0/lv19/v1 19:st0/hp0/mx0/df0/fn0/lv0/v0 
autobattle PET turn=1 myNo=0 row=0 si=0 seed=-2 target=17 validEnemy=4 minLv=17 pcEnable=0 cmd=W|0|11
autobattle tick cnt=2823 smto=1 res=0 battling=1 ctype=0 ptype=0
autobattle tick cnt=2840 smto=1 res=0 battling=1 ctype=0 ptype=0
autobattle CHAR t=107882734 turn=2 cliT=2 myNo=0 afl=78000 cb=0 pb=0 subP=5 procN=10 actInf=0 menuF=0 tgtSel=0 resW=0 self=hp226/st0 pet=hp308/st0 validEnemy=3 fallback=15 delay=0 cmd=H|F heal[en=1 tf=3 c=87 p=87 a=87 mag=3 selfP=99/mx227 petP=94/mx325] | enemies=10:st0/hp0/mx0/df0/fn0/lv0/v0 11:st0/hp0/mx0/df0/fn0/lv0/v0 12:st0/hp0/mx0/df0/fn0/lv0/v0 13:st0/hp0/mx0/df0/fn0/lv0/v0 14:st0/hp0/mx0/df0/fn0/lv0/v0 15:st0/hp157/mx157/df0/fn4909D0/lv17/v1 16:st0/hp185/mx185/df0/fn4909D0/lv20/v1 17:st0/hp0/mx185/df0/fn4909D0/lv20/v0 18:st0/hp122/mx179/df0/fn4909D0/lv19/v1 19:st0/hp0/mx0/df0/fn0/lv0/v0 
autobattle PET turn=2 myNo=0 row=0 si=0 seed=-2 target=15 validEnemy=3 minLv=17 pcEnable=0 cmd=W|0|F
autobattle tick cnt=2857 smto=1 res=0 battling=1 ctype=0 ptype=0
autobattle CHAR t=107883781 turn=3 cliT=3 myNo=0 afl=30000 cb=0 pb=0 subP=5 procN=10 actInf=0 menuF=0 tgtSel=0 resW=0 self=hp225/st0 pet=hp308/st0 validEnemy=1 fallback=16 delay=0 cmd=H|10 heal[en=1 tf=3 c=87 p=87 a=87 mag=3 selfP=99/mx227 petP=94/mx325] | enemies=10:st0/hp0/mx0/df0/fn0/lv0/v0 11:st0/hp0/mx0/df0/fn0/lv0/v0 12:st0/hp0/mx0/df0/fn0/lv0/v0 13:st0/hp0/mx0/df0/fn0/lv0/v0 14:st0/hp0/mx0/df0/fn0/lv0/v0 15:st0/hp0/mx157/df0/fn0/lv17/v0 16:st0/hp185/mx185/df0/fn4909D0/lv20/v1 17:st0/hp0/mx185/df0/fn4909D0/lv20/v0 18:st0/hp122/mx179/df0/fn0/lv19/v0 19:st0/hp0/mx0/df0/fn0/lv0/v0 
autobattle PET turn=3 myNo=0 row=0 si=0 seed=-2 target=16 validEnemy=1 minLv=20 pcEnable=0 cmd=W|0|10
autobattle tick cnt=2874 smto=1 res=0 battling=1 ctype=0 ptype=0
autobattle CHAR t=107885765 turn=0 cliT=0 myNo=0 afl=38000 cb=0 pb=0 subP=3 procN=10 actInf=0 menuF=0 tgtSel=0 resW=0 self=hp225/st0 pet=hp290/st0 validEnemy=3 fallback=17 delay=0 cmd=H|11 heal[en=1 tf=3 c=87 p=87 a=87 mag=3 selfP=99/mx227 petP=89/mx325] | enemies=10:st0/hp0/mx0/df0/fn0/lv0/v0 11:st0/hp0/mx0/df0/fn0/lv0/v0 12:st0/hp0/mx0/df0/fn0/lv0/v0 13:st0/hp0/mx0/df0/fn0/lv0/v0 14:st0/hp0/mx0/df0/fn0/lv0/v0 15:st0/hp171/mx171/df0/fn4909D0/lv18/v1 16:st0/hp187/mx187/df0/fn4909D0/lv18/v1 17:st0/hp155/mx155/df0/fn4909D0/lv15/v1 18:st0/hp0/mx0/df0/fn0/lv0/v0 19:st0/hp0/mx0/df0/fn0/lv0/v0 
autobattle tick cnt=2886 smto=1 res=0 battling=1 ctype=0 ptype=0
autobattle PET turn=0 myNo=0 row=0 si=0 seed=-2 target=17 validEnemy=3 minLv=15 pcEnable=0 cmd=W|0|11
autobattle CHAR t=107886812 turn=1 cliT=1 myNo=0 afl=18000 cb=0 pb=0 subP=5 procN=10 actInf=0 menuF=0 tgtSel=0 resW=0 self=hp225/st0 pet=hp290/st0 validEnemy=2 fallback=15 delay=0 cmd=H|F heal[en=1 tf=3 c=87 p=87 a=87 mag=3 selfP=99/mx227 petP=89/mx325] | enemies=10:st0/hp0/mx0/df0/fn0/lv0/v0 11:st0/hp0/mx0/df0/fn0/lv0/v0 12:st0/hp0/mx0/df0/fn0/lv0/v0 13:st0/hp0/mx0/df0/fn0/lv0/v0 14:st0/hp0/mx0/df0/fn0/lv0/v0 15:st0/hp171/mx171/df0/fn4909D0/lv18/v1 16:st0/hp187/mx187/df0/fn4909D0/lv18/v1 17:st0/hp0/mx155/df0/fn0/lv15/v0 18:st0/hp0/mx0/df0/fn0/lv0/v0 19:st0/hp0/mx0/df0/fn0/lv0/v0 
autobattle tick cnt=2903 smto=1 res=0 battling=1 ctype=0 ptype=0
autobattle PET turn=1 myNo=0 row=0 si=0 seed=-2 target=15 validEnemy=2 minLv=18 pcEnable=0 cmd=W|0|F
autobattle tick cnt=2920 smto=1 res=0 battling=1 ctype=0 ptype=0
autobattle CHAR t=107887921 turn=2 cliT=2 myNo=0 afl=18000 cb=0 pb=0 subP=5 procN=10 actInf=0 menuF=0 tgtSel=0 resW=0 self=hp224/st0 pet=hp290/st0 validEnemy=1 fallback=16 delay=0 cmd=H|10 heal[en=1 tf=3 c=87 p=87 a=87 mag=3 selfP=98/mx227 petP=89/mx325] | enemies=10:st0/hp0/mx0/df0/fn0/lv0/v0 11:st0/hp0/mx0/df0/fn0/lv0/v0 12:st0/hp0/mx0/df0/fn0/lv0/v0 13:st0/hp0/mx0/df0/fn0/lv0/v0 14:st0/hp0/mx0/df0/fn0/lv0/v0 15:st0/hp0/mx171/df0/fn4909D0/lv18/v0 16:st0/hp88/mx187/df0/fn4909D0/lv18/v1 17:st0/hp0/mx155/df0/fn0/lv15/v0 18:st0/hp0/mx0/df0/fn0/lv0/v0 19:st0/hp0/mx0/df0/fn0/lv0/v0 
autobattle PET turn=2 myNo=0 row=0 si=0 seed=-2 target=16 validEnemy=1 minLv=18 pcEnable=0 cmd=W|0|10
autobattle tick cnt=2937 smto=1 res=0 battling=1 ctype=0 ptype=0
autobattle tick cnt=2938 smto=1 res=0 battling=1 ctype=0 ptype=0
autobattle CHAR t=107890078 turn=0 cliT=0 myNo=0 afl=38000 cb=0 pb=0 subP=3 procN=10 actInf=0 menuF=0 tgtSel=0 resW=0 self=hp224/st0 pet=hp290/st0 validEnemy=3 fallback=17 delay=0 cmd=H|11 heal[en=1 tf=3 c=87 p=87 a=87 mag=3 selfP=98/mx227 petP=89/mx325] | enemies=10:st0/hp0/mx0/df0/fn0/lv0/v0 11:st0/hp0/mx0/df0/fn0/lv0/v0 12:st0/hp0/mx0/df0/fn0/lv0/v0 13:st0/hp0/mx0/df0/fn0/lv0/v0 14:st0/hp0/mx0/df0/fn0/lv0/v0 15:st0/hp163/mx163/df0/fn4909D0/lv17/v1 16:st0/hp173/mx173/df0/fn4909D0/lv18/v1 17:st0/hp181/mx181/df0/fn4909D0/lv19/v1 18:st0/hp0/mx0/df0/fn0/lv0/v0 19:st0/hp0/mx0/df0/fn0/lv0/v0 
autobattle PET turn=0 myNo=0 row=0 si=0 seed=-2 target=17 validEnemy=3 minLv=17 pcEnable=0 cmd=W|0|11
autobattle tick cnt=2955 smto=1 res=0 battling=1 ctype=0 ptype=0
autobattle CHAR t=107891187 turn=1 cliT=1 myNo=0 afl=38000 cb=0 pb=0 subP=5 procN=10 actInf=0 menuF=0 tgtSel=0 resW=0 self=hp224/st0 pet=hp289/st0 validEnemy=2 fallback=15 delay=0 cmd=H|F heal[en=1 tf=3 c=87 p=87 a=87 mag=3 selfP=98/mx227 petP=88/mx325] | enemies=10:st0/hp0/mx0/df0/fn0/lv0/v0 11:st0/hp0/mx0/df0/fn0/lv0/v0 12:st0/hp0/mx0/df0/fn0/lv0/v0 13:st0/hp0/mx0/df0/fn0/lv0/v0 14:st0/hp0/mx0/df0/fn0/lv0/v0 15:st0/hp163/mx163/df0/fn4909D0/lv17/v1 16:st0/hp173/mx173/df0/fn4909D0/lv18/v1 17:st0/hp0/mx181/df0/fn4909D0/lv19/v0 18:st0/hp0/mx0/df0/fn0/lv0/v0 19:st0/hp0/mx0/df0/fn0/lv0/v0 
autobattle PET turn=1 myNo=0 row=0 si=0 seed=-2 target=15 validEnemy=2 minLv=17 pcEnable=0 cmd=W|0|F
autobattle CHAR t=107892046 turn=2 cliT=2 myNo=0 afl=30000 cb=0 pb=0 subP=5 procN=10 actInf=0 menuF=0 tgtSel=0 resW=0 self=hp224/st0 pet=hp289/st0 validEnemy=1 fallback=16 delay=0 cmd=H|10 heal[en=1 tf=3 c=87 p=87 a=87 mag=3 selfP=98/mx227 petP=88/mx325] | enemies=10:st0/hp0/mx0/df0/fn0/lv0/v0 11:st0/hp0/mx0/df0/fn0/lv0/v0 12:st0/hp0/mx0/df0/fn0/lv0/v0 13:st0/hp0/mx0/df0/fn0/lv0/v0 14:st0/hp0/mx0/df0/fn0/lv0/v0 15:st0/hp0/mx163/df0/fn0/lv17/v0 16:st0/hp173/mx173/df0/fn4909D0/lv18/v1 17:st0/hp0/mx181/df0/fn4909D0/lv19/v0 18:st0/hp0/mx0/df0/fn0/lv0/v0 19:st0/hp0/mx0/df0/fn0/lv0/v0 
autobattle tick cnt=2972 smto=1 res=0 battling=1 ctype=0 ptype=0
autobattle PET turn=2 myNo=0 row=0 si=0 seed=-2 target=16 validEnemy=1 minLv=18 pcEnable=0 cmd=W|0|10
autobattle tick cnt=2984 smto=1 res=0 battling=1 ctype=0 ptype=0
autobattle CHAR t=107900218 turn=0 cliT=0 myNo=0 afl=78000 cb=0 pb=0 subP=3 procN=10 actInf=0 menuF=0 tgtSel=0 resW=0 self=hp224/st0 pet=hp289/st0 validEnemy=4 fallback=17 delay=0 cmd=H|11 heal[en=1 tf=3 c=87 p=87 a=87 mag=3 selfP=98/mx227 petP=88/mx325] | enemies=10:st0/hp0/mx0/df0/fn0/lv0/v0 11:st0/hp0/mx0/df0/fn0/lv0/v0 12:st0/hp0/mx0/df0/fn0/lv0/v0 13:st0/hp0/mx0/df0/fn0/lv0/v0 14:st0/hp0/mx0/df0/fn0/lv0/v0 15:st0/hp165/mx165/df0/fn4909D0/lv17/v1 16:st0/hp176/mx176/df0/fn4909D0/lv18/v1 17:st0/hp168/mx168/df0/fn4909D0/lv17/v1 18:st0/hp158/mx158/df0/fn4909D0/lv17/v1 19:st0/hp0/mx0/df0/fn0/lv0/v0 
autobattle PET turn=0 myNo=0 row=0 si=0 seed=-2 target=17 validEnemy=4 minLv=17 pcEnable=0 cmd=W|0|11
autobattle tick cnt=3001 smto=1 res=0 battling=1 ctype=0 ptype=0
autobattle CHAR t=107901578 turn=1 cliT=1 myNo=0 afl=58000 cb=0 pb=0 subP=5 procN=10 actInf=0 menuF=0 tgtSel=0 resW=0 self=hp224/st0 pet=hp277/st0 validEnemy=3 fallback=15 delay=0 cmd=J|0|14 heal[en=1 tf=3 c=87 p=87 a=87 mag=3 selfP=98/mx227 petP=85/mx325] | enemies=10:st0/hp0/mx0/df0/fn0/lv0/v0 11:st0/hp0/mx0/df0/fn0/lv0/v0 12:st0/hp0/mx0/df0/fn0/lv0/v0 13:st0/hp0/mx0/df0/fn0/lv0/v0 14:st0/hp0/mx0/df0/fn0/lv0/v0 15:st0/hp165/mx165/df0/fn4909D0/lv17/v1 16:st0/hp176/mx176/df0/fn4909D0/lv18/v1 17:st0/hp0/mx168/df0/fn0/lv17/v0 18:st0/hp158/mx158/df0/fn4909D0/lv17/v1 19:st0/hp0/mx0/df0/fn0/lv0/v0 
autobattle PET turn=1 myNo=0 row=0 si=0 seed=-2 target=15 validEnemy=3 minLv=17 pcEnable=0 cmd=W|0|F
autobattle tick cnt=3018 smto=1 res=0 battling=1 ctype=0 ptype=0
autobattle CHAR t=107902937 turn=2 cliT=2 myNo=0 afl=58000 cb=0 pb=0 subP=5 procN=10 actInf=0 menuF=0 tgtSel=0 resW=0 self=hp227/st0 pet=hp325/st0 validEnemy=3 fallback=15 delay=0 cmd=H|F heal[en=1 tf=3 c=87 p=87 a=87 mag=3 selfP=100/mx227 petP=100/mx325] | enemies=10:st0/hp0/mx0/df0/fn0/lv0/v0 11:st0/hp0/mx0/df0/fn0/lv0/v0 12:st0/hp0/mx0/df0/fn0/lv0/v0 13:st0/hp0/mx0/df0/fn0/lv0/v0 14:st0/hp0/mx0/df0/fn0/lv0/v0 15:st0/hp3/mx165/df0/fn4909D0/lv17/v1 16:st0/hp176/mx176/df0/fn4909D0/lv18/v1 17:st0/hp0/mx168/df0/fn0/lv17/v0 18:st0/hp158/mx158/df0/fn4909D0/lv17/v1 19:st0/hp0/mx0/df0/fn0/lv0/v0 
autobattle PET turn=2 myNo=0 row=0 si=0 seed=-2 target=15 validEnemy=3 minLv=17 pcEnable=0 cmd=W|0|F
autobattle tick cnt=3035 smto=1 res=0 battling=1 ctype=0 ptype=0
autobattle CHAR t=107904218 turn=3 cliT=3 myNo=0 afl=58000 cb=0 pb=0 subP=3 procN=10 actInf=3 menuF=0 tgtSel=0 resW=0 self=hp227/st0 pet=hp313/st0 validEnemy=1 fallback=16 delay=0 cmd=H|10 heal[en=1 tf=3 c=87 p=87 a=87 mag=3 selfP=100/mx227 petP=96/mx325] | enemies=10:st0/hp0/mx0/df0/fn0/lv0/v0 11:st0/hp0/mx0/df0/fn0/lv0/v0 12:st0/hp0/mx0/df0/fn0/lv0/v0 13:st0/hp0/mx0/df0/fn0/lv0/v0 14:st0/hp0/mx0/df0/fn0/lv0/v0 15:st0/hp0/mx165/df0/fn4909D0/lv17/v0 16:st0/hp41/mx176/df0/fn4909D0/lv18/v1 17:st0/hp0/mx168/df0/fn0/lv17/v0 18:st0/hp0/mx158/df0/fn4909D0/lv17/v0 19:st0/hp0/mx0/df0/fn0/lv0/v0 
autobattle PET turn=3 myNo=0 row=0 si=0 seed=-2 target=16 validEnemy=1 minLv=18 pcEnable=0 cmd=W|0|10
autobattle tick cnt=3052 smto=1 res=0 battling=1 ctype=0 ptype=0
autobattle tick cnt=3064 smto=1 res=0 battling=1 ctype=0 ptype=0
autobattle CHAR t=107909656 turn=0 cliT=0 myNo=0 afl=38000 cb=0 pb=0 subP=3 procN=10 actInf=0 menuF=0 tgtSel=0 resW=0 self=hp227/st0 pet=hp313/st0 validEnemy=3 fallback=17 delay=0 cmd=H|11 heal[en=1 tf=3 c=87 p=87 a=87 mag=3 selfP=100/mx227 petP=96/mx325] | enemies=10:st0/hp0/mx0/df0/fn0/lv0/v0 11:st0/hp0/mx0/df0/fn0/lv0/v0 12:st0/hp0/mx0/df0/fn0/lv0/v0 13:st0/hp0/mx0/df0/fn0/lv0/v0 14:st0/hp0/mx0/df0/fn0/lv0/v0 15:st0/hp165/mx165/df0/fn4909D0/lv17/v1 16:st0/hp154/mx154/df0/fn4909D0/lv16/v1 17:st0/hp204/mx204/df0/fn4909D0/lv20/v1 18:st0/hp0/mx0/df0/fn0/lv0/v0 19:st0/hp0/mx0/df0/fn0/lv0/v0 
autobattle PET turn=0 myNo=0 row=0 si=0 seed=-2 target=17 validEnemy=3 minLv=16 pcEnable=0 cmd=W|0|11
autobattle CHAR t=107910515 turn=1 cliT=1 myNo=0 afl=38000 cb=0 pb=0 subP=5 procN=10 actInf=0 menuF=0 tgtSel=0 resW=0 self=hp227/st0 pet=hp313/st0 validEnemy=2 fallback=15 delay=0 cmd=H|F heal[en=1 tf=3 c=87 p=87 a=87 mag=3 selfP=100/mx227 petP=96/mx325] | enemies=10:st0/hp0/mx0/df0/fn0/lv0/v0 11:st0/hp0/mx0/df0/fn0/lv0/v0 12:st0/hp0/mx0/df0/fn0/lv0/v0 13:st0/hp0/mx0/df0/fn0/lv0/v0 14:st0/hp0/mx0/df0/fn0/lv0/v0 15:st0/hp165/mx165/df0/fn4909D0/lv17/v1 16:st0/hp154/mx154/df0/fn4909D0/lv16/v1 17:st0/hp0/mx204/df0/fn4909D0/lv20/v0 18:st0/hp0/mx0/df0/fn0/lv0/v0 19:st0/hp0/mx0/df0/fn0/lv0/v0 
autobattle PET turn=1 myNo=0 row=0 si=0 seed=-2 target=15 validEnemy=2 minLv=16 pcEnable=0 cmd=W|0|F
autobattle tick cnt=3081 smto=1 res=0 battling=1 ctype=0 ptype=0
autobattle CHAR t=107911453 turn=2 cliT=2 myNo=0 afl=30000 cb=0 pb=0 subP=5 procN=10 actInf=0 menuF=0 tgtSel=0 resW=0 self=hp227/st0 pet=hp313/st0 validEnemy=1 fallback=16 delay=0 cmd=H|10 heal[en=1 tf=3 c=87 p=87 a=87 mag=3 selfP=100/mx227 petP=96/mx325] | enemies=10:st0/hp0/mx0/df0/fn0/lv0/v0 11:st0/hp0/mx0/df0/fn0/lv0/v0 12:st0/hp0/mx0/df0/fn0/lv0/v0 13:st0/hp0/mx0/df0/fn0/lv0/v0 14:st0/hp0/mx0/df0/fn0/lv0/v0 15:st0/hp0/mx165/df0/fn0/lv17/v0 16:st0/hp154/mx154/df0/fn4909D0/lv16/v1 17:st0/hp0/mx204/df0/fn4909D0/lv20/v0 18:st0/hp0/mx0/df0/fn0/lv0/v0 19:st0/hp0/mx0/df0/fn0/lv0/v0 
autobattle PET turn=2 myNo=0 row=0 si=0 seed=-2 target=16 validEnemy=1 minLv=16 pcEnable=0 cmd=W|0|10
autobattle tick cnt=3097 smto=1 res=0 battling=1 ctype=0 ptype=0
autobattle tick cnt=3106 smto=1 res=0 battling=1 ctype=0 ptype=0
autobattle CHAR t=107914640 turn=0 cliT=0 myNo=0 afl=78000 cb=0 pb=0 subP=3 procN=10 actInf=0 menuF=0 tgtSel=0 resW=0 self=hp227/st0 pet=hp313/st0 validEnemy=4 fallback=17 delay=0 cmd=H|11 heal[en=1 tf=3 c=87 p=87 a=87 mag=3 selfP=100/mx227 petP=96/mx325] | enemies=10:st0/hp0/mx0/df0/fn0/lv0/v0 11:st0/hp0/mx0/df0/fn0/lv0/v0 12:st0/hp0/mx0/df0/fn0/lv0/v0 13:st0/hp0/mx0/df0/fn0/lv0/v0 14:st0/hp0/mx0/df0/fn0/lv0/v0 15:st0/hp148/mx148/df0/fn4909D0/lv15/v1 16:st0/hp158/mx158/df0/fn4909D0/lv15/v1 17:st0/hp181/mx181/df0/fn4909D0/lv17/v1 18:st0/hp183/mx183/df0/fn4909D0/lv18/v1 19:st0/hp0/mx0/df0/fn0/lv0/v0 
autobattle PET turn=0 myNo=0 row=0 si=0 seed=-2 target=17 validEnemy=4 minLv=15 pcEnable=0 cmd=W|0|11
autobattle tick cnt=3123 smto=1 res=0 battling=1 ctype=0 ptype=0
autobattle CHAR t=107916125 turn=1 cliT=1 myNo=0 afl=78000 cb=0 pb=0 subP=5 procN=10 actInf=0 menuF=0 tgtSel=0 resW=0 self=hp226/st0 pet=hp311/st0 validEnemy=3 fallback=15 delay=0 cmd=H|F heal[en=1 tf=3 c=87 p=87 a=87 mag=3 selfP=99/mx227 petP=95/mx325] | enemies=10:st0/hp0/mx0/df0/fn0/lv0/v0 11:st0/hp0/mx0/df0/fn0/lv0/v0 12:st0/hp0/mx0/df0/fn0/lv0/v0 13:st0/hp0/mx0/df0/fn0/lv0/v0 14:st0/hp0/mx0/df0/fn0/lv0/v0 15:st0/hp148/mx148/df0/fn4909D0/lv15/v1 16:st0/hp158/mx158/df0/fn4909D0/lv15/v1 17:st0/hp0/mx181/df0/fn4909D0/lv17/v0 18:st0/hp183/mx183/df0/fn4909D0/lv18/v1 19:st0/hp0/mx0/df0/fn0/lv0/v0 
autobattle PET turn=1 myNo=0 row=0 si=0 seed=-2 target=15 validEnemy=3 minLv=15 pcEnable=0 cmd=W|0|F
autobattle tick cnt=3140 smto=1 res=0 battling=1 ctype=0 ptype=0
autobattle CHAR t=107917109 turn=2 cliT=2 myNo=0 afl=70000 cb=0 pb=0 subP=4 procN=10 actInf=0 menuF=0 tgtSel=0 resW=0 self=hp226/st0 pet=hp311/st0 validEnemy=2 fallback=16 delay=0 cmd=H|10 heal[en=1 tf=3 c=87 p=87 a=87 mag=3 selfP=99/mx227 petP=95/mx325] | enemies=10:st0/hp0/mx0/df0/fn0/lv0/v0 11:st0/hp0/mx0/df0/fn0/lv0/v0 12:st0/hp0/mx0/df0/fn0/lv0/v0 13:st0/hp0/mx0/df0/fn0/lv0/v0 14:st0/hp0/mx0/df0/fn0/lv0/v0 15:st0/hp0/mx148/df0/fn0/lv15/v0 16:st0/hp158/mx158/df0/fn4909D0/lv15/v1 17:st0/hp0/mx181/df0/fn4909D0/lv17/v0 18:st0/hp183/mx183/df0/fn4909D0/lv18/v1 19:st0/hp0/mx0/df0/fn0/lv0/v0 
autobattle PET turn=2 myNo=0 row=0 si=0 seed=-2 target=16 validEnemy=2 minLv=15 pcEnable=0 cmd=W|0|10
autobattle tick cnt=3157 smto=1 res=0 battling=1 ctype=0 ptype=0
autobattle CHAR t=107918031 turn=3 cliT=3 myNo=0 afl=60000 cb=0 pb=0 subP=5 procN=10 actInf=0 menuF=0 tgtSel=0 resW=0 self=hp226/st0 pet=hp294/st0 validEnemy=1 fallback=18 delay=0 cmd=H|12 heal[en=1 tf=3 c=87 p=87 a=87 mag=3 selfP=99/mx227 petP=90/mx325] | enemies=10:st0/hp0/mx0/df0/fn0/lv0/v0 11:st0/hp0/mx0/df0/fn0/lv0/v0 12:st0/hp0/mx0/df0/fn0/lv0/v0 13:st0/hp0/mx0/df0/fn0/lv0/v0 14:st0/hp0/mx0/df0/fn0/lv0/v0 15:st0/hp0/mx148/df0/fn0/lv15/v0 16:st0/hp0/mx158/df0/fn0/lv15/v0 17:st0/hp0/mx181/df0/fn4909D0/lv17/v0 18:st0/hp183/mx183/df0/fn4909D0/lv18/v1 19:st0/hp0/mx0/df0/fn0/lv0/v0 
autobattle PET turn=3 myNo=0 row=0 si=0 seed=-2 target=18 validEnemy=1 minLv=18 pcEnable=0 cmd=W|0|12
autobattle tick cnt=3174 smto=1 res=0 battling=1 ctype=0 ptype=0
autobattle CHAR t=107920984 turn=0 cliT=0 myNo=0 afl=8000 cb=0 pb=0 subP=3 procN=10 actInf=0 menuF=0 tgtSel=0 resW=0 self=hp226/st0 pet=hp294/st0 validEnemy=1 fallback=15 delay=0 cmd=H|F heal[en=1 tf=3 c=87 p=87 a=87 mag=3 selfP=99/mx227 petP=90/mx325] | enemies=10:st0/hp0/mx0/df0/fn0/lv0/v0 11:st0/hp0/mx0/df0/fn0/lv0/v0 12:st0/hp0/mx0/df0/fn0/lv0/v0 13:st0/hp0/mx0/df0/fn0/lv0/v0 14:st0/hp0/mx0/df0/fn0/lv0/v0 15:st0/hp178/mx178/df0/fn4909D0/lv16/v1 16:st0/hp0/mx0/df0/fn0/lv0/v0 17:st0/hp0/mx0/df0/fn0/lv0/v0 18:st0/hp0/mx0/df0/fn0/lv0/v0 19:st0/hp0/mx0/df0/fn0/lv0/v0 
autobattle PET turn=0 myNo=0 row=0 si=0 seed=-2 target=15 validEnemy=1 minLv=16 pcEnable=0 cmd=W|0|F
autobattle tick cnt=3189 smto=1 res=0 battling=1 ctype=0 ptype=0
autobattle CHAR t=107925125 turn=0 cliT=0 myNo=0 afl=78000 cb=0 pb=0 subP=3 procN=10 actInf=0 menuF=0 tgtSel=0 resW=0 self=hp226/st0 pet=hp294/st0 validEnemy=4 fallback=17 delay=0 cmd=H|11 heal[en=1 tf=3 c=87 p=87 a=87 mag=3 selfP=99/mx227 petP=90/mx325] | enemies=10:st0/hp0/mx0/df0/fn0/lv0/v0 11:st0/hp0/mx0/df0/fn0/lv0/v0 12:st0/hp0/mx0/df0/fn0/lv0/v0 13:st0/hp0/mx0/df0/fn0/lv0/v0 14:st0/hp0/mx0/df0/fn0/lv0/v0 15:st0/hp176/mx176/df0/fn4909D0/lv19/v1 16:st0/hp160/mx160/df0/fn4909D0/lv16/v1 17:st0/hp173/mx173/df0/fn4909D0/lv20/v1 18:st0/hp167/mx167/df0/fn4909D0/lv18/v1 19:st0/hp0/mx0/df0/fn0/lv0/v0 
autobattle PET turn=0 myNo=0 row=0 si=0 seed=-2 target=17 validEnemy=4 minLv=16 pcEnable=0 cmd=W|0|11
autobattle tick cnt=3206 smto=1 res=0 battling=1 ctype=0 ptype=0
autobattle CHAR t=107926656 turn=1 cliT=1 myNo=0 afl=78000 cb=0 pb=0 subP=5 procN=10 actInf=0 menuF=0 tgtSel=0 resW=0 self=hp225/st0 pet=hp288/st0 validEnemy=4 fallback=17 delay=0 cmd=H|11 heal[en=1 tf=3 c=87 p=87 a=87 mag=3 selfP=99/mx227 petP=88/mx325] | enemies=10:st0/hp0/mx0/df0/fn0/lv0/v0 11:st0/hp0/mx0/df0/fn0/lv0/v0 12:st0/hp0/mx0/df0/fn0/lv0/v0 13:st0/hp0/mx0/df0/fn0/lv0/v0 14:st0/hp0/mx0/df0/fn0/lv0/v0 15:st0/hp176/mx176/df0/fn4909D0/lv19/v1 16:st0/hp160/mx160/df0/fn4909D0/lv16/v1 17:st0/hp98/mx173/df0/fn4909D0/lv20/v1 18:st0/hp167/mx167/df0/fn4909D0/lv18/v1 19:st0/hp0/mx0/df0/fn0/lv0/v0 
autobattle PET turn=1 myNo=0 row=0 si=0 seed=-2 target=17 validEnemy=4 minLv=16 pcEnable=0 cmd=W|0|11
autobattle tick cnt=3223 smto=1 res=0 battling=1 ctype=0 ptype=0
autobattle CHAR t=107927703 turn=2 cliT=2 myNo=0 afl=58000 cb=0 pb=0 subP=5 procN=10 actInf=0 menuF=0 tgtSel=0 resW=0 self=hp224/st0 pet=hp288/st0 validEnemy=3 fallback=15 delay=0 cmd=H|F heal[en=1 tf=3 c=87 p=87 a=87 mag=3 selfP=98/mx227 petP=88/mx325] | enemies=10:st0/hp0/mx0/df0/fn0/lv0/v0 11:st0/hp0/mx0/df0/fn0/lv0/v0 12:st0/hp0/mx0/df0/fn0/lv0/v0 13:st0/hp0/mx0/df0/fn0/lv0/v0 14:st0/hp0/mx0/df0/fn0/lv0/v0 15:st0/hp176/mx176/df0/fn4909D0/lv19/v1 16:st0/hp160/mx160/df0/fn4909D0/lv16/v1 17:st0/hp0/mx173/df0/fn0/lv20/v0 18:st0/hp167/mx167/df0/fn4909D0/lv18/v1 19:st0/hp0/mx0/df0/fn0/lv0/v0 
autobattle PET turn=2 myNo=0 row=0 si=0 seed=-2 target=15 validEnemy=3 minLv=16 pcEnable=0 cmd=W|0|F
autobattle tick cnt=3240 smto=1 res=0 battling=1 ctype=0 ptype=0
autobattle CHAR t=107928750 turn=3 cliT=3 myNo=0 afl=50000 cb=0 pb=0 subP=5 procN=10 actInf=0 menuF=0 tgtSel=0 resW=0 self=hp224/st0 pet=hp288/st0 validEnemy=2 fallback=16 delay=0 cmd=H|10 heal[en=1 tf=3 c=87 p=87 a=87 mag=3 selfP=98/mx227 petP=88/mx325] | enemies=10:st0/hp0/mx0/df0/fn0/lv0/v0 11:st0/hp0/mx0/df0/fn0/lv0/v0 12:st0/hp0/mx0/df0/fn0/lv0/v0 13:st0/hp0/mx0/df0/fn0/lv0/v0 14:st0/hp0/mx0/df0/fn0/lv0/v0 15:st0/hp0/mx176/df0/fn0/lv19/v0 16:st0/hp160/mx160/df0/fn4909D0/lv16/v1 17:st0/hp0/mx173/df0/fn0/lv20/v0 18:st0/hp167/mx167/df0/fn4909D0/lv18/v1 19:st0/hp0/mx0/df0/fn0/lv0/v0 
autobattle PET turn=3 myNo=0 row=0 si=0 seed=-2 target=16 validEnemy=2 minLv=16 pcEnable=0 cmd=W|0|10
autobattle tick cnt=3257 smto=1 res=0 battling=1 ctype=0 ptype=0
autobattle CHAR t=107929796 turn=4 cliT=4 myNo=0 afl=40000 cb=0 pb=0 subP=5 procN=10 actInf=0 menuF=0 tgtSel=0 resW=0 self=hp223/st0 pet=hp288/st0 validEnemy=1 fallback=18 delay=0 cmd=H|12 heal[en=1 tf=3 c=87 p=87 a=87 mag=3 selfP=98/mx227 petP=88/mx325] | enemies=10:st0/hp0/mx0/df0/fn0/lv0/v0 11:st0/hp0/mx0/df0/fn0/lv0/v0 12:st0/hp0/mx0/df0/fn0/lv0/v0 13:st0/hp0/mx0/df0/fn0/lv0/v0 14:st0/hp0/mx0/df0/fn0/lv0/v0 15:st0/hp0/mx176/df0/fn0/lv19/v0 16:st0/hp0/mx160/df0/fn0/lv16/v0 17:st0/hp0/mx173/df0/fn0/lv20/v0 18:st0/hp79/mx167/df0/fn4909D0/lv18/v1 19:st0/hp0/mx0/df0/fn0/lv0/v0 
autobattle PET turn=4 myNo=0 row=0 si=0 seed=-2 target=18 validEnemy=1 minLv=18 pcEnable=0 cmd=W|0|12
autobattle tick cnt=3274 smto=1 res=0 battling=1 ctype=0 ptype=0
autobattle tick cnt=3280 smto=1 res=0 battling=1 ctype=0 ptype=0
autobattle CHAR t=107932375 turn=0 cliT=0 myNo=0 afl=F8000 cb=0 pb=0 subP=3 procN=10 actInf=0 menuF=0 tgtSel=0 resW=0 self=hp223/st0 pet=hp288/st0 validEnemy=5 fallback=19 delay=0 cmd=H|13 heal[en=1 tf=3 c=87 p=87 a=87 mag=3 selfP=98/mx227 petP=88/mx325] | enemies=10:st0/hp0/mx0/df0/fn0/lv0/v0 11:st0/hp0/mx0/df0/fn0/lv0/v0 12:st0/hp0/mx0/df0/fn0/lv0/v0 13:st0/hp0/mx0/df0/fn0/lv0/v0 14:st0/hp0/mx0/df0/fn0/lv0/v0 15:st0/hp185/mx185/df0/fn4909D0/lv18/v1 16:st0/hp165/mx165/df0/fn4909D0/lv17/v1 17:st0/hp148/mx148/df0/fn4909D0/lv16/v1 18:st0/hp174/mx174/df0/fn4909D0/lv18/v1 19:st0/hp162/mx162/df0/fn4909D0/lv16/v1 
autobattle PET turn=0 myNo=0 row=0 si=0 seed=-2 target=19 validEnemy=5 minLv=16 pcEnable=0 cmd=W|0|13
autobattle tick cnt=3297 smto=1 res=0 battling=1 ctype=0 ptype=0
autobattle CHAR t=107933796 turn=1 cliT=1 myNo=0 afl=78000 cb=0 pb=0 subP=5 procN=10 actInf=0 menuF=0 tgtSel=0 resW=0 self=hp220/st0 pet=hp288/st0 validEnemy=4 fallback=17 delay=0 cmd=H|11 heal[en=1 tf=3 c=87 p=87 a=87 mag=3 selfP=96/mx227 petP=88/mx325] | enemies=10:st0/hp0/mx0/df0/fn0/lv0/v0 11:st0/hp0/mx0/df0/fn0/lv0/v0 12:st0/hp0/mx0/df0/fn0/lv0/v0 13:st0/hp0/mx0/df0/fn0/lv0/v0 14:st0/hp0/mx0/df0/fn0/lv0/v0 15:st0/hp185/mx185/df0/fn4909D0/lv18/v1 16:st0/hp165/mx165/df0/fn4909D0/lv17/v1 17:st0/hp148/mx148/df0/fn4909D0/lv16/v1 18:st0/hp174/mx174/df0/fn4909D0/lv18/v1 19:st0/hp0/mx162/df0/fn0/lv16/v0 
autobattle PET turn=1 myNo=0 row=0 si=0 seed=-2 target=17 validEnemy=4 minLv=16 pcEnable=0 cmd=W|0|11
autobattle tick cnt=3314 smto=1 res=0 battling=1 ctype=0 ptype=0
autobattle CHAR t=107935328 turn=2 cliT=2 myNo=0 afl=78000 cb=0 pb=0 subP=5 procN=10 actInf=0 menuF=0 tgtSel=0 resW=0 self=hp220/st0 pet=hp288/st0 validEnemy=4 fallback=17 delay=0 cmd=H|11 heal[en=1 tf=3 c=87 p=87 a=87 mag=3 selfP=96/mx227 petP=88/mx325] | enemies=10:st0/hp0/mx0/df0/fn0/lv0/v0 11:st0/hp0/mx0/df0/fn0/lv0/v0 12:st0/hp0/mx0/df0/fn0/lv0/v0 13:st0/hp0/mx0/df0/fn0/lv0/v0 14:st0/hp0/mx0/df0/fn0/lv0/v0 15:st0/hp185/mx185/df0/fn4909D0/lv18/v1 16:st0/hp165/mx165/df0/fn4909D0/lv17/v1 17:st0/hp35/mx148/df0/fn4909D0/lv16/v1 18:st0/hp112/mx174/df0/fn4909D0/lv18/v1 19:st0/hp0/mx162/df0/fn0/lv16/v0 
autobattle PET turn=2 myNo=0 row=0 si=0 seed=-2 target=17 validEnemy=4 minLv=16 pcEnable=0 cmd=W|0|11
autobattle tick cnt=3331 smto=1 res=0 battling=1 ctype=0 ptype=0
autobattle tick cnt=3348 smto=1 res=0 battling=1 ctype=0 ptype=0
autobattle CHAR t=107936562 turn=3 cliT=3 myNo=0 afl=78000 cb=0 pb=0 subP=5 procN=10 actInf=0 menuF=0 tgtSel=0 resW=0 self=hp220/st0 pet=hp288/st0 validEnemy=3 fallback=15 delay=0 cmd=H|F heal[en=1 tf=3 c=87 p=87 a=87 mag=3 selfP=96/mx227 petP=88/mx325] | enemies=10:st0/hp0/mx0/df0/fn0/lv0/v0 11:st0/hp0/mx0/df0/fn0/lv0/v0 12:st0/hp0/mx0/df0/fn0/lv0/v0 13:st0/hp0/mx0/df0/fn0/lv0/v0 14:st0/hp0/mx0/df0/fn0/lv0/v0 15:st0/hp185/mx185/df0/fn4909D0/lv18/v1 16:st0/hp165/mx165/df0/fn4909D0/lv17/v1 17:st0/hp0/mx148/df0/fn4909D0/lv16/v0 18:st0/hp112/mx174/df0/fn4909D0/lv18/v1 19:st0/hp0/mx162/df0/fn0/lv16/v0 
autobattle PET turn=3 myNo=0 row=0 si=0 seed=-2 target=15 validEnemy=3 minLv=17 pcEnable=0 cmd=W|0|F
autobattle tick cnt=3365 smto=1 res=0 battling=1 ctype=0 ptype=0
autobattle CHAR t=107937781 turn=4 cliT=4 myNo=0 afl=78000 cb=0 pb=0 subP=5 procN=10 actInf=0 menuF=0 tgtSel=0 resW=0 self=hp219/st0 pet=hp282/st0 validEnemy=2 fallback=16 delay=0 cmd=J|0|14 heal[en=1 tf=3 c=87 p=87 a=87 mag=3 selfP=96/mx227 petP=86/mx325] | enemies=10:st0/hp0/mx0/df0/fn0/lv0/v0 11:st0/hp0/mx0/df0/fn0/lv0/v0 12:st0/hp0/mx0/df0/fn0/lv0/v0 13:st0/hp0/mx0/df0/fn0/lv0/v0 14:st0/hp0/mx0/df0/fn0/lv0/v0 15:st0/hp0/mx185/df0/fn4909D0/lv18/v0 16:st0/hp165/mx165/df0/fn4909D0/lv17/v1 17:st0/hp0/mx148/df0/fn4909D0/lv16/v0 18:st0/hp112/mx174/df0/fn4909D0/lv18/v1 19:st0/hp0/mx162/df0/fn0/lv16/v0 
autobattle PET turn=4 myNo=0 row=0 si=0 seed=-2 target=16 validEnemy=2 minLv=17 pcEnable=0 cmd=W|0|10
